2620	Kowen Forest	ACT	-35.4404	149.2114
2620	Oaks Estate	ACT	-35.34	149.228
2620	Hume	ACT	-35.3855	149.1658
2620	Tharwa	ACT	-35.5167	149.0667
2620	Williamsdale	ACT	-35.4404	149.2114
2620	Top Naas	ACT	-35.4404	149.2114
2620	Paddys River	ACT	-35.4404	149.2114
2620	Kowen	ACT	-35.3129	149.3162
2620	Beard	ACT	-35.3422	149.2101
2611	Waramanga	ACT	-35.353	149.0621
2611	Weston	ACT	-35.3358	149.0593
2611	Denman Prospect	ACT	-35.2996	149.0207
2611	Stirling	ACT	-35.3497	149.0493
2611	Fisher	ACT	-35.3613	149.057
2611	Rivett	ACT	-35.3471	149.0379
2611	Coombs	ACT	-35.3163	149.0394
2611	Duffy	ACT	-35.3346	149.0319
2611	Chapman	ACT	-35.3562	149.0374
2611	Molonglo	ACT	-35.3333	149.1833
2611	Pierces Creek	ACT	-35.3497	148.9986
2611	Uriarra Village	ACT	-35.2947	148.9256
2611	Wright	ACT	-35.3224	149.0346
2611	Coree	ACT	-35.2794	148.9194
2611	Mount Stromlo	ACT	-35.3497	148.9986
2611	Uriarra Forest	ACT	-35.3497	148.9986
2611	Weston Creek	ACT	-35.3333	149.05
2611	Whitlam	ACT	-35.3497	148.9986
2611	Stromlo	ACT	-35.3255	148.9993
2611	Holder	ACT	-35.3344	149.0461
2600	Russell Hill	ACT	-35.307	149.139
2600	Russell	ACT	-35.2977	149.151
2600	Parliament House	ACT	-35.307	149.139
2600	Yarralumla	ACT	-35.2998	149.1058
2600	Parkes	ACT	-35.3018	149.1304
2600	Barton	ACT	-35.3049	149.1412
2600	Hmas Harman	ACT	-35.307	149.139
2600	Fairbairn Raaf	ACT	-35.307	149.139
2600	Canberra	ACT	-35.2835	149.1281
2600	Deakin West	ACT	-35.307	149.139
2600	Harman	ACT	-35.35	149.2
2600	Capital Hill	ACT	-35.3066	149.1246
2600	Deakin	ACT	-35.3193	149.1031
2600	Duntroon	ACT	-35.3	149.1667
2601	City	ACT	-35.2813	149.1293
2601	Acton	ACT	-35.2777	149.1183
2601	Black Mountain	ACT	-35.2808	149.1252
2601	Canberra	ACT	-35.2835	149.1281
2602	Watson	ACT	-35.2381	149.1527
2602	O’Connor	ACT	-35.2488	149.141
2602	Hackett	ACT	-35.2495	149.1635
2602	Lyneham	ACT	-35.2398	149.1307
2602	Ainslie	ACT	-35.2625	149.1437
2602	O'Connor	ACT	-35.2564	149.1125
2602	Downer	ACT	-35.2446	149.1447
2602	Dickson	ACT	-35.2508	149.1393
2603	Red Hill	ACT	-35.3262	149.1191
2603	Forrest	ACT	-35.315	149.1286
2603	Manuka	ACT	-35.3222	149.1283
2603	Griffith	ACT	-35.3253	149.1371
2604	Narrabundah	ACT	-35.3357	149.1492
2604	Causeway	ACT	-35.3151	149.1512
2604	Kingston	ACT	-35.3152	149.1466
2605	Hughes	ACT	-35.3327	149.0949
2605	Curtin	ACT	-35.3246	149.0776
2605	Garran	ACT	-35.3421	149.1085
2606	Phillip	ACT	-35.3503	149.0915
2606	Woden	ACT	-35.3492	149.0888
2606	Swinger Hill	ACT	-35.3492	149.0888
2606	Lyons	ACT	-35.3406	149.074
2606	O’Malley	ACT	-35.3492	149.0888
2606	Chifley	ACT	-35.3534	149.0768
2606	Phillip Dc	ACT	-35.3492	149.0888
2606	O'Malley	ACT	-35.3525	149.1128
2607	Farrer	ACT	-35.3767	149.105
2607	Torrens	ACT	-35.372	149.0877
2607	Isaacs	ACT	-35.3686	149.1156
2607	Mawson	ACT	-35.3634	149.0986
2607	Pearce	ACT	-35.3622	149.0834
2608	Civic Square	ACT	-35.312	149.1294
2609	Majura	ACT	-35.2667	149.2
2609	Fyshwick	ACT	-35.3333	149.1667
2609	Canberra Airport	ACT	-35.3179	149.1832
2609	Symonston	ACT	-35.3516	149.1592
2609	Canberra International Airport	ACT	-35.3179	149.1832
2609	Pialligo	ACT	-35.3201	149.207
2610	Canberra Mc	ACT	-35.27	149.0452
2610	Canberra Bc	ACT	-35.27	149.0452
2612	Campbell	ACT	-35.2891	149.1538
2612	Braddon	ACT	-35.2708	149.1357
2612	Turner	ACT	-35.2688	149.1247
2612	Reid	ACT	-35.2858	149.1391
2614	Scullin	ACT	-35.2346	149.039
2614	Hawker	ACT	-35.2471	149.0367
2614	Cook	ACT	-35.2601	149.0657
2614	Macquarie	ACT	-35.2513	149.0636
2614	Aranda	ACT	-35.2582	149.0804
2614	Jamison Centre	ACT	-35.2486	149.055
2614	Page	ACT	-35.2386	149.0499
2614	Weetangera	ACT	-35.25	149.05
2615	Florey	ACT	-35.2259	149.05
2615	Melba	ACT	-35.2102	149.0541
2615	Latham	ACT	-35.2165	149.0314
2615	Dunlop	ACT	-35.194	149.0198
2615	Spence	ACT	-35.1987	149.0644
2615	Macgregor	ACT	-35.2098	149.011
2615	Holt	ACT	-35.2244	149.0119
2615	Macnamara	ACT	-35.21	149.0357
2615	Flynn	ACT	-35.2059	149.0439
2615	Kippax	ACT	-35.21	149.0357
2615	Charnwood	ACT	-35.2002	149.0341
2615	Kippax Centre	ACT	-35.21	149.0357
2615	Fraser	ACT	-35.1917	149.0453
2615	Strathnairn	ACT	-35.21	149.0357
2615	Higgins	ACT	-35.2324	149.0272
2616	Belconnen	ACT	-35.238	149.0663
2617	University Of Canberra	ACT	-35.2235	149.0863
2617	Belconnen	ACT	-35.238	149.0663
2617	Belconnen Dc	ACT	-35.2235	149.0863
2617	Giralang	ACT	-35.2109	149.096
2617	Lawson	ACT	-35.2241	149.0998
2617	Evatt	ACT	-35.2119	149.0689
2617	Kaleen	ACT	-35.2181	149.1052
2617	Bruce	ACT	-35.2441	149.0908
2617	Mckellar	ACT	-35.2175	149.077
2618	Hall	ACT	-35.1685	149.0683
2900	Tuggeranong	ACT	-35.4165	149.0695
2900	Greenway	ACT	-35.4183	149.0666
2901	Tuggeranong Dc	ACT	-35.4247	149.0982
2902	Kambah Village	ACT	-35.3862	149.058
2902	Kambah	ACT	-35.3862	149.058
2903	Oxley	ACT	-35.4095	149.0786
2903	Erindale Centre	ACT	-35.4037	149.0847
2903	Wanniassa	ACT	-35.3978	149.0909
2904	Fadden	ACT	-35.405	149.1166
2904	Monash	ACT	-35.4158	149.0906
2904	Gowrie	ACT	-35.4119	149.109
2904	Macarthur	ACT	-35.4089	149.127
2905	Chisholm	ACT	-35.4125	149.1283
2905	Isabella Plains	ACT	-35.4283	149.088
2905	Theodore	ACT	-35.4496	149.1197
2905	Calwell	ACT	-35.4404	149.1071
2905	Gilmore	ACT	-35.4199	149.1348
2905	Richardson	ACT	-35.4279	149.1138
2905	Bonython	ACT	-35.4333	149.0782
2906	Banks	ACT	-35.4719	149.0997
2906	Gordon	ACT	-35.4568	149.085
2906	Conder	ACT	-35.4593	149.1042
2911	Mitchell	ACT	-35.217	149.137
2911	Crace	ACT	-35.2028	149.1074
2911	Kenny	ACT	-35.2283	149.1533
2912	Gungahlin	ACT	-35.1867	149.1362
2913	Casey	ACT	-35.167	149.0947
2913	Palmerston	ACT	-35.1945	149.1194
2913	Ginninderra Village	ACT	-35.1783	149.1124
2913	Nicholls	ACT	-35.1873	149.0965
2913	Taylor	ACT	-35.1489	149.1092
2913	Ngunnawal	ACT	-35.1728	149.1115
2913	Franklin	ACT	-35.1995	149.1433
2914	Throsby	ACT	-35.1865	149.1621
2914	Forde	ACT	-35.1682	149.1461
2914	Moncrieff	ACT	-35.1651	149.1179
2914	Bonner	ACT	-35.1623	149.1386
2914	Jacka	ACT	-35.1568	149.1288
2914	Harrison	ACT	-35.1991	149.1563
2914	Amaroo	ACT	-35.1696	149.128
2540	Hmas Creswell	ACT	-35.0036	150.586
2540	Jervis Bay	ACT	-35.0036	150.586
2540	Wreck Bay	ACT	-35.0036	150.586
1405	Chullora	NSW	-33.8923	151.0473
1874	Moorebank	NSW	-33.9437	150.9566
2641	Hamilton Valley	NSW	-36.0379	146.9177
2641	Lavington Dc	NSW	-36.0362	146.935
2641	Lavington	NSW	-36.0398	146.9396
2641	Springdale Heights	NSW	-36.031	146.9478
2708	Albury Msc	NSW	-34.7062	146.4742
3691	Lake Hume Village	NSW	-36.2676	147.0798
2351	University Of New England	NSW	-30.7539	151.1366
2369	Tingha	NSW	-29.9559	151.2125
2369	Old Mill	NSW	-29.9196	151.2146
2369	Stannifer	NSW	-29.8833	151.2167
2370	Dundee	NSW	-29.5724	151.8663
2370	Matheson	NSW	-29.7383	151.574
2370	Kookabookra	NSW	-30.0333	152.0667
2370	Spring Mountain	NSW	-28.5973	153.4457
2370	Glen Innes	NSW	-29.7349	151.7385
2370	Bald Nob	NSW	-29.6574	151.9586
2370	Moggs Swamp	NSW	-29.9475	152.0668
2370	Red Range	NSW	-29.7757	151.8966
2370	Glen Elgin	NSW	-29.5833	152.1167
2370	Swan Vale	NSW	-29.7734	151.4663
2370	Shannon Vale	NSW	-29.6985	151.8679
2370	Newton Boyd	NSW	-29.7976	152.2659
2370	Gibraltar Range	NSW	-29.6666	151.9262
2370	Wellingrove	NSW	-29.6334	151.5692
2370	Lambs Valley	NSW	-29.6666	151.9262
2370	Diehard	NSW	-29.6666	151.9262
2370	Yarrowford	NSW	-29.65	151.7833
2370	Morven	NSW	-29.6666	151.9262
2370	Moogem	NSW	-29.6666	151.9262
2370	Pinkett	NSW	-29.6666	151.9262
2370	Stonehenge	NSW	-29.8164	151.7351
2370	Reddestone	NSW	-29.5565	151.673
2370	Kingsgate	NSW	-29.8006	152.0893
2370	Kingsland	NSW	-29.6666	151.9262
2370	Furracabad	NSW	-29.7818	151.6679
2370	Rangers Valley	NSW	-29.5167	151.75
2478	Coolgardie	NSW	-28.9115	153.4567
2478	Teven	NSW	-28.8167	153.5
2478	Ballina Dc	NSW	-28.8597	153.5354
2478	Pimlico Island	NSW	-28.8597	153.5354
2478	Pimlico	NSW	-28.9152	153.4846
2478	Ballina	NSW	-28.8641	153.5654
2478	Empire Vale	NSW	-28.9168	153.5153
2478	Kinvara	NSW	-28.7863	153.5189
2478	South Ballina	NSW	-28.8841	153.5616
2478	Tintenbar	NSW	-28.7988	153.522
2478	East Ballina	NSW	-28.8571	153.5874
2478	Lennox Head	NSW	-28.7913	153.592
2478	West Ballina	NSW	-28.862	153.5329
2478	Patchs Beach	NSW	-28.9474	153.5147
2478	Keith Hall	NSW	-28.8935	153.549
2478	Cumbalum	NSW	-28.8225	153.5284
2478	Skennars Head	NSW	-28.8289	153.6021
2479	Nashua	NSW	-28.7275	153.469
2479	Fernleigh	NSW	-28.7688	153.4985
2479	Knockrow	NSW	-28.7658	153.5371
2479	Newrybar	NSW	-28.7206	153.529
2479	Possum Creek	NSW	-28.6773	153.4958
2479	Binna Burra	NSW	-28.7016	153.4988
2479	Coorabell	NSW	-28.6333	153.4833
2479	Bangalow	NSW	-28.6863	153.5215
2479	St Helena	NSW	-28.7057	153.5176
2479	Brooklet	NSW	-28.7465	153.5087
2479	Mcleods Shoot	NSW	-28.6522	153.5585
2479	Coopers Shoot	NSW	-28.6828	153.593
2480	Tuckurimba	NSW	-28.9667	153.3167
2480	Federal	NSW	-28.6485	153.4512
2480	Wyrallah	NSW	-28.8893	153.2991
2480	Boat Harbour	NSW	-28.3167	153.35
2480	Bentley	NSW	-28.7793	153.1135
2480	Coffee Camp	NSW	-28.6569	153.2281
2480	Lismore Dc	NSW	-28.7493	153.2724
2480	Upper Coopers Creek	NSW	-28.5998	153.4011
2480	Steve Kings Plains	NSW	-28.7493	153.2724
2480	Tuntable Falls	NSW	-28.7493	153.2724
2480	Gundurimba	NSW	-28.85	153.2667
2480	Loftville	NSW	-28.8413	153.2536
2480	Leycester	NSW	-28.7833	153.2
2480	Chilcotts Grass	NSW	-28.8299	153.3357
2480	Blakebrook	NSW	-28.7603	153.2384
2480	Monaltrie	NSW	-28.8521	153.2906
2480	Terania Creek	NSW	-28.6186	153.2928
2480	Dorroughby	NSW	-28.6575	153.3547
2480	Nightcap	NSW	-28.7493	153.2724
2480	Whian Whian	NSW	-28.6396	153.3145
2480	Eureka	NSW	-28.6818	153.4346
2480	Boorabee Park	NSW	-28.6863	153.0489
2480	Corndale	NSW	-28.7091	153.3624
2480	Nimbin	NSW	-28.5954	153.2234
2480	South Lismore	NSW	-28.8163	153.2562
2480	Tullera	NSW	-28.7482	153.2915
2480	Mcleans Ridges	NSW	-28.8	153.3833
2480	The Channon	NSW	-28.6716	153.2797
2480	Tucki Tucki	NSW	-28.9333	153.3167
2480	Dunoon	NSW	-28.6846	153.3177
2480	Bungabbee	NSW	-28.7755	153.1501
2480	Clunes	NSW	-28.7312	153.4074
2480	Lismore	NSW	-28.8135	153.2773
2480	Rosebank	NSW	-28.6667	153.4
2480	Mckees Hill	NSW	-28.8833	153.2
2480	Stony Chute	NSW	-28.5817	153.1641
2480	Ruthven	NSW	-28.9339	153.2784
2480	Numulgi	NSW	-28.7233	153.327
2480	Mountain Top	NSW	-28.6126	153.1727
2480	Georgica	NSW	-28.6562	153.1803
2480	Goolmangar	NSW	-28.7508	153.2248
2480	Back Creek	NSW	-28.6031	153.0298
2480	Booyong	NSW	-28.746	153.4522
2480	Modanville	NSW	-28.7152	153.301
2480	Tregeagle	NSW	-28.8403	153.3487
2480	Blue Knob	NSW	-28.5448	153.1868
2480	South Gundurimba	NSW	-28.8852	153.2397
2480	North Lismore	NSW	-28.7888	153.2803
2480	Missingham	NSW	-28.7	153.0333
2480	Goonellabah	NSW	-28.8167	153.3167
2480	Clovass	NSW	-28.872	153.149
2480	Rock Valley	NSW	-28.7485	153.1679
2480	Lagoon Grass	NSW	-28.7944	153.3178
2480	Lindendale	NSW	-28.8282	153.3757
2480	Woodlawn	NSW	-28.7689	153.3188
2480	Larnook	NSW	-28.6516	153.1108
2480	Girards Hill	NSW	-28.8169	153.2779
2480	Howards Grass	NSW	-28.7917	153.306
2480	Fernside	NSW	-28.7818	153.1679
2480	Booerie Creek	NSW	-28.7825	153.2434
2480	Richmond Hill	NSW	-29.0581	153.2822
2480	Koonorigan	NSW	-28.6833	153.2333
2480	Lillian Rock	NSW	-28.5349	153.1585
2480	Repentance Creek	NSW	-28.6302	153.4075
2480	Tuntable Creek	NSW	-28.6321	153.2602
2480	Lismore Heights	NSW	-28.801	153.3005
2480	East Lismore	NSW	-28.8259	153.2888
2480	Dungarubba	NSW	-28.9833	153.3833
2480	Bexhill	NSW	-28.7499	153.35
2480	Eltham	NSW	-28.7596	153.4084
2480	Caniaba	NSW	-28.8302	153.2036
2480	Jiggi	NSW	-28.677	153.1843
2480	Marom Creek	NSW	-28.9015	153.3725
2480	Tuncester	NSW	-28.8	153.2167
2480	Keerrong	NSW	-28.7128	153.2658
2481	Suffolk Park	NSW	-28.6881	153.6098
2481	Myocum	NSW	-28.596	153.5061
2481	Talofa	NSW	-28.6541	153.577
2481	Ewingsdale	NSW	-28.6366	153.5533
2481	Tyagarah	NSW	-28.609	153.5557
2481	Broken Head	NSW	-28.7291	153.6087
2481	Byron Bay	NSW	-28.6499	153.6125
2481	Hayters Hill	NSW	-28.6541	153.577
2481	Skinners Shoot	NSW	-28.6703	153.5928
1455	Botany	NSW	-33.946	151.1959
1485	Kogarah	NSW	-33.9681	151.1356
2018	Rosebery	NSW	-33.9167	151.2
2018	Eastlakes	NSW	-33.932	151.2121
2019	Banksmeadow	NSW	-33.9566	151.2096
2019	Botany	NSW	-33.946	151.1959
2032	Kingsford	NSW	-33.924	151.2275
2032	Daceyville	NSW	-33.9288	151.2258
2035	Maroubra	NSW	-33.95	151.2333
2035	Maroubra South	NSW	-33.95	151.2333
2035	Pagewood	NSW	-33.9414	151.2109
2036	La Perouse	NSW	-33.9872	151.2317
2036	Matraville	NSW	-33.9634	151.2319
2036	Port Botany	NSW	-33.9745	151.2228
2036	Chifley	NSW	-33.967	151.2422
2036	Phillip Bay	NSW	-33.9816	151.234
2036	Little Bay	NSW	-33.979	151.243
2036	Malabar	NSW	-33.9622	151.248
2036	Hillsdale	NSW	-33.9515	151.2278
2036	Eastgardens	NSW	-33.9451	151.2258
2205	Turrella	NSW	-33.9303	151.1421
2205	Arncliffe	NSW	-33.9363	151.1482
2205	Wolli Creek	NSW	-33.9313	151.1522
2207	Bexley South	NSW	-33.9393	151.1232
2207	Bardwell Park	NSW	-33.9353	151.1257
2207	Bexley	NSW	-33.95	151.1167
2207	Bardwell Valley	NSW	-33.9334	151.1367
2207	Bexley North	NSW	-33.9385	151.1139
2208	Kingsway West	NSW	-33.9393	151.0993
2208	Kingsgrove	NSW	-33.9393	151.0993
2208	Kingsgrove Dc	NSW	-33.9393	151.0993
2216	Rockdale	NSW	-33.95	151.1333
2216	Kyeemagh	NSW	-33.9513	151.162
2216	Brighton Le Sands	NSW	-33.9601	151.1511
2216	Brighton-Le-Sands	NSW	-33.9601	151.1511
2216	Rockdale Dc	NSW	-33.9535	151.1481
2216	Banksia	NSW	-33.946	151.143
2218	Carlton	NSW	-33.9711	151.1214
2218	Allawah	NSW	-33.9726	151.1144
2548	Merimbula	NSW	-36.889	149.9096
2548	Mirador	NSW	-36.8777	149.9157
2548	Bournda	NSW	-36.8295	149.9033
2548	Yellow Pinch	NSW	-36.8614	149.8446
2548	Tura Beach	NSW	-36.8636	149.9303
2548	Berrambool	NSW	-36.8815	149.9066
2549	Greigs Flat	NSW	-36.9652	149.8679
2549	Lochiel	NSW	-36.9485	149.8179
2549	Pambula	NSW	-36.9301	149.8745
2549	South Pambula	NSW	-36.9471	149.8478
2549	Bald Hills	NSW	-36.9117	149.8428
2549	Broadwater	NSW	-36.9432	149.8557
2549	Nethercote	NSW	-37.0152	149.8346
2549	Millingandi	NSW	-36.8862	149.8564
2549	Pambula Beach	NSW	-36.9417	149.9034
2630	Springfield	NSW	-33.3433	149.2635
2630	Myalla	NSW	-36.4167	149.1167
2630	Binjura	NSW	-36.1734	149.1083
2630	Pine Valley	NSW	-36.247	149.0605
2630	Rock Flat	NSW	-36.35	149.2
2630	Wambrook	NSW	-36.2163	148.9132
2630	Chakola	NSW	-36.0985	149.1679
2630	Frying Pan	NSW	-36.1444	148.8413
2630	Bungarby	NSW	-36.7052	149.0083
2630	Cooma North	NSW	-36.1196	149.1551
2630	Bobundara	NSW	-36.5155	148.9385
2630	Polo Flat	NSW	-36.2315	149.151
2630	Bunyan	NSW	-36.1674	149.1415
2630	Middle Flat	NSW	-36.2539	149.1781
2630	Rose Valley	NSW	-34.7235	150.8096
2630	Cooma	NSW	-36.2352	149.1241
2630	Ironmungy	NSW	-36.5921	148.943
2630	Carlaminda	NSW	-36.2601	149.3051
2630	Rhine Falls	NSW	-36.1916	148.9076
2630	Arable	NSW	-36.3826	148.9807
2630	Countegany	NSW	-36.1833	149.45
2630	Peak View	NSW	-36.1196	149.1551
2630	Long Plain	NSW	-36.0083	148.7028
2630	Middlingbank	NSW	-36.2115	148.794
2630	Dangelong	NSW	-36.1196	149.1551
2630	Nimmo	NSW	-36.1196	149.1551
2630	Coonerang	NSW	-36.1196	149.1551
2630	Badja	NSW	-36.0727	149.5329
2630	Dry Plain	NSW	-36.1167	148.8667
2630	The Brothers	NSW	-36.1196	149.1551
2630	Maffra	NSW	-36.5318	148.9679
2630	Tuross	NSW	-36.0533	150.1332
2630	Dairymans Plains	NSW	-36.2247	149.0732
2630	Shannons Flat	NSW	-36.1196	149.1551
2630	Glen Fergus	NSW	-36.197	149.2604
2630	Coolringdon	NSW	-36.2833	148.9833
2630	Jimenbuen	NSW	-36.7238	148.8598
2630	Buckenderra	NSW	-36.179	148.7654
2630	Jerangle	NSW	-35.8667	149.3667
2630	Billilingra	NSW	-36.0193	149.1286
2630	Murrumbucca	NSW	-36.0985	149.0512
2630	Numeralla	NSW	-36.1667	149.3333
2631	Kybeyan	NSW	-36.3485	149.4179
2631	Boco	NSW	-36.6037	149.3151
2631	Greenlands	NSW	-36.6037	149.3151
2631	Jimcumbilly	NSW	-36.6037	149.3151
2631	Holts Flat	NSW	-36.6128	149.2711
2631	Bocci	NSW	-36.6037	149.3151
2631	Winifred	NSW	-36.4682	149.3744
2631	Jincumbilly	NSW	-36.7167	149.2167
2631	Steeple Flat	NSW	-36.5485	149.3846
2631	Ando	NSW	-36.7167	149.25
2631	Nimmitabel	NSW	-36.5119	149.2838
2631	Creewah	NSW	-36.75	149.3667
2631	Mount Cooper	NSW	-36.665	149.218
2631	Glen Allen	NSW	-36.6985	149.3679
2632	Mount Darragh	NSW	-36.8485	149.5179
2632	Nungatta	NSW	-37.2152	149.4012
2632	Cathcart	NSW	-36.8333	149.3667
2632	Lords Hill	NSW	-36.9309	149.2131
2632	Gunningrah	NSW	-36.8941	149.2132
2632	Palarang	NSW	-36.8941	149.2132
2632	Rockton	NSW	-37.1318	149.3179
2632	Bukalong	NSW	-36.7985	149.2012
2632	Craigie	NSW	-37.0833	149.05
2632	Bondi Forest	NSW	-36.8941	149.2132
2632	Coolumbooka	NSW	-36.8941	149.2132
2632	Rosemeath	NSW	-36.2324	148.6985
2632	Quidong	NSW	-36.8941	149.2132
2632	Merriangaah	NSW	-36.8941	149.2132
2632	Mila	NSW	-37.0485	149.1679
2632	Cambalong	NSW	-36.881	149.101
2632	Bibbenluke	NSW	-36.8134	149.2863
2632	Bombala	NSW	-36.9121	149.2367
2632	Paddys Flat	NSW	-36.8941	149.2132
2448	Viewmont	NSW	-30.612	153.0008
2448	Hyland Park	NSW	-30.6124	153.0001
2448	Valla Beach	NSW	-30.5926	153.0113
2448	Nambucca Heads	NSW	-30.6432	153.0088
2448	Valla	NSW	-30.5999	152.9829
2449	Missabotti	NSW	-30.5747	152.8158
2449	Buckra Bendinni	NSW	-30.6314	152.8089
2449	Killiekrankie	NSW	-30.6244	152.7854
2449	Tewinga	NSW	-30.6476	152.8968
2449	Girralong	NSW	-30.5696	152.6554
2449	South Arm	NSW	-30.6888	152.7396
2449	Argents Hill	NSW	-30.609	152.73
2449	Kennaicle Creek	NSW	-30.6244	152.7854
2449	Bowraville	NSW	-30.65	152.8515
2455	Tarkeeth	NSW	-30.497	153.0142
2455	Urunga	NSW	-30.497	153.0142
2646	Bull Plain	NSW	-35.8186	146.3196
2646	Daysdale	NSW	-35.6436	146.302
2646	Coreen	NSW	-35.7667	146.35
2646	Merton Vale	NSW	-35.8186	146.3196
2646	Hopefield	NSW	-35.8824	146.4377
2646	Corowa	NSW	-35.997	146.3855
2646	Coads Tank	NSW	-35.8186	146.3196
2646	Collendina	NSW	-36.0254	146.2189
2646	Ringwood	NSW	-35.8186	146.3196
2646	Rennie	NSW	-35.809	146.1362
2646	Sanger	NSW	-35.8186	146.3196
2646	Nyora	NSW	-35.8186	146.3196
2646	Buraja	NSW	-35.8592	146.3689
2646	Goombargana	NSW	-35.7636	146.5555
2646	Redlands	NSW	-35.9239	146.3157
2646	Balldale	NSW	-35.8466	146.5197
2646	Oaklands	NSW	-35.5576	146.163
2646	Savernake	NSW	-35.7345	146.051
2646	Lowesdale	NSW	-35.8318	146.3512
2647	Mulwala	NSW	-35.9854	146.0053
3644	Barooga	NSW	-35.906	145.6958
3644	Lalalty	NSW	-35.9391	145.6422
1420	Strawberry Hills	NSW	-33.9339	151.1531
1422	Strawberry Hills	NSW	-33.9339	151.1531
1423	Strawberry Hills	NSW	-33.9339	151.1531
1424	Strawberry Hills	NSW	-33.9339	151.1531
1425	Strawberry Hills	NSW	-33.9339	151.1531
1426	Strawberry Hills	NSW	-33.9339	151.1531
1427	Strawberry Hills	NSW	-33.9339	151.1531
1428	Strawberry Hills	NSW	-33.9339	151.1531
1429	Strawberry Hills	NSW	-33.9339	151.1531
1781	Seven Hills Mc	NSW	-33.7768	151.0215
2012	Strawberry Hills	NSW	-33.8988	151.2108
2013	Strawberry Hills	NSW	-33.8988	151.2108
2155	Kellyville Ridge	NSW	-33.7016	150.9179
2155	Beaumont Hills	NSW	-33.6999	150.9411
2155	Kellyville	NSW	-33.7103	150.951
2155	North Kellyville	NSW	-33.6985	150.9313
2155	Rouse Hill	NSW	-33.6821	150.9154
2747	Caddens	NSW	-33.7741	150.7413
2747	Werrington County	NSW	-33.7465	150.7393
2747	Kingswood	NSW	-33.7561	150.7235
2747	Llandilo	NSW	-33.7129	150.7465
2747	Cambridge Park	NSW	-33.7478	150.7221
2747	Jordan Springs	NSW	-33.7214	150.7287
2747	Shane Park	NSW	-33.7434	150.7398
2747	Cambridge Gardens	NSW	-33.738	150.7207
2747	Shanes Park	NSW	-33.7033	150.783
2747	Werrington Downs	NSW	-33.7421	150.7278
2747	Claremont Meadows	NSW	-33.7759	150.7519
2747	Werrington	NSW	-33.7592	150.7527
2760	St Marys South	NSW	-33.7603	150.7918
2760	Colyton	NSW	-33.7828	150.7968
2760	Ropes Crossing	NSW	-33.7328	150.791
2760	St Marys	NSW	-33.7603	150.7918
2760	St Marys East	NSW	-33.7603	150.7918
2760	Oxley Park	NSW	-33.7707	150.795
2760	North St Marys	NSW	-33.7549	150.7844
2761	Plumpton	NSW	-33.7518	150.8369
2761	Oakhurst	NSW	-33.7388	150.8384
2761	Colebee	NSW	-33.7277	150.8474
2761	Hassall Grove	NSW	-33.7335	150.8354
2761	Glendenning Dc	NSW	-33.7393	150.8453
2761	Dean Park	NSW	-33.7354	150.8596
2761	Glendenning	NSW	-33.7483	150.8541
2762	Tallawong	NSW	-33.7167	150.8667
2762	Schofields	NSW	-33.7167	150.8667
2763	Acacia Gardens	NSW	-33.7316	150.9164
2763	Quakers Hill	NSW	-33.7333	150.8833
2763	Nirimba Fields	NSW	-33.7325	150.8998
2766	Eastern Creek	NSW	-33.8063	150.8612
2766	Rooty Hill	NSW	-33.7667	150.8333
2767	Doonside	NSW	-33.7667	150.8667
2767	Woodcroft	NSW	-33.7564	150.8807
2767	Bungarribee	NSW	-33.777	150.868
2768	Glenwood	NSW	-33.7333	150.9328
2768	Stanhope Gardens	NSW	-33.7221	150.926
2768	Parklea	NSW	-33.7244	150.9182
2769	The Ponds	NSW	-33.7023	150.9109
2770	Bidwill	NSW	-33.7301	150.8222
2770	Willmot	NSW	-33.7253	150.7926
2770	Whalan	NSW	-33.757	150.804
2770	Minchinbury	NSW	-33.7872	150.8296
2770	Shalvey	NSW	-33.7269	150.8053
2770	Blackett	NSW	-33.7379	150.8181
2770	Hebersham	NSW	-33.7458	150.8239
2770	Emerton	NSW	-33.7441	150.8064
2770	Dharruk	NSW	-33.7481	150.8156
2770	Mount Druitt	NSW	-33.7667	150.8167
2770	Mount Druitt Village	NSW	-33.746	150.8106
2770	Tregear	NSW	-33.7456	150.7929
2770	Lethbridge Park	NSW	-33.7372	150.8004
2721	Bland	NSW	-33.9833	147.6833
2721	Quandialla	NSW	-34.0124	147.7876
2791	Carcoar	NSW	-33.6	149.1333
2791	Errowanbang	NSW	-33.5482	149.0437
2773	Glenbrook	NSW	-33.7667	150.6167
2773	Lapstone	NSW	-33.7742	150.6357
2774	Mount Riverview	NSW	-33.7307	150.6353
2774	Warrimoo	NSW	-33.7167	150.6
2774	Blaxland East	NSW	-33.7325	150.6118
2774	Blaxland	NSW	-33.75	150.6
2776	Faulconbridge	NSW	-33.7	150.5333
2777	Yellow Rock	NSW	-33.6985	150.6346
2777	Sun Valley	NSW	-33.7088	150.5937
2777	Winmalee	NSW	-33.6785	150.6121
2777	Hawkesbury Heights	NSW	-33.6657	150.6426
2777	Springwood	NSW	-33.7	150.55
2777	Valley Heights	NSW	-33.7	150.5833
2778	Woodford	NSW	-33.7333	150.4833
2778	Linden	NSW	-33.7167	150.5
2779	Hazelbrook	NSW	-33.7245	150.4584
2780	Yosemite	NSW	-33.7037	150.3065
2780	Katoomba Dc	NSW	-33.7037	150.3065
2780	Leura	NSW	-33.7167	150.3333
2780	Medlow Bath	NSW	-33.6746	150.2788
2780	Katoomba	NSW	-33.7198	150.3074
2782	Wentworth Falls	NSW	-33.7103	150.3753
2783	Lawson	NSW	-33.7206	150.4297
2784	Bullaburra	NSW	-33.7292	150.4177
2787	Yerranderie	NSW	-34.1167	150.2167
2787	Kowmung	NSW	-33.754	150.0055
2787	Kedumba	NSW	-33.754	150.0055
2787	Jooriland	NSW	-33.754	150.0055
2787	Bindook	NSW	-33.754	150.0055
2787	Bimlow	NSW	-33.754	150.0055
2787	Beloon	NSW	-33.754	150.0055
2787	Mount Olive	NSW	-33.754	150.0055
2787	Shooters Hill	NSW	-33.9167	149.8667
2787	Mozart	NSW	-33.8269	149.8259
2787	Porters Retreat	NSW	-34	149.8167
2787	Kanangra	NSW	-33.754	150.0055
2787	Oberon	NSW	-33.704	149.8591
2787	The Meadows	NSW	-33.754	150.0055
2787	Edith	NSW	-33.8	149.9167
2787	Chatham Valley	NSW	-33.754	150.0055
2787	Black Springs	NSW	-33.8667	149.7167
2787	Brereton	NSW	-33.754	150.0055
2787	Mount Werong	NSW	-33.754	150.0055
2787	Gurnang	NSW	-33.754	150.0055
2787	Jaunter	NSW	-33.9802	149.8876
2787	Mayfield	NSW	-32.8979	151.7361
2787	Tarana	NSW	-33.5167	149.9167
2787	Essington	NSW	-33.7	149.7167
2787	Hazelgrove	NSW	-33.6557	149.898
2787	Gingkin	NSW	-33.8667	149.9333
2787	Duckmaloi	NSW	-33.6975	149.9594
2787	Norway	NSW	-33.765	149.816
2790	Mckellars Park	NSW	-33.47	150.1527
2790	Wolgan Valley	NSW	-33.229	150.1883
2790	Hartley	NSW	-33.5465	150.1757
2790	Cobar Park	NSW	-33.4647	150.1577
2790	Cullen Bullen	NSW	-33.2989	150.0328
2790	Hartley Vale	NSW	-33.5333	150.2333
2790	Hassans Walls	NSW	-33.5064	150.1567
2790	Pottery Estate	NSW	-33.4877	150.1579
2790	South Littleton	NSW	-33.5006	150.1373
2790	Bowenfels	NSW	-33.5167	150.1167
2790	Marrangaroo	NSW	-33.4333	150.1167
2790	Jenolan Caves	NSW	-33.8167	150.0333
2790	Clarence	NSW	-33.4723	150.222
2790	Littleton	NSW	-33.5006	150.1373
2790	Lowther	NSW	-33.6143	150.1439
2790	Wollangambe	NSW	-33.4462	150.1227
2790	Ben Bullen	NSW	-33.2167	150.0333
2790	Oaky Park	NSW	-33.463	150.1851
2790	Hermitage Flat	NSW	-33.477	150.1459
2790	Lidsdale	NSW	-33.3536	150.118
2790	Doctors Gap	NSW	-33.4922	150.1798
2790	Sodwalls	NSW	-33.5167	149.9833
2790	Springvale	NSW	-31.8595	149.8401
2790	Jenolan	NSW	-33.8238	150.0051
2790	Newnes Plateau	NSW	-33.4462	150.1227
2790	Lithgow Dc	NSW	-33.4462	150.1227
2790	Sheedys Gully	NSW	-33.4963	150.152
2790	Good Forest	NSW	-33.5855	150.12
2790	Morts Estate	NSW	-33.4678	150.1689
2790	Oakey Park	NSW	-33.463	150.1851
2790	Rydal	NSW	-33.4833	150.0333
2790	Kanimbla	NSW	-33.4462	150.1227
2790	Little Hartley	NSW	-33.5881	150.1972
2790	Mount Lambie	NSW	-33.4496	149.9892
2790	South Bowenfels	NSW	-33.5167	150.1167
2790	Corney Town	NSW	-33.4755	150.1771
2790	Lithgow	NSW	-33.4845	150.149
2790	Vale Of Clwydd	NSW	-33.486	150.1839
2790	Ganbenang	NSW	-33.6546	150.128
2790	Newnes	NSW	-33.1833	150.25
2790	State Mine Gully	NSW	-33.4603	150.1682
2790	Hampton	NSW	-33.65	150.05
2790	Blackmans Flat	NSW	-33.3656	150.0651
2058	Northern Suburbs Mc	NSW	-33.8419	151.1935
2348	New England Mc	NSW	-31.0904	150.7649
2835	Tindarey	NSW	-32.1818	146.2218
2835	Sandy Creek	NSW	-32.1818	146.2218
2835	Canbelego	NSW	-31.5596	146.3213
2835	Cubba	NSW	-32.1818	146.2218
2835	Kulwin	NSW	-32.1818	146.2218
2835	Cobar	NSW	-31.4967	145.8344
2835	Noona	NSW	-32.1818	146.2218
2835	Gilgunnia	NSW	-32.415	146.0354
2835	Kerrigundi	NSW	-31.0088	145.2782
2835	Lerida	NSW	-32.1818	146.2218
2835	Bulla	NSW	-34.1196	148.2567
2835	Irymple	NSW	-32.4911	145.6049
2873	Lansdale	NSW	-32.2304	147.1756
2873	Five Ways	NSW	-32.2748	147.3438
2873	Miamley	NSW	-32.2748	147.3438
2873	Tottenham	NSW	-32.244	147.3559
2873	Albert	NSW	-32.35	147.5
2831	Ponto	NSW	-32.4469	148.7989
2831	Eumungerie	NSW	-31.95	148.6215
2831	Hermidale	NSW	-31.5494	146.7246
2831	Byrock	NSW	-30.6606	146.4012
2831	Girilambone	NSW	-31.5929	148.1368
2831	Nymagee	NSW	-32.0639	146.3161
2831	Bullagreen	NSW	-31.3159	148.0349
2831	Geurie	NSW	-32.4006	148.8303
2831	Nubingerie	NSW	-32.5167	148.6667
2831	Terrabella	NSW	-32.4318	148.7429
2831	Quambone	NSW	-30.9331	147.8722
2831	Neilrex	NSW	-31.7226	149.3043
2831	Wongarbon	NSW	-32.3328	148.7593
2831	Carinda	NSW	-30.4667	147.6833
2831	Brenda	NSW	-31.5929	148.1368
2831	Muriel	NSW	-31.5929	148.1368
2831	Pine Clump	NSW	-31.5929	148.1368
2831	Merrygoen	NSW	-31.8279	149.2326
2831	Macquarie Marshes	NSW	-31.5929	148.1368
2831	Nevertire	NSW	-31.8478	147.7215
2831	The Marra	NSW	-30.8588	147.315
2831	Tooraweenah	NSW	-31.4333	148.9
2831	Westella	NSW	-32.3	148.9
2831	Goodooga	NSW	-29.1131	147.4525
2831	Elong Elong	NSW	-32.1235	149.0262
2831	Balladoran	NSW	-31.865	148.6521
2831	Armatree	NSW	-31.446	148.4748
2831	Coolabah	NSW	-31.0295	146.7149
2834	Angledool	NSW	-29.1102	147.9097
2834	Lightning Ridge	NSW	-29.4274	147.9787
2838	Goodooga	NSW	-29.1131	147.4525
2839	Narran Lake	NSW	-29.752	146.8548
2839	Talawanta	NSW	-29.5163	146.9462
2839	Weilmoringle	NSW	-29.2428	146.9219
2839	Brewarrina	NSW	-29.9607	146.8599
2839	Collerina	NSW	-29.6915	146.6479
2839	Gongolgon	NSW	-30.3488	146.8979
2840	Yantabulla	NSW	-29.3457	145.0012
2840	Louth	NSW	-30.5388	145.116
2840	North Bourke	NSW	-30.0523	145.9489
2840	Gunderbooka	NSW	-30.6087	145.7211
2840	Urisino	NSW	-29.7252	143.7619
2840	Wanaaring	NSW	-29.703	144.1451
2840	Tilpa	NSW	-30.9356	144.4165
2840	Bourke	NSW	-30.0901	145.9365
2840	Gumbalie	NSW	-29.9029	145.1858
2840	Barringun	NSW	-28.8584	145.7219
2840	Fords Bridge	NSW	-29.7515	145.4273
2840	Enngonia	NSW	-29.3223	145.8471
2840	Hungerford	NSW	-29.9029	145.1858
1800	Ashfield	NSW	-33.8883	151.1227
1805	Burwood	NSW	-33.8833	151.1
2134	Burwood North	NSW	-33.8833	151.1
2134	Burwood	NSW	-33.8833	151.1
2482	Koonyum Range	NSW	-28.5554	153.4223
2482	Main Arm	NSW	-28.5554	153.4223
2482	Wanganui	NSW	-28.5652	153.3807
2482	Palmwoods	NSW	-28.5111	153.4049
2482	Huonbrook	NSW	-28.5485	153.3846
2482	Upper Wilsons Creek	NSW	-28.5233	153.3849
2482	Mullumbimby	NSW	-28.5524	153.4996
2482	Montecollum	NSW	-28.5928	153.4594
2482	Upper Coopers Creek	NSW	-28.5998	153.4011
2482	Upper Main Arm	NSW	-28.4949	153.4118
2482	Goonengerry	NSW	-28.6107	153.44
2482	Mullumbimby Creek	NSW	-28.547	153.4356
2482	Wilsons Creek	NSW	-28.5641	153.4427
2795	West Bathurst	NSW	-33.4092	149.5632
2795	Limekilns	NSW	-33.2731	149.743
2795	Milkers Flat	NSW	-33.4403	149.6443
2795	Llanarth	NSW	-33.3969	149.551
2795	Colo	NSW	-33.4167	150.8071
2795	Kelso	NSW	-33.4167	149.6
2795	Gowan	NSW	-33.1833	149.3667
2795	Gormans Hill	NSW	-33.4671	149.5955
2795	Mount Rankin	NSW	-33.2956	149.4837
2795	Walang	NSW	-33.4519	149.7823
2795	Twenty Forests	NSW	-33.6757	149.7456
2795	Abercrombie River	NSW	-33.8974	149.3439
2795	Robin Hill	NSW	-33.4229	149.5328
2795	Essington	NSW	-33.7	149.7167
2795	Killongbutta	NSW	-33.2216	149.3902
2795	Glanmire	NSW	-33.4167	149.7167
2795	Charlton	NSW	-33.4403	149.6443
2795	Gemalla	NSW	-33.5003	149.8405
2795	Clear Creek	NSW	-33.3368	149.6924
2795	O'Connell	NSW	-33.5333	149.7333
2795	Oconnell	NSW	-33.5333	149.7333
2795	O’Connell	NSW	-33.5333	149.7333
2795	Garthowen	NSW	-30.8565	150.9038
2795	Peel	NSW	-33.3167	149.6333
2795	Judds Creek	NSW	-33.831	149.5354
2795	Napoleon Reef	NSW	-33.4288	149.7515
2795	Newbridge	NSW	-33.5833	149.3833
2795	Upper Turon	NSW	-33.1334	149.777
2795	Gilmandyke	NSW	-33.7726	149.5455
2795	Abercrombie	NSW	-33.3887	149.5458
2795	Yetholme	NSW	-33.45	149.8333
2795	Mount David	NSW	-33.8167	149.5833
2795	Dunkeld	NSW	-33.4106	149.4808
2795	Copperhannia	NSW	-33.9161	149.261
2795	Jeremy	NSW	-33.9814	149.5205
2795	Burraga	NSW	-33.95	149.5333
2795	Turondale	NSW	-33.0833	149.6167
2795	Bathampton	NSW	-33.5122	149.4212
2795	Raglan	NSW	-33.4167	149.6667
2795	Sofala	NSW	-33.0833	149.7
2795	Sunny Corner	NSW	-33.3833	149.9
2795	Rockley	NSW	-33.7	149.5667
2795	Wiagdon	NSW	-33.2046	149.6753
2795	Mount Panorama	NSW	-33.4572	149.55
2795	Eglinton	NSW	-33.3773	149.5465
2795	Millah Murrah	NSW	-33.4403	149.6443
2795	Dog Rocks	NSW	-33.4403	149.6443
2795	Palmers Oaky	NSW	-33.2	149.8667
2795	Brewongle	NSW	-33.4833	149.7167
2795	Hobbys Yards	NSW	-33.6941	149.3274
2795	Curragh	NSW	-33.4403	149.6443
2795	Georges Plains	NSW	-33.5	149.5333
2795	Duramana	NSW	-33.2847	149.5689
2795	The Lagoon	NSW	-33.55	149.6167
2795	Wimbledon	NSW	-33.5333	149.4333
2795	Paling Yards	NSW	-33.4403	149.6443
2795	Laffing Waters	NSW	-33.3771	149.6222
2795	Winburndale	NSW	-33.4403	149.6443
2795	Ballyroe	NSW	-34.008	149.5366
2795	Fitzgeralds Valley	NSW	-33.4403	149.6443
2795	Bruinbun	NSW	-33.1244	149.4559
2795	Bathurst	NSW	-33.4166	149.5806
2795	The Rocks	NSW	-33.8592	151.2081
2795	Charles Sturt University	NSW	-35.0608	147.3542
2795	Billywillinga	NSW	-33.3037	149.4396
2795	Triangle Flat	NSW	-33.75	149.5
2795	Trunkey	NSW	-33.8167	149.3333
2795	South Bathurst	NSW	-33.4384	149.572
2795	Tambaroora	NSW	-32.9645	149.4076
2795	Cow Flat	NSW	-33.5524	149.5206
2795	Rockley Mount	NSW	-33.5347	149.5514
2795	Mitchell	NSW	-33.4273	149.5567
2795	Dark Corner	NSW	-33.3333	149.8667
2795	Fosters Valley	NSW	-33.6029	149.5624
2795	Tannas Mount	NSW	-33.6063	149.6688
2795	Box Ridge	NSW	-31.4554	149.4884
2795	Wisemans Creek	NSW	-33.6531	149.7029
2795	Windradyne	NSW	-33.4054	149.5451
2795	Arkell	NSW	-33.7284	149.3909
2795	Moorilda	NSW	-33.4403	149.6443
2795	Wattle Flat	NSW	-33.15	149.7
2795	Freemantle	NSW	-33.4403	149.6443
2795	Forest Grove	NSW	-33.4403	149.6443
2795	Watton	NSW	-33.4403	149.6443
2795	Crudine	NSW	-32.9667	149.7
2795	Evans Plains	NSW	-33.4507	149.4961
2795	Isabella	NSW	-33.95	149.6667
2795	Bathurst West	NSW	-33.4092	149.5632
2795	Rock Forest	NSW	-33.3675	149.431
2795	White Rock	NSW	-33.4403	149.6443
2795	Stewarts Mount	NSW	-33.4403	149.6443
2795	Perthville	NSW	-33.4874	149.5464
2795	Orton Park	NSW	-33.4667	149.5667
2795	Wambool	NSW	-33.5046	149.7621
2795	Locksley	NSW	-33.5142	149.7982
2795	Meadow Flat	NSW	-33.4333	149.9333
2795	Trunkey Creek	NSW	-33.8167	149.3333
2795	Yarras	NSW	-31.4189	152.3198
2795	Kirkconnell	NSW	-33.4298	149.8482
2795	Caloola	NSW	-33.6	149.4333
2795	Bald Ridge	NSW	-33.8888	149.4609
2795	Arkstone	NSW	-34.09	149.6124
2805	Gooloogong	NSW	-33.6241	148.409
2864	Boree	NSW	-33.2411	148.8221
2864	Bowan Park	NSW	-33.3	148.8167
2864	Murga	NSW	-33.3688	148.5511
2864	Toogong	NSW	-33.3333	148.6333
2864	Cudal	NSW	-33.2856	148.7407
2865	Bocobra	NSW	-33.1401	148.5662
2865	Gumble	NSW	-33.0818	148.6512
2865	Manildra	NSW	-33.1825	148.6891
2870	Cooks Myalls	NSW	-33.1465	148.2135
2870	Alectown	NSW	-32.9333	148.25
2870	Cookamidgera	NSW	-33.2	148.3
2870	Bumberry	NSW	-33.2	148.4833
2870	Kadina	NSW	-33.1465	148.2135
2870	Goonumbla	NSW	-33	148.1333
2870	Beargamil	NSW	-33.1465	148.2135
2870	Daroobalgie	NSW	-33.3333	148.0667
2870	Bindogundra	NSW	-33.1465	148.2135
2870	Shallow Rush	NSW	-33.1465	148.2135
2870	Nanardine	NSW	-33.0667	148.1167
2870	Mickibri	NSW	-33.1465	148.2135
2870	Parkesborough	NSW	-33.1833	148.1667
2870	Mandagery	NSW	-33.2167	148.4167
2870	Tichborne	NSW	-33.2167	148.1167
2870	Mugincoble	NSW	-33.1833	148.2333
2870	Goobang	NSW	-33.1	148.25
2870	Brolgan	NSW	-33.1333	148.0667
2870	Parkes	NSW	-33.1372	148.1759
2179	Leppington	NSW	-33.9698	150.7967
2179	Austral	NSW	-33.9274	150.8081
2556	Bringelly	NSW	-33.9333	150.7333
2556	Bradfield	NSW	-33.9333	150.7333
2566	Minto	NSW	-34.0333	150.85
2566	Varroville	NSW	-34.0032	150.8111
2566	Raby	NSW	-34.0185	150.8176
2566	Minto Dc	NSW	-34.0214	150.8372
2566	St Andrews	NSW	-34.0224	150.8296
2566	Bow Bowing	NSW	-34.0165	150.8403
2566	Minto Heights	NSW	-34.0345	150.8744
2167	Glenfield	NSW	-33.9667	150.9
2508	Otford	NSW	-34.2129	150.9982
2508	Woronora Dam	NSW	-34.1452	150.985
2508	Coalcliff	NSW	-34.2457	150.9682
2508	Stanwell Tops	NSW	-34.2193	150.9764
2508	Darkes Forest	NSW	-34.2377	150.9195
2508	Maddens Plains	NSW	-34.2064	150.9806
2508	Lilyvale	NSW	-34.1861	151.0165
2508	Stanwell Park	NSW	-34.2261	150.9858
2508	Helensburgh	NSW	-34.1784	150.9952
2558	Kearns	NSW	-34.0219	150.8008
2558	Eschol Park	NSW	-34.0298	150.8096
2558	Eagle Vale	NSW	-34.0375	150.8136
2559	Claymore	NSW	-34.0465	150.8111
2559	Blairmount	NSW	-34.0508	150.7924
2563	Menangle Park	NSW	-34.1044	150.7507
2564	Glenquarie	NSW	-34.0044	150.8965
2564	Long Point	NSW	-34.0167	150.9
2564	Macquarie Fields	NSW	-33.9921	150.8931
2567	Narellan	NSW	-34.0434	150.7324
2567	Narellan Vale	NSW	-34.0497	150.7439
2567	Smeaton Grange	NSW	-34.0371	150.7577
2567	Currans Hill	NSW	-34.0431	150.773
2567	Harrington Park	NSW	-34.024	150.735
2567	Mount Annan	NSW	-34.0529	150.7598
2567	Narellan Dc	NSW	-34.0417	150.7503
2045	Haberfield	NSW	-33.883	151.1439
2046	Wareemba	NSW	-33.8582	151.1309
2046	Rodd Point	NSW	-33.8666	151.1399
2046	Five Dock	NSW	-33.8674	151.1291
2046	Russell Lea	NSW	-33.8589	151.1411
2046	Canada Bay	NSW	-33.8648	151.1142
2046	Abbotsford	NSW	-33.8489	151.128
2046	Chiswick	NSW	-33.85	151.1385
2047	Drummoyne	NSW	-33.8524	151.1549
2127	Wentworth Point	NSW	-33.8308	151.0744
2127	Newington	NSW	-33.8349	151.057
2127	Sydney Olympic Park	NSW	-33.8498	151.0683
2127	Homebush Bay	NSW	-33.8627	151.067
2135	Strathfield	NSW	-33.881	151.0799
2137	Mortlake	NSW	-33.8422	151.1072
2137	North Strathfield	NSW	-33.8569	151.0912
2137	Breakfast Point	NSW	-33.8429	151.1107
2137	Cabarita	NSW	-33.8472	151.1164
2137	Concord	NSW	-33.8472	151.1038
2138	Concord West	NSW	-33.8481	151.0861
2138	Rhodes	NSW	-33.8266	151.0881
2138	Liberty Grove	NSW	-33.8409	151.084
2138	Concord West Dc	NSW	-33.8386	151.0861
2139	Concord Repatriation Hospital	NSW	-33.8658	151.1016
2140	Homebush	NSW	-33.8667	151.0833
2140	Homebush West	NSW	-33.8627	151.067
2140	Homebush South	NSW	-33.8647	151.0751
1440	Waterloo	NSW	-33.8994	151.2053
1441	Waterloo	NSW	-33.8994	151.2053
1835	Auburn	NSW	-33.85	151.0333
1885	Bankstown	NSW	-33.9167	151.0333
1888	Bankstown	NSW	-33.9167	151.0333
1891	Milperra	NSW	-33.9393	150.9815
2163	Lansdowne	NSW	-33.896	150.9756
2163	Villawood	NSW	-33.8843	150.9803
2163	Carramar	NSW	-33.8838	150.9615
2192	Belmore	NSW	-33.919	151.0894
2194	Campsie	NSW	-33.9125	151.1028
2195	Wiley Park	NSW	-33.9242	151.0674
2195	Lakemba Dc	NSW	-33.922	151.0716
2195	Lakemba	NSW	-33.9197	151.0759
2196	Punchbowl	NSW	-33.9289	151.0511
2196	Roselands	NSW	-33.9332	151.0732
2197	Bass Hill	NSW	-33.8986	150.9954
2198	Georges Hall	NSW	-33.9088	150.9885
2199	Yagoona	NSW	-33.9049	151.02
2199	Yagoona West	NSW	-33.9049	151.02
2200	Mount Lewis	NSW	-33.9175	151.0483
2200	Bankstown North	NSW	-33.9196	151.0308
2200	Condell Park	NSW	-33.9246	151.0109
2200	Bankstown Aerodrome	NSW	-33.9196	151.0308
2200	Bankstown Square	NSW	-33.9196	151.0308
2200	Manahan	NSW	-33.9196	151.0308
2200	Bankstown Airport	NSW	-33.9196	151.0308
2200	Bankstown	NSW	-33.9167	151.0333
2204	Marrickville	NSW	-33.9074	151.1555
2204	Marrickville South	NSW	-33.9074	151.1555
2204	Marrickville Metro	NSW	-33.9074	151.1555
2206	Undercliffe	NSW	-33.9235	151.1146
2206	Earlwood	NSW	-33.9209	151.1251
2206	Clemton Park	NSW	-33.9262	151.1041
2209	Beverly Hills	NSW	-33.948	151.0798
2209	Narwee	NSW	-33.9465	151.0692
2210	Riverwood	NSW	-33.9473	151.0497
2210	Peakhurst Dc	NSW	-33.9675	151.0497
2210	Lugarno	NSW	-33.9827	151.0418
2210	Peakhurst Heights	NSW	-33.9774	151.0556
2210	Peakhurst	NSW	-33.9629	151.0516
2211	Padstow Heights	NSW	-33.9674	151.0399
2211	Padstow	NSW	-33.9569	151.0319
2212	Revesby	NSW	-33.95	151.0167
2212	Revesby North	NSW	-33.9586	151.0175
2212	Revesby Heights	NSW	-33.9671	151.0184
2213	Picnic Point	NSW	-33.9806	150.9966
2213	Panania	NSW	-33.9537	150.9973
2213	East Hills	NSW	-33.961	150.9882
2214	Milperra	NSW	-33.9393	150.9815
2665	Ariah Park	NSW	-34.3493	147.2218
2665	Beckom	NSW	-34.3152	146.9679
2665	Tara	NSW	-34.5	147.1667
2665	Moombooldool	NSW	-34.3016	146.6541
2665	Binya	NSW	-34.2391	146.3376
2665	Barellan	NSW	-34.2849	146.5722
2665	Mirrool	NSW	-34.2378	147.0645
2665	Kamarah	NSW	-34.3255	146.7831
2665	Bectric	NSW	-34.4948	147.2354
2665	Mount Crystal	NSW	-34.3569	146.9391
2665	Quandary	NSW	-34.3833	147.3167
2665	Walleroobie	NSW	-34.494	147.0472
2665	Ardlethan	NSW	-34.3569	146.9018
2669	Kikoira	NSW	-33.6529	146.6599
2669	Rankins Springs	NSW	-33.8407	146.2634
2669	Gubbata	NSW	-33.6654	146.6463
2669	Erigolia	NSW	-33.8605	146.3552
2669	Ungarie	NSW	-33.6417	146.975
2669	North Yalgogrin	NSW	-33.8403	146.8489
2669	Melbergen	NSW	-33.7033	146.044
2669	Girral	NSW	-33.7058	147.0758
2669	Yaddra	NSW	-33.1667	146.65
2669	Naradhan	NSW	-33.6132	146.3268
2669	Tullibigeal	NSW	-33.4207	146.7259
2669	Tallimba	NSW	-33.9935	146.8796
2669	Weethalle	NSW	-33.8764	146.622
2669	Bygalorie	NSW	-33.4667	146.8
2669	Weja	NSW	-33.5332	146.8219
2675	Lake Brewster	NSW	-33.2947	145.6129
2675	Wallanthery	NSW	-33.3487	145.8342
2675	Roto	NSW	-33.0526	145.4693
2675	White Top	NSW	-33.2947	145.6129
2675	Hillston	NSW	-33.4827	145.5353
2675	Monia Gap	NSW	-33.2947	145.6129
2681	Myall Park	NSW	-34.2453	146.2027
2681	Yenda	NSW	-34.2453	146.2027
2878	Ivanhoe	NSW	-32.9004	144.3015
2878	Manara	NSW	-32.4734	143.9423
2878	Conoble	NSW	-32.9109	144.4566
2878	Trida	NSW	-33.0203	145.017
2878	Mossgiel	NSW	-33.2495	144.5657
2878	Beilpajah	NSW	-32.9109	144.4566
1590	St Leonards	NSW	-33.8234	151.1984
1655	Manly	NSW	-33.798	151.2883
2083	Mooney Mooney	NSW	-33.5243	151.201
2083	Bar Point	NSW	-33.5122	151.1622
2083	Dangar Island	NSW	-33.5386	151.2415
2083	Cogra Bay	NSW	-33.5198	151.222
2083	Brooklyn	NSW	-33.549	151.2249
2083	Milsons Passage	NSW	-33.5169	151.1774
2083	Cheero Point	NSW	-33.5096	151.1932
2251	Picketts Valley	NSW	-33.4553	151.4109
2251	Bensville	NSW	-33.4976	151.3808
2251	Kincumber South	NSW	-33.4866	151.377
2251	Bouddi	NSW	-33.518	151.3858
2251	Davistown	NSW	-33.4856	151.3615
2251	Saratoga	NSW	-33.4756	151.3521
2251	Green Point	NSW	-33.444	151.3682
2251	Macmasters Beach	NSW	-33.4966	151.4221
2251	Kincumber	NSW	-33.4694	151.3966
2251	Yattalunga	NSW	-33.4804	151.3932
2251	Avoca Beach	NSW	-33.4682	151.4339
2251	Copacabana	NSW	-33.4869	151.4359
2252	Central Coast Mc	NSW	-33.333	151.3853
2256	Wondabyne	NSW	-33.5009	151.2213
2256	Pearl Beach	NSW	-33.5444	151.3034
2256	Horsfield Bay	NSW	-33.4924	151.301
2256	Patonga	NSW	-33.5486	151.2719
2256	Blackwall	NSW	-33.5025	151.3279
2256	Woy Woy Bay	NSW	-33.4834	151.312
2256	Koolewong	NSW	-33.465	151.3157
2256	Phegans Bay	NSW	-33.4878	151.3082
2256	Woy Woy	NSW	-33.4843	151.3247
2256	Little Wobby	NSW	-33.5454	151.2564
2257	Booker Bay	NSW	-33.5125	151.3459
2257	Umina Beach	NSW	-33.5231	151.3132
2257	Box Head	NSW	-33.5308	151.355
2257	Hardys Bay	NSW	-33.5247	151.3617
2257	Empire Bay	NSW	-33.4939	151.3629
2257	St Huberts Island	NSW	-33.4956	151.3462
2257	Killcare Heights	NSW	-33.5239	151.3682
2257	Daleys Point	NSW	-33.4969	151.355
2257	Killcare	NSW	-33.5167	151.3667
2257	Wagstaffe	NSW	-33.5236	151.3409
2257	Pretty Beach	NSW	-33.5167	151.35
2257	Ettalong Beach	NSW	-33.5106	151.3304
2258	Palmdale	NSW	-33.3333	151.3667
2258	Palm Grove	NSW	-33.3333	151.3167
2258	Fountaindale	NSW	-33.3477	151.4011
2258	Kangy Angy	NSW	-33.3188	151.3964
2258	Ourimbah	NSW	-33.3142	151.3303
2260	Terrigal	NSW	-33.4482	151.4467
2260	Wamberal	NSW	-33.4155	151.4456
2260	Erina Heights	NSW	-33.4252	151.3995
2260	Forresters Beach	NSW	-33.407	151.476
2260	North Avoca	NSW	-33.4561	151.4351
2261	Chittaway Bay	NSW	-33.3277	151.4297
2261	The Entrance North	NSW	-33.3357	151.5034
2261	Berkeley Vale	NSW	-33.35	151.4333
2261	Magenta	NSW	-33.292	151.5469
2261	Killarney Vale	NSW	-33.3632	151.458
2261	Bay Village	NSW	-33.3483	151.4732
2261	Glenning Valley	NSW	-33.3537	151.4262
2261	Toowoon Bay	NSW	-33.3581	151.4971
2261	Long Jetty	NSW	-33.3592	151.4883
2261	Chittaway Point	NSW	-33.3236	151.4419
2261	Blue Bay	NSW	-33.3541	151.5002
2261	Shelly Beach	NSW	-33.37	151.4852
2261	Bateau Bay	NSW	-33.3833	151.4667
2261	Tumbi Umbi	NSW	-33.3667	151.45
2261	The Entrance	NSW	-33.3388	151.4978
2262	Budgewoi Peninsula	NSW	-33.2106	151.5855
2262	Buff Point	NSW	-33.2229	151.5312
2262	Halekulani	NSW	-33.2191	151.5525
2262	Colongra	NSW	-33.2069	151.5436
2262	San Remo	NSW	-33.2147	151.521
2262	Doyalson North	NSW	-33.1873	151.5488
2262	Blue Haven	NSW	-33.2111	151.5035
2262	Budgewoi	NSW	-33.2339	151.5541
2262	Doyalson	NSW	-33.1963	151.5128
2263	Lake Haven	NSW	-33.243	151.5043
2263	Gorokan	NSW	-33.2576	151.5097
2263	Norah Head	NSW	-33.2833	151.5667
2263	Canton Beach	NSW	-33.2744	151.5461
2263	Noraville	NSW	-33.2679	151.5535
2263	Toukley	NSW	-33.2637	151.5384
2263	Charmhaven	NSW	-33.2267	151.5028
2325	Corrabare	NSW	-32.9173	151.1793
2325	Bellbird Heights	NSW	-32.8504	151.329
2325	Mount View	NSW	-32.85	151.2833
2325	Elrington	NSW	-32.8709	151.4222
2325	Moruben	NSW	-32.9173	151.1793
2325	Milsons Arm	NSW	-32.9173	151.1793
2325	Paynes Crossing	NSW	-32.895	151.1079
2325	Millfield	NSW	-32.8886	151.2613
2325	Yengo National Park	NSW	-32.9173	151.1793
2325	Ellalong	NSW	-32.9151	151.3116
2325	Wollombi	NSW	-32.9388	151.1415
2325	Yallambie	NSW	-32.9173	151.1793
2325	Pelton	NSW	-32.8783	151.3109
2325	Abernethy	NSW	-32.8875	151.4022
2325	Cedar Creek	NSW	-32.8552	151.2186
2325	Aberdare	NSW	-32.8411	151.3817
2325	Narone Creek	NSW	-32.9173	151.1793
2325	Kitchener	NSW	-32.8813	151.3671
2325	Mootai	NSW	-32.9173	151.1793
2325	Laguna	NSW	-32.9902	151.1346
2325	Bellbird	NSW	-32.8599	151.3187
2325	Paxton	NSW	-32.9061	151.2849
2325	Sweetmans Creek	NSW	-32.8893	151.1818
2325	Fernances Crossing	NSW	-33.0602	151.1311
2325	Watagan	NSW	-33.013	151.1947
2325	Cessnock West	NSW	-32.9173	151.1793
2325	Quorrobolong	NSW	-32.9297	151.4021
2325	Greta Main	NSW	-32.8887	151.2832
2325	Yengo	NSW	-32.8931	150.8457
2325	Kearsley	NSW	-32.8543	151.3992
2325	Murrays Run	NSW	-33.0831	151.1537
2325	Nulkaba	NSW	-32.8103	151.3483
2325	Dairy Arm	NSW	-33.052	151.1714
2325	Lovedale	NSW	-32.7705	151.3648
2325	Boree	NSW	-33.2411	148.8221
2325	Cessnock	NSW	-32.8321	151.3562
2325	Olney	NSW	-32.9173	151.1793
2325	Congewai	NSW	-32.9765	151.2692
2259	Kanwal	NSW	-33.253	151.4911
2259	Halloran	NSW	-33.2323	151.4367
2259	Kingfisher Shores	NSW	-33.1713	151.557
2259	Little Jilliby	NSW	-33.2407	151.3701
2259	Hamlyn Terrace	NSW	-33.2512	151.4763
2259	Kiar	NSW	-33.2012	151.4376
2259	Warnervale	NSW	-33.2466	151.4517
2259	Wyongah	NSW	-33.2747	151.489
2259	Gwandalan	NSW	-33.1354	151.5829
2259	Durren Durren	NSW	-33.1819	151.3952
2259	Alison	NSW	-33.2768	151.4021
2259	Moonee	NSW	-30.2057	153.1529
2259	Tacoma South	NSW	-33.293	151.4534
2259	Lemon Tree	NSW	-33.1492	151.3635
2259	Watanobbi	NSW	-33.2677	151.4225
2259	Mardi	NSW	-33.2937	151.4015
2259	Bushells Ridge	NSW	-33.21	151.4747
2259	Cedar Brush Creek	NSW	-33.1667	151.2833
2259	Tuggerawong	NSW	-33.2804	151.4804
2259	Freemans	NSW	-33.2063	151.6012
2259	South Tacoma	NSW	-33.1456	151.5011
2259	Point Wolstoncroft	NSW	-33.1167	151.5868
2259	Summerland Point	NSW	-33.1409	151.5656
2259	Crangan Bay	NSW	-33.1735	151.5882
2259	Frazer Park	NSW	-33.1456	151.5011
2259	Dooralong	NSW	-33.1833	151.35
2259	Wyong Creek	NSW	-33.2667	151.3667
2259	Lake Munmorah	NSW	-33.1972	151.5824
2259	Wyee	NSW	-33.1825	151.488
2259	Jilliby	NSW	-33.2261	151.4168
2259	Wadalba	NSW	-33.2723	151.4649
2259	Wyong	NSW	-33.2825	151.4233
2259	Wybung	NSW	-33.1456	151.5011
2259	Tuggerah	NSW	-33.3067	151.4288
2259	Wyee Point	NSW	-33.1458	151.5078
2259	Woongarrah	NSW	-33.2413	151.4756
2259	Yarramalong	NSW	-33.2333	151.2833
2259	Chain Valley Bay	NSW	-33.1724	151.5714
2259	Mannering Park	NSW	-33.1581	151.5348
2259	Rocky Point	NSW	-33.2934	151.4699
2259	Tacoma	NSW	-33.2879	151.4624
2259	Wallarah	NSW	-33.2291	151.4547
2259	Ravensdale	NSW	-33.1744	151.3007
2265	Cooranbong	NSW	-33.0762	151.4541
2265	Martinsville	NSW	-33.0667	151.4167
2322	Woodberry	NSW	-32.7931	151.6769
2322	Chisholm	NSW	-32.819	151.6539
2322	Thornton	NSW	-32.7833	151.6333
2322	Beresfield	NSW	-32.8	151.65
2322	Stockrington	NSW	-32.8585	151.606
2322	Tarro	NSW	-32.8	151.6667
2322	Hexham	NSW	-32.8293	151.6844
2322	Black Hill	NSW	-32.8377	151.6187
2322	Tomago	NSW	-32.827	151.7131
2322	Lenaghan	NSW	-32.8417	151.6359
2327	Kurri Kurri	NSW	-32.8193	151.4791
2327	Stanford Merthyr	NSW	-32.8247	151.4936
2327	Pelaw Main	NSW	-32.8378	151.4815
2365	Black Mountain	NSW	-30.3107	151.6582
2365	Ben Lomond	NSW	-30.0167	151.6667
2365	Bald Blair	NSW	-30.2607	151.5837
2365	Georges Creek	NSW	-30.7461	152.1945
2365	The Basin	NSW	-30.2607	151.5837
2365	Oban	NSW	-30.1333	151.8667
2365	New Valley	NSW	-30.2607	151.5837
2365	Brushy Creek	NSW	-30.2607	151.5837
2365	Briarbrook	NSW	-30.2607	151.5837
2365	Baldersleigh	NSW	-30.2555	151.426
2365	Glen Nevis	NSW	-30.2607	151.5837
2365	Guyra	NSW	-30.2168	151.6678
2365	Falconer	NSW	-30.2607	151.5837
2365	Llangothlin	NSW	-30.1372	151.6843
2365	The Gulf	NSW	-29.3167	151.4833
2365	Bassendean	NSW	-30.2607	151.5837
2365	Brockley	NSW	-30.2605	151.8466
2365	Green Hills	NSW	-32.9176	149.5836
2365	Maybole	NSW	-29.8985	151.5846
2365	Backwater	NSW	-30.0652	151.8846
2365	Glencoe	NSW	-29.9249	151.7223
2365	Wandsworth	NSW	-30.0671	151.52
2365	Tenterden	NSW	-30.1318	151.4346
2365	Tubbamurra	NSW	-30.1152	151.7679
2365	South Guyra	NSW	-30.2343	151.6742
2365	Mount Mitchell	NSW	-29.9441	151.8412
2450	Coffs Harbour Plaza	NSW	-30.2818	153.0168
2450	Boambee	NSW	-30.3398	153.0678
2450	Lower Bucca	NSW	-30.15	153.0833
2450	Bucca	NSW	-30.1574	153.0958
2450	Nana Glen	NSW	-30.1333	153.0167
2450	Dairyville	NSW	-30.2667	152.9667
2450	North Boambee Valley	NSW	-30.313	153.0693
2450	Korora	NSW	-30.2462	153.1149
2450	Lowanna	NSW	-30.2167	152.9
2450	Sapphire Beach	NSW	-30.2261	153.1363
2450	Glenreagh	NSW	-30.0534	152.9786
2450	Moonee Beach	NSW	-30.2057	153.1529
2450	Ulong	NSW	-30.2384	152.8799
2450	Sherwood	NSW	-31.0649	152.7288
2450	Coffs Harbour	NSW	-30.2963	153.1135
2450	Coffs Harbour Dc	NSW	-30.2818	153.0168
2450	Upper Orara	NSW	-30.2833	153
2450	Karangi	NSW	-30.2667	153.05
2450	Brooklana	NSW	-30.2928	152.8913
2450	Coramba	NSW	-30.2202	153.0134
2450	Bonville	NSW	-30.3828	153.0596
2450	Coffs Harbour Jetty	NSW	-30.2818	153.0168
2456	Dirty Creek	NSW	-30.0765	153.1879
2456	Arrawarra Headland	NSW	-30.0703	153.1974
2456	Upper Corindi	NSW	-30.0388	153.1131
2456	Arrawarra	NSW	-30.0606	153.1907
2456	Mullaway	NSW	-30.0804	153.1959
2456	Safety Beach	NSW	-30.0929	153.1947
2456	Woolgoolga	NSW	-30.1106	153.2007
2456	Corindi Beach	NSW	-30.0167	153.1856
2456	Emerald Beach	NSW	-30.1639	153.1819
2456	Red Rock	NSW	-29.9845	153.2262
2456	Sandy Beach	NSW	-30.1468	153.1924
2462	Lavadia	NSW	-29.7129	153.0718
2462	Tucabia	NSW	-29.6636	153.1043
2462	Ulmarra	NSW	-29.6329	153.0308
2462	Coldstream	NSW	-29.6005	153.1053
2462	Diggers Camp	NSW	-29.8133	153.2884
2462	Minnie Water	NSW	-29.7759	153.2973
2462	Pillar Valley	NSW	-29.7597	153.1216
2462	Calliope	NSW	-29.7276	153.1609
2462	Swan Creek	NSW	-29.7276	153.1609
2462	Lake Hiawatha	NSW	-29.7276	153.1609
2462	Wooli	NSW	-29.8616	153.2677
2462	Gilletts Ridge	NSW	-29.7276	153.1609
2463	Brooms Head	NSW	-29.609	153.3386
2463	Palmers Island	NSW	-29.4198	153.2884
2463	Shark Creek	NSW	-29.541	153.1983
2463	Tullymorgan	NSW	-29.3735	153.1179
2463	James Creek	NSW	-29.4561	153.2495
2463	Sandon	NSW	-29.6775	153.331
2463	Gulmarrad	NSW	-29.487	153.2334
2463	The Sandon	NSW	-29.4833	153.223
2463	Palmers Channel	NSW	-29.4693	153.2679
2463	Townsend	NSW	-29.4662	153.2207
2463	Woodford	NSW	-29.4833	153.223
2463	Ashby Heights	NSW	-29.4833	153.223
2463	Ashby Island	NSW	-29.4833	153.223
2463	Ilarwill	NSW	-29.4818	153.1846
2463	Jacky Bulbin Flat	NSW	-29.305	153.136
2463	Ashby	NSW	-29.4318	153.1929
2463	Maclean	NSW	-29.4581	153.1975
2463	Woodford Island	NSW	-29.5352	153.1379
2463	Taloumbi	NSW	-29.5376	153.251
2464	Angourie	NSW	-29.4763	153.3588
2464	Yuraygir	NSW	-29.532	153.335
2464	Wooloweyah	NSW	-29.4809	153.3428
2464	Freeburn Island	NSW	-29.4042	153.3322
2464	Micalo Island	NSW	-29.4662	153.3456
2464	Yamba	NSW	-29.4375	153.3591
2465	Harwood	NSW	-29.4258	153.2418
2466	Woody Head	NSW	-29.4015	153.3511
2466	Iluka	NSW	-29.4015	153.3511
2466	The Freshwater	NSW	-29.4015	153.3511
2472	Kilgin	NSW	-29.0491	153.376
2472	New Italy	NSW	-29.1318	153.2679
2472	Esk	NSW	-29.0031	153.2993
2472	Trustums Hill	NSW	-29.0031	153.2993
2472	Moonem	NSW	-29.0031	153.2993
2472	Rileys Hill	NSW	-29.0167	153.4
2472	The Gap	NSW	-28.4972	152.9496
2472	Tabbimoble	NSW	-29.1985	153.2679
2472	Buckendoon	NSW	-29.0485	153.3512
2472	Woodburn	NSW	-29.0716	153.3461
2472	Broadwater	NSW	-29.0111	153.4356
1450	Camperdown	NSW	-33.8897	151.1764
2452	Bayldon	NSW	-30.355	153.0877
2452	Toormina	NSW	-30.3538	153.0884
2452	Boambee East	NSW	-30.3466	153.0732
2452	Sawtell	NSW	-30.3646	153.1014
2453	Leigh	NSW	-30.25	152.7167
2453	Marengo	NSW	-30.1725	152.3615
2453	Billys Creek	NSW	-30.1674	152.5747
2453	Tyringham	NSW	-30.2149	152.5434
2453	Dorrigo Mountain	NSW	-30.3893	152.7261
2453	Ebor	NSW	-30.4018	152.349
2453	Wild Cattle Creek	NSW	-30.272	152.6252
2453	Dorrigo	NSW	-30.3411	152.7139
2453	Dundurrabin	NSW	-30.1919	152.5513
2453	North Dorrigo	NSW	-30.2955	152.6862
2453	Tallowwood Ridge	NSW	-30.2192	152.7058
2453	Clouds Creek	NSW	-30.1019	152.6498
2453	Fernbrook	NSW	-30.3407	152.6198
2453	Hernani	NSW	-30.2969	152.4208
2453	Gangara	NSW	-30.272	152.6252
2453	Megan	NSW	-30.2857	152.7691
2453	Dorrigo North	NSW	-30.2955	152.6862
2453	Muldiva	NSW	-30.272	152.6252
2453	Moonpar	NSW	-30.272	152.6252
2453	Deer Vale	NSW	-30.3485	152.5512
2453	Briggsvale	NSW	-30.2497	152.7784
2453	Never Never	NSW	-30.272	152.6252
2453	Glen Fernaigh	NSW	-30.272	152.6252
2453	Cascade	NSW	-30.2317	152.7898
2453	Bielsdown Hills	NSW	-30.3677	152.6814
2453	Maynards Plains	NSW	-30.272	152.6252
2453	Bostobrick	NSW	-30.2771	152.6293
2666	Sebastopol	NSW	-34.5833	147.5333
2666	Trungley Hall	NSW	-34.2985	147.5679
2666	Reefton	NSW	-34.2451	147.4351
2666	Gidginbung	NSW	-34.3333	147.4667
2666	Temora	NSW	-34.4483	147.5356
2666	Narraburra	NSW	-34.3318	147.6512
2666	Springdale	NSW	-34.4667	147.7333
2666	Mimosa	NSW	-34.6	147.45
2666	Pucawan	NSW	-34.4152	147.3512
2666	Combaning	NSW	-34.5082	147.6539
2666	Dirnaseer	NSW	-34.6082	147.7715
2666	Morangarell	NSW	-34.15	147.7
2666	Junee Reefs	NSW	-34.7318	147.6179
2666	Grogan	NSW	-34.3167	147.8
2666	Quandary	NSW	-34.3833	147.3167
2701	Coolamon	NSW	-34.8164	147.1958
2701	Methul	NSW	-34.5985	147.1512
2701	Rannock	NSW	-34.6485	147.2512
2701	Berry Jerry	NSW	-34.7575	147.1954
2701	Tooyal	NSW	-34.9667	147.1833
2388	Jews Lagoon	NSW	-30.5049	149.4088
2388	The Pilliga	NSW	-30.6716	149.3375
2388	Wee Waa	NSW	-30.2266	149.4404
2388	Boolcarroll	NSW	-30.5049	149.4088
2388	Pilliga	NSW	-30.3558	148.8879
2388	Spring Plains	NSW	-31.4	150.25
2388	Merah North	NSW	-30.1831	149.2951
2388	Cuttabri	NSW	-30.3471	149.1341
2388	Yarrie Lake	NSW	-30.35	149.5167
2829	Magometon	NSW	-31.0251	148.6161
2829	Wingadee	NSW	-30.5863	148.2981
2829	Teridgerie	NSW	-30.898	148.833
2829	Coonamble	NSW	-30.9539	148.3888
2829	Gilgooma	NSW	-30.7557	148.5391
2829	Combara	NSW	-31.1168	148.3705
2829	Pine Grove	NSW	-30.8322	148.3799
2829	Tooloon	NSW	-31.0349	148.1998
2829	Conimbia	NSW	-30.7167	148.0167
2829	Urawilkie	NSW	-30.8322	148.3799
2829	Nebea	NSW	-30.9	148.5667
2829	Gungalman	NSW	-30.4667	147.9
2829	Billeroy	NSW	-30.7	148.45
2588	Wallendbeen	NSW	-34.5333	148.15
2588	Cullinga	NSW	-34.5333	148.15
2727	Adjungbilly	NSW	-35.0861	148.4147
2727	Gobarralong	NSW	-34.9902	148.2512
2727	Mingay	NSW	-35.0016	148.277
2727	Coolac	NSW	-34.9285	148.1651
2729	Sharps Creek	NSW	-35.3917	148.0402
2729	Westwood	NSW	-35.0668	147.9251
2729	Black Creek	NSW	-35.0668	147.9251
2729	Ellerslie	NSW	-33.3103	147.2462
2729	Mundarlo	NSW	-35.0974	147.8123
2729	Sandy Gully	NSW	-35.0668	147.9251
2729	Cooleys Creek	NSW	-35.0668	147.9251
2729	Califat	NSW	-35.0668	147.9251
2729	The Grove	NSW	-35.0668	147.9251
2729	Mount Adrah	NSW	-35.2097	147.8954
2729	Back Creek	NSW	-35.0668	147.9251
2729	Grahamstown	NSW	-35.2638	148.0327
2729	Yaven Creek	NSW	-35.0668	147.9251
2729	Bangadang	NSW	-35.0668	147.9251
2729	Adelong	NSW	-35.3049	148.069
2729	Mount Horeb	NSW	-35.2057	148.0353
2729	Tumblong	NSW	-35.1425	148.0043
2729	Wondalga	NSW	-35.4049	148.12
2729	Darlow	NSW	-35.3374	147.9959
2792	Burnt Yards	NSW	-33.5833	149.0167
2792	Mandurama	NSW	-33.6508	148.9733
2793	Mount Mcdonald	NSW	-33.9	148.95
2793	Roseberg	NSW	-33.8342	149.0498
2793	Darbys Falls	NSW	-33.9024	148.856
2793	Woodstock	NSW	-33.7446	148.8489
2797	Garland	NSW	-33.7167	149.0333
2797	Lyndhurst	NSW	-33.6733	149.0477
2799	Blayney	NSW	-33.5323	149.2537
2799	Fitzgeralds Mount	NSW	-33.5124	149.3723
2799	Vittoria	NSW	-33.5707	149.2724
2799	Neville	NSW	-33.7118	149.2182
2799	Kings Plains	NSW	-33.5	149.3333
2799	Barry	NSW	-33.6484	149.2743
2799	Browns Creek	NSW	-33.5195	149.1825
2804	Billimari	NSW	-33.6741	148.6196
2804	Nyrang Creek	NSW	-33.5333	148.55
2804	Burdett	NSW	-33.4167	148.6
2804	Moorbel	NSW	-33.5588	148.7008
2804	Canowindra	NSW	-33.5625	148.6643
2807	Koorawatha	NSW	-34.0378	148.5561
1750	North Parramatta	NSW	-33.7935	151.0012
1830	Granville	NSW	-33.8406	151.0075
1831	Granville	NSW	-33.8406	151.0075
2143	Regents Park Dc	NSW	-33.8897	151.0237
2143	Potts Hill	NSW	-33.8931	151.0337
2143	Birrong	NSW	-33.8925	151.0207
2143	Regents Park	NSW	-33.8833	151.0167
2144	Auburn	NSW	-33.85	151.0333
2144	Auburn South	NSW	-33.85	151.0333
2146	Toongabbie East	NSW	-33.7855	150.9595
2146	Toongabbie	NSW	-33.7833	150.95
2146	Old Toongabbie	NSW	-33.7876	150.969
2148	Huntingwood	NSW	-33.7975	150.8799
2148	Blacktown	NSW	-33.7667	150.9167
2148	Marayong	NSW	-33.7482	150.8927
2148	Blacktown Westpoint	NSW	-33.7744	150.8987
2148	Arndell Park	NSW	-33.7893	150.8816
2148	Prospect	NSW	-33.8015	150.9136
2148	Kings Park	NSW	-33.7432	150.9076
2162	Chester Hill	NSW	-33.879	150.9995
2162	Sefton	NSW	-33.8877	151.0105
2164	Smithfield	NSW	-33.85	150.9333
2164	Woodpark	NSW	-33.8414	150.9605
2164	Smithfield West	NSW	-33.8667	150.917
2164	Wetherill Park	NSW	-33.8428	150.9006
2164	Wetherill Park Bc	NSW	-33.8502	150.9279
2165	Fairfield Heights	NSW	-33.8644	150.9388
2165	Fairfield	NSW	-33.8667	150.95
2165	Fairfield West	NSW	-33.8667	150.917
2165	Fairfield East	NSW	-33.8694	150.9713
2800	Emu Swamp	NSW	-33.3153	149.1779
2800	Springside	NSW	-33.3354	149.2323
2800	Shadforth	NSW	-33.3918	149.1997
2800	Cargo	NSW	-33.4241	148.809
2800	Cadia	NSW	-33.4485	148.9846
2800	Byng	NSW	-33.3476	149.2551
2800	Lower Lewis Ponds	NSW	-33.2192	149.2514
2800	Orange	NSW	-33.284	149.1002
2800	Belgravia	NSW	-33.1152	149.0346
2800	Spring Hill	NSW	-33.3988	149.1525
2800	Bowen	NSW	-33.5719	150.6256
2800	Kerrs Creek	NSW	-33.0505	149.1004
2800	Borenore	NSW	-33.2346	148.9815
2800	Clifton Grove	NSW	-33.2547	149.156
2800	Lucknow	NSW	-33.346	149.1621
2800	Orange Moulder Street	NSW	-33.3354	149.2323
2800	Glenroi	NSW	-33.3006	149.1052
2800	Kangaroobie	NSW	-33.1698	149.0497
2800	Calare	NSW	-33.3354	149.2323
2800	Narrambla	NSW	-33.3354	149.2323
2800	Huntley	NSW	-33.3695	149.1343
2800	Cheesemans Creek	NSW	-33.3354	149.2323
2800	Nashdale	NSW	-33.2833	149.0333
2800	Long Point	NSW	-34.0167	150.9
2800	Summer Hill	NSW	-33.8915	151.1382
2800	Canobolas	NSW	-33.3555	149.0032
2800	Bloomfield	NSW	-33.3198	149.0922
2800	Summer Hill Creek	NSW	-33.2054	149.1442
2800	Cranbury	NSW	-33.4	148.7
2800	Bletchington	NSW	-33.2685	149.0942
2800	Cullya	NSW	-33.3354	149.2323
2800	Suma Park	NSW	-33.3354	149.2323
2800	Lidster	NSW	-33.2862	148.9512
2800	Mullion Creek	NSW	-33.1252	149.1276
2800	Spring Creek	NSW	-33.3354	149.2323
2800	March	NSW	-33.2197	149.0749
2800	Windera	NSW	-33.3354	149.2323
2800	Four Mile Creek	NSW	-33.4318	148.9512
2800	Orange East	NSW	-33.3354	149.2323
2800	Panuara	NSW	-33.5007	148.9533
2800	Ammerdown	NSW	-33.3354	149.2323
2800	Clergate	NSW	-33.1833	149.1333
2800	Waldegrave	NSW	-33.3354	149.2323
2800	Warrendine	NSW	-33.3354	149.2323
2800	Ophir	NSW	-33.1667	149.2333
2800	Kaleentha	NSW	-33.3354	149.2323
2800	Orange Dc	NSW	-33.3354	149.2323
2800	Towac	NSW	-33.3354	149.2323
2800	Pinnacle	NSW	-33.3354	149.2323
2800	Lewis Ponds	NSW	-33.2667	149.2667
2800	Boree	NSW	-33.2411	148.8221
2818	Terrabella	NSW	-32.4318	148.7429
2818	Ponto	NSW	-32.4469	148.7989
2818	Benolong	NSW	-32.4282	148.7018
2818	Geurie	NSW	-32.4006	148.8303
2820	Mumbil	NSW	-32.7167	149.05
2820	Mount Aquila	NSW	-32.8572	149.1569
2820	Yarragal	NSW	-32.5929	149.1136
2820	Apsley	NSW	-32.5985	148.9679
2820	Curra Creek	NSW	-32.6985	148.8179
2820	Walmer	NSW	-32.6667	148.75
2820	Dripstone	NSW	-32.65	149
2820	Arthurville	NSW	-32.5667	148.75
2820	Bakers Swamp	NSW	-32.781	148.9153
2820	Maryvale	NSW	-32.4735	148.9012
2820	Wuuluman	NSW	-32.55	149.0833
2820	Spicers Creek	NSW	-32.3119	149.1598
2820	Suntop	NSW	-32.5652	148.8346
2820	Mookerawa	NSW	-32.7852	149.1295
2820	North Yeoval	NSW	-32.7386	148.6571
2820	Medway	NSW	-34.4916	150.2823
2820	Lake Burrendong	NSW	-32.7763	149.0256
2820	Montefiores	NSW	-32.5333	148.9333
2820	Farnham	NSW	-32.85	149.0833
2820	Mount Arthur	NSW	-32.5816	148.9237
2820	Bodangora	NSW	-32.45	149
2820	Gollan	NSW	-32.2667	149.0833
2820	Nanima	NSW	-35.0129	149.1277
2820	Wellington	NSW	-32.5559	148.9451
2820	Neurea	NSW	-32.69	148.9489
2820	Stuart Town	NSW	-32.8	149.0833
2820	Comobella	NSW	-32.4	148.9667
2866	Garra	NSW	-33.1167	148.7667
2866	Molong	NSW	-33.0923	148.87
2866	Amaroo	NSW	-33.1595	148.9274
2866	Larras Lee	NSW	-33	148.85
2866	Euchareena	NSW	-32.9167	149.1167
2866	The Shades	NSW	-33.0191	148.9177
2866	Boomey	NSW	-32.9927	148.9636
2866	Cundumbul	NSW	-32.8557	148.9296
2866	Warnecliffe	NSW	-33.0191	148.9177
2867	Eurimbula	NSW	-32.8812	148.6995
2867	Cumnock	NSW	-32.9306	148.7549
2867	Loombah	NSW	-32.8812	148.6995
2867	Eurimbla	NSW	-32.8463	148.8435
2867	Baldry	NSW	-32.8667	148.5
2867	Yullundry	NSW	-32.8812	148.6995
2868	North Yeoval	NSW	-32.7386	148.6571
2868	Obley	NSW	-32.7	148.5667
2868	Bournewood	NSW	-32.7309	148.624
2868	Yeoval	NSW	-32.7542	148.6481
2310	Hunter Region Mc	NSW	-32.5941	151.8862
2311	Bonnington Park	NSW	-32.356	151.5208
2311	East Gresford	NSW	-32.4138	151.5565
2311	Mount Rivers	NSW	-32.3652	151.4846
2311	Lostock	NSW	-32.3333	151.45
2311	Bingleburra	NSW	-32.3802	151.6238
2311	Lewinsbrook	NSW	-32.4363	151.5622
2311	Upper Allyn	NSW	-32.356	151.5208
2311	Allynbrook	NSW	-32.3614	151.5364
2311	Halton	NSW	-32.3167	151.5167
2311	Eccleston	NSW	-32.25	151.5
2311	Carrabolla	NSW	-32.2757	151.4402
2311	Gresford	NSW	-32.4273	151.5375
2320	Gosforth	NSW	-32.6523	151.4897
2320	Farley	NSW	-32.7333	151.5167
2320	Windella	NSW	-32.7033	151.4802
2320	Glen Oak	NSW	-32.6167	151.7167
2320	Maitland Vale	NSW	-32.6769	151.5557
2320	Anambah	NSW	-32.6718	151.4951
2320	Rutherford	NSW	-32.7167	151.5333
2320	Bolwarra	NSW	-32.7167	151.5667
2320	Hillsborough	NSW	-32.9655	151.6724
2320	Telarah	NSW	-32.7288	151.5345
2320	Pokolbin	NSW	-32.8	151.2833
2320	Aberglasslyn	NSW	-32.7	151.5333
2320	Rothbury	NSW	-32.7485	151.3429
2320	Maitland North	NSW	-32.72	151.5334
2320	Allandale	NSW	-32.7246	151.4094
2320	Oakhampton	NSW	-32.7	151.5667
2320	Melville	NSW	-32.72	151.5334
2320	Horseshoe Bend	NSW	-32.7353	151.5683
2320	Largs	NSW	-32.7	151.6
2320	Keinbah	NSW	-32.7599	151.4033
2320	Bolwarra Heights	NSW	-32.701	151.5854
2320	Wallalong	NSW	-32.6956	151.6496
2320	Lorn	NSW	-32.727	151.5724
2320	Louth Park	NSW	-32.7709	151.5483
2320	Mount Dee	NSW	-32.72	151.5334
2320	Mindaribba	NSW	-32.6572	151.5867
2320	Rosebrook	NSW	-32.65	151.5167
2320	South Maitland	NSW	-32.7453	151.5634
2320	Oakhampton Heights	NSW	-32.7104	151.5537
2320	Maitland	NSW	-32.7331	151.5574
2415	Upper Karuah River	NSW	-32.3241	151.9093
2415	Nooroo	NSW	-32.3943	151.901
2415	Stroud Road	NSW	-32.35	151.9333
2415	Monkerai	NSW	-32.2915	151.8602
2415	Weismantels	NSW	-32.2608	151.9427
2420	Wirragulla	NSW	-32.4773	151.7521
2420	Sugarloaf	NSW	-32.3895	151.719
2420	Martins Creek	NSW	-32.55	151.6167
2420	Dungog	NSW	-32.4043	151.7519
2420	Munni	NSW	-32.334	151.67
2420	Chichester	NSW	-32.2	151.6167
2420	Wallarobba	NSW	-32.4881	151.7017
2420	Wallaringa	NSW	-32.4479	151.6759
2420	Tabbil Creek	NSW	-32.4145	151.7399
2420	Underbank	NSW	-32.2811	151.6062
2420	Main Creek	NSW	-32.297	151.8026
2420	Brookfield	NSW	-32.5093	151.7596
2420	Alison	NSW	-33.2768	151.4021
2420	Salisbury	NSW	-32.25	151.5667
2420	Hilldale	NSW	-32.5069	151.6502
2420	Fosterton	NSW	-32.3474	151.7612
2420	Bendolba	NSW	-32.3518	151.7301
2420	Dingadee	NSW	-32.4397	151.6947
2420	Stroud Hill	NSW	-32.3841	151.7868
2420	Marshdale	NSW	-32.4362	151.7928
2420	Cambra	NSW	-32.4397	151.6947
2420	Bandon Grove	NSW	-32.4397	151.6947
2420	Tillegra	NSW	-32.4397	151.6947
2420	Brownmore	NSW	-32.4397	151.6947
2420	Upper Chichester	NSW	-32.4397	151.6947
2420	Dusodie	NSW	-32.4397	151.6947
2420	Flat Tops	NSW	-32.4639	151.8123
2420	Hanleys Creek	NSW	-32.4245	151.6734
2716	Jerilderie	NSW	-35.3576	145.7296
2716	Mairjimmy	NSW	-35.4932	145.7475
2716	Gala Vale	NSW	-34.5833	145.8019
2716	Mabins Well	NSW	-34.5833	145.8019
2716	Coree South	NSW	-35.3454	145.4289
2716	Four Corners	NSW	-32.137	146.3013
2733	Moulamein	NSW	-35.0906	144.0363
2733	Perekerten	NSW	-35.1426	144.0724
2733	Dhuragoon	NSW	-35.1946	144.1085
2733	Niemur	NSW	-35.1426	144.0724
2537	Moruya	NSW	-35.9125	150.0814
2537	Coila	NSW	-36.0068	150.0965
2537	Turlinjah	NSW	-36.0333	150.1
2537	Broulee	NSW	-35.8547	150.1739
2537	Mogendoura	NSW	-35.8652	150.0512
2537	Deua River Valley	NSW	-35.8298	149.9836
2537	Deua	NSW	-35.8298	149.9836
2537	Kiora	NSW	-35.9052	150.0151
2537	Bergalia	NSW	-35.9818	150.1012
2537	Tuross Head	NSW	-36.0533	150.1332
2537	Moruya Heads	NSW	-35.9177	150.1537
2537	Congo	NSW	-35.9563	150.1491
2537	Bingie	NSW	-36.0105	150.1483
2537	Tomakin	NSW	-35.8233	150.1879
2537	Wamban	NSW	-35.9518	150.0276
2537	Mossy Point	NSW	-35.8398	150.1804
2537	Meringo	NSW	-35.9803	150.1346
2545	Stony Creek	NSW	-36.2891	148.7385
2545	Potato Point	NSW	-36.0946	150.1389
2545	Cadgee	NSW	-36.1582	149.8996
2545	Belowra	NSW	-36.199	149.7088
2545	Eurobodalla	NSW	-36.1485	149.9679
2545	Bodalla	NSW	-36.0912	150.0506
2545	Nerrigundah	NSW	-36.1167	149.9
2622	Oranmeir	NSW	-35.4753	149.7926
2622	Hereford Hall	NSW	-35.7717	149.5701
2622	Jembaicumbene	NSW	-35.4753	149.7926
2622	Merricumbene	NSW	-35.7335	149.896
2622	Neringla	NSW	-35.7553	149.8239
2622	Gundillion	NSW	-35.4753	149.7926
2622	Braidwood	NSW	-35.4415	149.7998
2622	Araluen North	NSW	-35.4753	149.7926
2622	Kindervale	NSW	-35.6164	149.6091
2622	Jerrabattculla	NSW	-35.4753	149.7926
2622	Jerrabattgulla	NSW	-35.6929	149.587
2622	Murrengenburg	NSW	-35.4753	149.7926
2622	Tomboye	NSW	-35.2712	149.9424
2622	Araluen	NSW	-35.6459	149.8174
2622	Kain	NSW	-35.7167	149.5667
2622	Jinden	NSW	-35.9041	149.5747
2622	Tolwong	NSW	-35.4753	149.7926
2622	Boro	NSW	-35.15	149.6667
2622	Touga	NSW	-34.9546	150.0911
2622	Monga	NSW	-35.5755	149.9204
2622	Wyanbene	NSW	-35.7678	149.6651
2622	Majors Creek	NSW	-35.5689	149.7455
2622	Krawarree	NSW	-35.8152	149.6346
2622	Oallen	NSW	-35.1665	149.9622
2622	Endrick	NSW	-35.4753	149.7926
2622	Mulloon	NSW	-35.2982	149.6088
2622	Berlang	NSW	-35.4753	149.7926
2622	Bombay	NSW	-35.4753	149.7926
2622	Wog Wog	NSW	-35.2944	150.0327
2622	Palerang	NSW	-35.4753	149.7926
2622	Sassafras	NSW	-35.1	150.25
2622	St George	NSW	-35.4753	149.7926
2622	Quiera	NSW	-35.4753	149.7926
2622	Snowball	NSW	-35.9333	149.5833
2622	Bulee	NSW	-35.4753	149.7926
2622	Coolumburra	NSW	-35.4753	149.7926
2622	Tianjara	NSW	-35.1167	150.3333
2622	Manar	NSW	-35.2693	149.6782
2622	Budawang	NSW	-35.4507	149.9657
2622	Jingera	NSW	-35.6673	149.4287
2622	Back Creek	NSW	-35.4753	149.7926
2622	Larbert	NSW	-35.2985	149.7679
2622	Charleys Forest	NSW	-35.3558	149.9957
2622	Mongarlowe	NSW	-35.4333	149.9333
2622	Reidsdale	NSW	-35.5818	149.8512
2622	Marlowe	NSW	-35.3	149.8833
2622	Ballalaba	NSW	-35.5902	149.6655
2622	Northangera	NSW	-35.4703	149.9267
2622	Durran Durra	NSW	-35.3529	149.8787
2622	Bendoura	NSW	-35.5167	149.7
2622	Harolds Cross	NSW	-35.5641	149.5545
2622	Warri	NSW	-35.5617	149.2356
2622	Nerriga	NSW	-35.1167	150.0833
2622	Corang	NSW	-35.2	150.0167
2622	Farringdon	NSW	-35.517	149.6661
1851	Wetherill Park Dc	NSW	-33.8428	150.9006
1851	Wetherill Park	NSW	-33.8428	150.9006
1860	Fairfield	NSW	-33.8667	150.95
2161	Yennora	NSW	-33.8617	150.9686
2161	Guildford	NSW	-33.8586	150.9946
2161	Old Guildford	NSW	-33.8643	150.9839
2161	Guildford West	NSW	-33.8494	150.9648
2166	Canley Vale	NSW	-33.8866	150.948
2166	Cabramatta West	NSW	-33.893	150.9119
2166	Canley Heights	NSW	-33.8826	150.9241
2166	Cabramatta	NSW	-33.8974	150.9345
2166	Lansvale	NSW	-33.9007	150.9508
2170	Liverpool	NSW	-33.9194	150.9259
2170	Chipping Norton	NSW	-33.918	150.9593
2170	Hammondville	NSW	-33.9483	150.9521
2170	Lurnea	NSW	-33.9354	150.8967
2170	Casula	NSW	-33.9522	150.8995
2170	Moorebank	NSW	-33.9437	150.9566
2170	Liverpool South	NSW	-33.9305	150.9226
2170	Prestons	NSW	-33.9419	150.8717
2170	Warwick Farm	NSW	-33.9129	150.937
2170	Casula Mall	NSW	-33.9305	150.9226
2170	Liverpool Westfield	NSW	-33.9305	150.9226
2170	Mount Pritchard	NSW	-33.903	150.9046
2175	Horsley Park	NSW	-33.8432	150.8489
2176	St Johns Park	NSW	-33.883	150.9018
2176	Prairiewood	NSW	-33.8632	150.9052
2176	Wakeley	NSW	-33.8743	150.9098
2176	Bossley Park	NSW	-33.8618	150.8841
2176	Abbotsbury	NSW	-33.8701	150.8612
2176	Greenfield Park	NSW	-33.8746	150.8919
2176	Edensor Park	NSW	-33.8797	150.8778
2177	Bonnyrigg	NSW	-33.8936	150.8891
2177	Wentworth Port	NSW	-33.8924	150.8795
2177	Bonnyrigg Heights	NSW	-33.8912	150.8699
2178	Mount Vernon	NSW	-33.8604	150.8101
2178	Kemps Creek	NSW	-33.8806	150.7876
2178	Cecil Park	NSW	-33.8743	150.8418
2642	Yerong Creek	NSW	-35.3887	147.058
2642	Khancoban	NSW	-36.2166	148.1299
2642	Jagungal Wilderness	NSW	-35.8976	147.3391
2642	Indi	NSW	-35.8976	147.3391
2642	Greg Greg	NSW	-36.0485	148.0512
2642	Glenellen	NSW	-35.9152	146.9179
2642	Walbundrie	NSW	-35.6938	146.742
2642	Gerogery	NSW	-35.8344	146.9928
2642	Tooma	NSW	-35.9707	148.0518
2642	Welaregang	NSW	-35.998	147.9637
2642	Jagumba	NSW	-35.8976	147.3391
2642	Bidgeemia	NSW	-35.8976	147.3391
2642	Murray Gorge	NSW	-35.8976	147.3391
2642	Jingellic	NSW	-35.9152	147.6846
2642	Jindera	NSW	-35.9547	146.8885
2642	Rand	NSW	-35.6008	146.6235
2642	Brocklesby	NSW	-35.8249	146.6751
2642	Geehi	NSW	-36.3667	148.1667
2642	Burrumbuttock	NSW	-35.8375	146.8023
2642	Wrathall	NSW	-35.8976	147.3391
2643	Howlong	NSW	-35.982	146.6325
2671	West Wyalong	NSW	-33.9237	147.2047
2671	Wyalong	NSW	-33.9257	147.2426
2671	Burcher	NSW	-33.5141	147.2532
2671	Alleena	NSW	-34.0688	147.1392
2671	Lake Cowal	NSW	-33.6877	147.3586
2671	North Yalgogrin	NSW	-33.8403	146.8489
2671	Back Creek	NSW	-33.8267	147.1746
2806	Trajere	NSW	-33.4833	148.3833
2806	Eugowra	NSW	-33.4273	148.3714
2806	Nanami	NSW	-33.5333	148.4
2810	Pullabooka	NSW	-33.7452	147.7893
2810	Piney Range	NSW	-33.85	147.9167
2810	Caragabal	NSW	-33.8333	147.75
2810	Glenelg	NSW	-33.8568	147.9645
2810	Grenfell	NSW	-33.8955	148.1644
2810	Pinnacle	NSW	-33.8568	147.9645
2810	Warraderry	NSW	-33.7667	148.2167
2810	Bimbi	NSW	-34.05	147.95
2875	Trundle	NSW	-32.9248	147.7105
2875	The Troffs	NSW	-32.8333	147.6667
2875	Yarrabandai	NSW	-33.128	147.579
2875	Fifield	NSW	-32.808	147.4592
2875	Bruie Plains	NSW	-32.7833	147.85
2875	Ootha	NSW	-33.1219	147.4463
2876	Gunningbland	NSW	-33.1193	147.9146
2876	Nelungaloo	NSW	-33.1333	148
2876	Gunning Gap	NSW	-33.1231	147.9104
2876	Bogan Gate	NSW	-33.1167	147.8167
2876	Botfields	NSW	-33.1231	147.9104
2877	Kiacatoo	NSW	-33.0652	146.8179
2877	Mulguthrie	NSW	-32.8231	146.6359
2877	Boona Mount	NSW	-32.621	147.1822
2877	Derriwong	NSW	-33.0985	147.3346
2877	Milby	NSW	-32.8231	146.6359
2877	Mount Hope	NSW	-32.839	145.8806
2877	Euabalong	NSW	-33.1101	146.4703
2877	Eremerang	NSW	-32.6274	146.3999
2877	Condobolin	NSW	-33.0888	147.1514
2877	Bobadah	NSW	-32.3083	146.6914
2877	Gilgunnia	NSW	-32.415	146.0354
2877	Euabalong West	NSW	-33.0574	146.3957
1480	Kingsgrove	NSW	-33.9393	151.0993
1481	Hurstville Bc	NSW	-33.9537	151.1175
1484	Kingsgrove Dc	NSW	-33.9537	151.1175
1493	Hurstville	NSW	-33.9799	151.0903
1499	Sutherland	NSW	-34.031	151.0553
2217	Kogarah Bay	NSW	-33.9795	151.1212
2217	Monterey	NSW	-33.9725	151.1481
2217	Ramsgate Beach	NSW	-33.9852	151.1463
2217	Ramsgate	NSW	-33.9822	151.14
2217	Kogarah	NSW	-33.9681	151.1356
2217	Beverley Park	NSW	-33.9771	151.1344
2219	Sandringham	NSW	-33.9945	151.1391
2219	Sans Souci	NSW	-33.9899	151.1333
2219	Dolls Point	NSW	-33.9934	151.1447
2220	Hurstville Grove	NSW	-33.9799	151.0903
2220	Hurstville Westfield	NSW	-33.9799	151.0903
2220	Hurstville	NSW	-33.9799	151.0903
2221	Kyle Bay	NSW	-33.9879	151.0994
2221	Blakehurst	NSW	-33.9915	151.1088
2221	South Hurstville	NSW	-33.9776	151.1055
2221	Carss Park	NSW	-33.9867	151.1173
2221	Connells Point	NSW	-33.9883	151.0909
2222	Penshurst	NSW	-33.9667	151.0833
2223	Mortdale	NSW	-33.969	151.0723
2223	Oatley	NSW	-33.98	151.072
2817	Tooraweenah	NSW	-31.4333	148.9
2817	Tonderburine	NSW	-31.347	148.8225
2822	Eumungerie	NSW	-31.95	148.6215
2822	Balladoran	NSW	-31.865	148.6521
2828	Armatree	NSW	-31.446	148.4748
2828	Black Hollow	NSW	-31.311	148.6349
2828	Gulargambone	NSW	-31.3353	148.4725
2828	Bourbah	NSW	-31.311	148.6349
2828	Mount Tenandra	NSW	-31.311	148.6349
2828	Quanda	NSW	-31.1158	148.7696
2828	Warrumbungle	NSW	-31.311	148.6349
2828	Tonderburine	NSW	-31.347	148.8225
2842	Yarragrin	NSW	-31.6673	149.1419
2842	Mendooran	NSW	-31.8229	149.1222
2842	New Mollyan	NSW	-31.5952	149.233
2842	Mollyan	NSW	-31.5952	149.233
1208	Haymarket	NSW	-33.8787	151.2053
1236	Haymarket	NSW	-33.8787	151.2053
1237	Haymarket	NSW	-33.8787	151.2053
1238	Haymarket	NSW	-33.8787	151.2053
1239	Haymarket	NSW	-33.8787	151.2053
1240	Haymarket	NSW	-33.8787	151.2053
2581	Tallaganda	NSW	-34.7699	149.2856
2581	Breadalbane	NSW	-34.8	149.4833
2581	Bevendale	NSW	-34.5333	149.1167
2581	Merrill	NSW	-34.6711	149.2782
2581	Bellmount Forest	NSW	-34.9225	149.2427
2581	Lerida	NSW	-34.8748	149.3648
2581	Dalton	NSW	-34.718	149.1932
2581	Lake George	NSW	-35.0998	149.394
2581	Wollogorang	NSW	-34.7699	149.2856
2581	Biala	NSW	-34.5946	149.2626
2581	Lade Vale	NSW	-34.7699	149.2856
2581	Oolong	NSW	-34.7907	149.179
2581	Gunning	NSW	-34.7825	149.2662
2581	Collector	NSW	-34.9167	149.4333
2581	Blakney Creek	NSW	-34.633	149.0212
2581	Cullerin	NSW	-34.7809	149.3564
2581	Broadway	NSW	-34.7699	149.2856
2581	Gurrundah	NSW	-34.661	149.4068
2644	Mountain Creek	NSW	-35.7652	147.1346
2644	Yarara	NSW	-35.7206	147.6406
2644	Coppabella	NSW	-35.7843	147.3529
2644	Lankeys Creek	NSW	-35.8152	147.6512
2644	Wantagong	NSW	-35.7843	147.3529
2644	Woomargama	NSW	-35.8347	147.2451
2644	Holbrook	NSW	-35.721	147.316
2644	Mullengandra	NSW	-35.9012	147.164
2644	Bowna	NSW	-35.9348	147.1372
2644	Little Billabong	NSW	-35.5818	147.5346
2660	Carnsdale	NSW	-35.6637	147.0787
2660	Morven	NSW	-35.6606	147.119
2660	Culcairn	NSW	-35.6667	147.0385
2652	Oberne	NSW	-35.4068	147.8375
2652	Marrar	NSW	-34.8333	147.3667
2652	Old Junee	NSW	-34.8333	147.5333
2652	Mangoplah	NSW	-35.3833	147.25
2652	Galore	NSW	-34.998	146.8128
2652	Cowabbie	NSW	-34.5815	146.9698
2652	Humula	NSW	-35.4896	147.7615
2652	Merriwagga	NSW	-33.8161	145.6242
2652	Boorga	NSW	-34.0326	146.021
2652	Tarcutta	NSW	-35.2774	147.7359
2652	Boree Creek	NSW	-35.1066	146.6085
2652	Landervale	NSW	-34.5458	146.6991
2652	Murrulebale	NSW	-34.8548	146.9767
2652	Grong Grong	NSW	-34.7368	146.7822
2652	Rosewood	NSW	-35.673	147.8626
2652	Goolgowi	NSW	-33.9768	145.7073
2652	Tabbita	NSW	-34.1071	145.8463
2652	Matong	NSW	-34.7671	146.9239
2652	Ladysmith	NSW	-35.2095	147.5118
2652	Uranquinty	NSW	-35.1935	147.246
2652	Gumly Gumly	NSW	-35.1273	147.4335
2341	Werris Creek	NSW	-31.3491	150.6487
2343	Blackville	NSW	-31.6438	150.2361
2343	Colly Blue	NSW	-31.4592	150.1458
2343	Borambil	NSW	-31.5071	150.6419
2343	Walhallow	NSW	-31.5165	150.387
2343	Warrah Ridge	NSW	-31.5667	150.55
2343	Coomoo Coomoo	NSW	-31.5165	150.387
2343	Wallabadah	NSW	-31.5425	150.8282
2343	Caroona	NSW	-31.4066	150.4264
2343	Quirindi	NSW	-31.5076	150.679
2343	Yarraman	NSW	-31.6627	150.1436
2343	Windy	NSW	-31.5976	150.3836
2343	Quipolly	NSW	-31.4284	150.6564
2343	Spring Ridge	NSW	-31.4	150.25
2343	Pine Ridge	NSW	-31.499	150.4539
2343	Bundella	NSW	-31.5664	149.9929
2343	Yannergee	NSW	-31.4437	150.0303
2380	Rangari	NSW	-30.6779	150.3917
2380	Gunnedah	NSW	-30.9807	150.2584
2380	Meermaul	NSW	-31.0333	150.2167
2380	Orange Grove	NSW	-32.0473	146.6726
2380	Ghoolendaadi	NSW	-30.9493	149.8974
2380	Coocooboonah	NSW	-31	150.1333
2380	Milroy	NSW	-31.15	150.05
2380	Kelvin	NSW	-30.8152	150.3512
2380	Emerald Hill	NSW	-30.8833	150.0833
2380	Blue Vale	NSW	-30.8074	150.1541
2380	Noggabri	NSW	-31.0255	149.8413
2380	Burburgate	NSW	-31.0255	149.8413
2380	Gunnembene	NSW	-31.0255	149.8413
2380	Basin Plain	NSW	-31.0255	149.8413
2380	Marys Mount	NSW	-30.9361	150.0459
2382	Willala	NSW	-30.8152	149.8679
2382	Maules Creek	NSW	-30.5437	150.2045
2382	Boggabri	NSW	-30.7095	150.0412
2382	Wean	NSW	-30.7	150.2833
2360	Cherry Tree Hill	NSW	-29.5368	150.9946
2360	Woodstock	NSW	-29.6633	151.1994
2360	Wallangra	NSW	-29.2468	150.8931
2360	Howell	NSW	-29.95	151.0333
2360	Wandera	NSW	-29.6696	151.1474
2360	Swanbrook	NSW	-29.6633	151.1994
2360	Gum Flat	NSW	-29.7791	150.9832
2360	Kings Plains	NSW	-29.6633	151.1994
2360	Newstead	NSW	-29.8333	151.35
2360	Mount Russell	NSW	-29.6772	150.9286
2360	Inverell	NSW	-29.774	151.1117
2360	Brodies Plains	NSW	-29.8094	151.1956
2360	Stanborough	NSW	-29.9869	151.0686
2360	Sapphire	NSW	-29.6846	151.3375
2360	Little Plain	NSW	-29.6633	151.1994
2360	Elsmore	NSW	-29.8065	151.2689
2360	Bukkulla	NSW	-29.5045	151.1293
2360	Rob Roy	NSW	-29.75	151.0167
2360	Oakwood	NSW	-29.6458	151.0442
2360	Gilgai	NSW	-29.8527	151.1181
2360	Nullamanna	NSW	-29.65	151.2167
2360	Auburn Vale	NSW	-29.821	151.0454
2360	Long Plain	NSW	-29.6633	151.1994
2360	Spring Mountain	NSW	-28.5973	153.4457
2360	Graman	NSW	-29.4694	150.9267
2360	Copeton	NSW	-29.8853	150.9323
2360	Paradise	NSW	-29.6633	151.1994
2390	Berrigal	NSW	-30.0177	150.0787
2390	Narrabri West	NSW	-30.3333	149.75
2390	Bohena Creek	NSW	-30.4077	149.6323
2390	Couradda	NSW	-30.0235	149.9609
2390	Tarriaro	NSW	-30.1828	150.1456
2390	Bullawa Creek	NSW	-30.3068	150.0012
2390	Baan Baa	NSW	-30.5978	149.9496
2390	Eulah Creek	NSW	-30.1828	150.1456
2390	Turrawan	NSW	-30.4642	149.8849
2390	Back Creek	NSW	-28.6031	153.0298
2390	Kaputar	NSW	-30.2941	150.1447
2390	Narrabri	NSW	-30.3249	149.7827
2390	Harparary	NSW	-30.5333	150.0167
2390	Jacks Creek	NSW	-30.4977	149.7394
2390	Rocky Creek	NSW	-30.0333	150.2667
2390	Edgeroi	NSW	-30.1221	149.8012
2399	Milguy	NSW	-29.5088	150.1687
2399	Pallamallawa	NSW	-29.4741	150.134
2399	Biniguy	NSW	-29.5435	150.2033
2400	Moree	NSW	-29.4628	149.8416
2400	Mallowa	NSW	-29.6625	149.3256
2400	Tulloona	NSW	-29.8102	149.8062
2400	Tikitere	NSW	-29.8102	149.8062
2400	Bullarah	NSW	-29.5074	149.1209
2400	Terry Hie Hie	NSW	-29.7968	150.148
2400	Moree East	NSW	-29.8102	149.8062
2400	Ashley	NSW	-29.3136	149.8081
2400	Crooble	NSW	-29.2659	150.2555
2400	Yarraman	NSW	-31.6627	150.1436
2403	Koloona	NSW	-29.626	150.7333
2403	Gragin	NSW	-29.6233	150.7789
2403	Myall Creek	NSW	-29.75	150.7667
2403	Delungra	NSW	-29.654	150.83
2403	Balfours Peak	NSW	-29.4632	150.7855
2408	Yallaroi	NSW	-29.1167	150.4833
2408	North Star	NSW	-28.9348	150.3896
2408	Blue Nobby	NSW	-29.0818	150.6586
2408	Mungle	NSW	-28.8445	150.4042
2409	Boonal	NSW	-28.736	150.6239
2409	Boggabilla	NSW	-28.6048	150.3593
2250	Gosford West	NSW	-33.4258	151.317
2250	Kulnura	NSW	-33.205	151.1759
2250	Point Frederick	NSW	-33.4404	151.3432
2250	Mangrove Creek	NSW	-33.35	151.15
2250	North Gosford	NSW	-33.414	151.3516
2250	Springfield	NSW	-33.4277	151.3763
2250	Narara	NSW	-33.3959	151.3353
2250	Wendoree Park	NSW	-33.4566	151.1675
2250	Glenworth Valley	NSW	-33.4073	151.1842
2250	Somersby	NSW	-33.3667	151.2833
2250	Peats Ridge	NSW	-33.3167	151.2333
2250	Holgate	NSW	-33.4	151.4167
2250	Kariong	NSW	-33.4397	151.2945
2250	Donovans Forest	NSW	-33.3953	151.2831
2250	Lisarow	NSW	-33.3833	151.3667
2250	East Gosford	NSW	-33.4387	151.3534
2250	Gosford	NSW	-33.4244	151.344
2250	Upper Mangrove	NSW	-33.2833	151.1167
2250	Mount White	NSW	-33.4532	151.2004
2250	Lower Mangrove	NSW	-33.4	151.15
2250	Mount Elliot	NSW	-33.4009	151.3879
2250	Greengrove	NSW	-33.3801	151.1586
2250	Matcham	NSW	-33.4167	151.4167
2250	Wyoming	NSW	-33.4039	151.3625
2250	Point Clare	NSW	-33.4438	151.3273
2250	Mangrove Mountain	NSW	-33.3	151.2
2250	Erina Fair	NSW	-33.3953	151.2831
2250	Tascott	NSW	-33.4502	151.3137
2250	Mooney Mooney Creek	NSW	-33.4669	151.212
2250	Calga	NSW	-33.4312	151.2275
2250	Bucketty	NSW	-33.3953	151.2831
2250	West Gosford	NSW	-33.4258	151.317
2250	Ten Mile Hollow	NSW	-33.3953	151.2831
2250	Niagara Park	NSW	-33.3764	151.3486
2250	Central Mangrove	NSW	-33.293	151.2387
2250	Erina	NSW	-33.4322	151.3897
2330	Gowrie	NSW	-31.35	150.85
2330	Darlington	NSW	-33.891	151.1955
2330	Big Ridge	NSW	-32.6377	151.093
2330	Glenridding	NSW	-32.596	151.1487
2330	Obanvale	NSW	-32.6377	151.093
2330	Putty	NSW	-32.9652	150.6679
2330	Jerrys Plains	NSW	-32.5	150.9167
2330	Redbournberry	NSW	-32.5633	151.1915
2330	Doyles Creek	NSW	-32.5485	150.7846
2330	Big Yengo	NSW	-32.8931	150.8457
2330	Camberwell	NSW	-32.4833	151.0833
2330	Hambledon Hill	NSW	-32.6377	151.093
2330	Clydesdale	NSW	-32.6377	151.093
2330	Howes Valley	NSW	-32.8485	150.8512
2330	Dyrring	NSW	-32.5169	151.2187
2330	Reedy Creek	NSW	-32.6377	151.093
2330	Fern Gully	NSW	-32.5518	151.2027
2330	Warkworth	NSW	-32.5833	151.0333
2330	Middle Falbrook	NSW	-32.4481	151.1469
2330	Bulga	NSW	-32.6667	151.0167
2330	Glennies Creek	NSW	-32.45	151.1167
2330	Glendon Brook	NSW	-32.5207	151.3346
2330	Fordwich	NSW	-32.713	151.0589
2330	Mount Olive	NSW	-32.6377	151.093
2330	Whittingham	NSW	-32.6167	151.2
2330	Glendonbrook	NSW	-32.6377	151.093
2330	Milbrodale	NSW	-32.6955	151.0096
2330	Hunterview	NSW	-32.5434	151.1772
2330	Westbrook	NSW	-32.6377	151.093
2330	Howick	NSW	-32.6377	151.093
2330	Dunolly	NSW	-32.6377	151.093
2330	Long Point	NSW	-34.0167	150.9
2330	Combo	NSW	-32.6377	151.093
2330	Bowmans Creek	NSW	-32.2652	151.1346
2330	Singleton Dc	NSW	-32.6377	151.093
2330	Mount Thorley	NSW	-32.6195	151.1029
2330	Carrowbrook	NSW	-32.2686	151.2889
2330	Mount Royal	NSW	-32.2479	151.2763
2330	Garland Valley	NSW	-32.6377	151.093
2330	Glendon	NSW	-32.5843	151.2856
2330	Goorangoola	NSW	-32.292	151.1978
2330	Lemington	NSW	-32.6377	151.093
2330	Sedgefield	NSW	-32.5402	151.2512
2330	Falbrook	NSW	-32.4187	151.1364
2330	Maison Dieu	NSW	-32.5378	151.0902
2330	Mitchells Flat	NSW	-32.5485	151.2846
2330	Ravensworth	NSW	-32.4363	151.0541
2330	Rixs Creek	NSW	-32.5342	151.1441
2330	Mcdougalls Hill	NSW	-32.5482	151.1434
2330	Gouldsville	NSW	-32.6377	151.093
2330	St Clair	NSW	-33.7973	150.7847
2330	Dural	NSW	-33.6833	151.0167
2330	Singleton Heights	NSW	-32.5416	151.1609
2330	Singleton	NSW	-32.5674	151.166
2330	Wattle Ponds	NSW	-32.5203	151.1936
2330	Greenlands	NSW	-32.6377	151.093
2330	Bridgman	NSW	-32.4543	151.1882
2330	Mirannie	NSW	-32.4354	151.3687
2330	Broke	NSW	-32.7512	151.1045
2330	Roughit	NSW	-32.5798	151.2395
2330	Wollemi	NSW	-33.044	150.6799
2330	Hebden	NSW	-32.3833	151.0667
2330	Appletree Flat	NSW	-32.5053	150.8707
2330	Scotts Flat	NSW	-32.5955	151.2472
2330	Wylies Flat	NSW	-32.5871	151.1277
2754	North Richmond	NSW	-33.5812	150.7194
2754	The Slopes	NSW	-33.5324	150.7056
2754	Tennyson	NSW	-33.533	150.7375
2757	Kurmond	NSW	-33.5533	150.6947
2710	Wanganella	NSW	-35.2121	144.8194
2710	Jimaringle	NSW	-35.4751	144.9049
2710	Mayrung	NSW	-35.4751	144.9049
2710	Caldwell	NSW	-35.6307	144.5029
2710	Deniliquin North	NSW	-35.4751	144.9049
2710	Morago	NSW	-35.3718	144.6606
2710	Calimo	NSW	-35.4152	144.5846
2710	Benarca	NSW	-35.4751	144.9049
2710	Cornalla	NSW	-35.4751	144.9049
2710	Willurah	NSW	-35.4751	144.9049
2710	Gulpa	NSW	-35.7	144.8833
2710	Conargo	NSW	-35.3035	145.1801
2710	Pretty Pine	NSW	-35.4152	144.8846
2710	Hill Plain	NSW	-35.4751	144.9049
2710	Stud Park	NSW	-35.4751	144.9049
2710	Yallakool	NSW	-35.4751	144.9049
2710	Steam Plains	NSW	-35.4751	144.9049
2710	Moonahcullah	NSW	-35.4751	144.9049
2710	Bullatale	NSW	-35.7409	145.084
2710	Wakool	NSW	-35.4717	144.403
2710	Lindifferon	NSW	-35.4383	145.1752
2710	Moonbria	NSW	-35.4751	144.9049
2710	Booroorban	NSW	-34.9325	144.7619
2710	Mathoura	NSW	-35.8152	144.9012
2710	Warragoon	NSW	-35.6065	145.1693
2710	Barratta	NSW	-35.2955	144.5737
2710	Moira	NSW	-35.9318	144.8346
2710	Wandook	NSW	-35.4621	144.9959
2710	Brassi	NSW	-35.5034	144.7183
2710	Birganbigil	NSW	-35.5058	145.1354
2710	Deniliquin	NSW	-35.5324	144.9536
2710	Hartwood	NSW	-35.3468	145.3531
2710	Coree	NSW	-35.3454	145.4289
2582	Murrumbateman	NSW	-34.972	149.0298
2582	Mullion	NSW	-33.1252	149.1276
2582	Cavan	NSW	-34.7665	148.8247
2582	Good Hope	NSW	-34.9167	148.8167
2582	Bookham	NSW	-34.8126	148.6396
2582	Jerrawa	NSW	-34.7788	149.0748
2582	Bowning	NSW	-34.7449	148.809
2582	Narrangullen	NSW	-34.7665	148.8247
2582	Nanangroe	NSW	-34.9	148.4667
2582	Tangmangaroo	NSW	-34.65	148.8167
2582	Wee Jasper	NSW	-35.1116	148.6766
2582	Woolgarlo	NSW	-34.8704	148.7178
2582	Jeir	NSW	-35.0563	148.9719
2582	Boambolo	NSW	-34.7665	148.8247
2582	Nanima	NSW	-35.0129	149.1277
2582	Goondah	NSW	-34.7333	148.7333
2582	Burrinjuck	NSW	-35.0005	148.5976
2582	Dog Trap Crossing	NSW	-34.7665	148.8247
2582	Marchmont	NSW	-34.8826	148.952
2582	Yass River	NSW	-34.7665	148.8247
2582	Bango	NSW	-34.7568	148.967
2582	Berremangra	NSW	-34.8	148.4833
2582	Kangiara	NSW	-34.5985	148.7512
2582	Laverstock	NSW	-34.7665	148.8247
2582	Yass	NSW	-34.8404	148.9099
2582	Manton	NSW	-34.7665	148.8247
2583	Glenerin	NSW	-34.2972	149.3538
2583	Bigga	NSW	-34.0833	149.15
2583	Third Creek	NSW	-34.2972	149.3538
2583	Mulgowrie	NSW	-34.2972	149.3538
2583	Kempton	NSW	-34.2972	149.3538
2583	Greenmantle	NSW	-33.9333	149.1
2583	Junction Point	NSW	-34.2972	149.3538
2583	Cottawalla	NSW	-34.2972	149.3538
2583	Binda	NSW	-34.3333	149.3667
2583	Crookwell	NSW	-34.4593	149.4714
2583	Narrawa	NSW	-34.4152	149.0846
2583	Limerick	NSW	-34.2168	149.4755
2583	Hadley	NSW	-34.1506	149.5864
2583	Fullerton	NSW	-34.2333	149.55
2583	Crooked Corner	NSW	-34.2351	149.2615
2583	Lost River	NSW	-34.4295	149.3153
2583	Grabben Gullen	NSW	-34.5402	149.4012
2583	Tuena	NSW	-34.0235	149.3262
2583	Laggan	NSW	-34.4167	149.5333
2583	Kialla	NSW	-34.5333	149.45
2583	Wheeo	NSW	-34.5	149.2833
2583	Thalaba	NSW	-34.2667	149.5167
2583	Blanket Flat	NSW	-34.15	149.2167
2583	Rugby	NSW	-34.3833	149.0167
2583	Pejar	NSW	-34.5336	149.5365
2583	Peelwood	NSW	-34.1068	149.4346
2583	Brooklands	NSW	-34.2972	149.3538
2585	Galong	NSW	-34.6	148.55
2586	Rye Park	NSW	-34.5152	148.9179
2586	Boorowa	NSW	-34.4366	148.7163
2586	Murringo	NSW	-34.3	148.5167
2586	Goba Creek	NSW	-34.3067	148.8233
2586	Godfreys Creek	NSW	-34.1485	148.7012
2586	Kenyu	NSW	-34.3067	148.8233
2586	Frogmore	NSW	-34.2667	148.85
2586	Reids Flat	NSW	-34.2066	149.0432
2586	Taylors Flat	NSW	-34.2735	149.0179
2587	Murrumburrah	NSW	-34.5541	148.3676
2587	Nubba	NSW	-34.5329	148.2352
2587	Beggan Beggan	NSW	-34.6818	148.2679
2587	Demondrille	NSW	-34.55	148.3368
2587	Cunningar	NSW	-34.5607	148.4393
2587	Wombat	NSW	-34.4167	148.25
2587	Kingsvale	NSW	-34.4333	148.3167
2587	Prunevale	NSW	-34.55	148.3368
2587	Mcmahons Reef	NSW	-34.6667	148.45
2587	Aurville	NSW	-34.55	148.3368
2587	Garangula	NSW	-34.55	148.3368
2587	Harden	NSW	-34.5541	148.3676
2726	Bundarbo	NSW	-34.7836	148.2998
2726	Jugiong	NSW	-34.8333	148.3333
2726	Cooneys Creek	NSW	-34.7339	148.2662
2794	Bumbaldry	NSW	-33.9	148.4667
2794	Mount Collins	NSW	-33.8998	148.6834
2794	Noonbinna	NSW	-33.8834	148.6441
2794	Wattamondara	NSW	-33.9406	148.6067
2794	Hovells Creek	NSW	-34.0726	148.8862
2794	Westville	NSW	-33.7667	148.8
2794	Cowra	NSW	-33.8355	148.6966
2803	Crowther	NSW	-34.1167	148.4833
2803	Bendick Murrell	NSW	-34.1667	148.4333
2803	Wirrimah	NSW	-34.119	148.407
2808	Wyangala	NSW	-33.968	148.9482
1630	Hornsby	NSW	-33.7024	151.0993
2076	Wahroonga	NSW	-33.7182	151.1156
2076	Normanhurst	NSW	-33.7237	151.0958
2076	North Wahroonga	NSW	-33.7053	151.1228
2077	Waitara	NSW	-33.7109	151.1033
2077	Hornsby	NSW	-33.7024	151.0993
2077	Hornsby Heights	NSW	-33.6713	151.0943
2077	Asquith	NSW	-33.6871	151.1163
2080	Mount Kuring-Gai	NSW	-33.642	151.1287
2081	Berowra	NSW	-33.6208	151.1509
2081	Cowan	NSW	-33.5956	151.1686
2082	Berowra Heights	NSW	-33.6121	151.1375
2082	Berowra Creek	NSW	-33.5441	151.1419
2082	Berowra Waters	NSW	-33.6035	151.1202
2120	Thornleigh	NSW	-33.7323	151.079
2120	Westleigh	NSW	-33.7118	151.0714
2120	Pennant Hills	NSW	-33.7378	151.0722
2121	North Epping	NSW	-33.7594	151.0925
2121	Epping	NSW	-33.7727	151.0818
2125	West Pennant Hills	NSW	-33.7457	151.0476
2126	Cherrybrook	NSW	-33.722	151.0461
2154	Castle Hill	NSW	-33.7333	151
2156	Glenhaven	NSW	-33.7	151
2156	Kenthurst	NSW	-33.6553	151.005
2156	Annangrove	NSW	-33.6576	150.9476
2157	Hillside	NSW	-33.2794	148.2173
2157	Glenorie	NSW	-33.6018	151.0089
2157	Forest Glen	NSW	-33.5502	151.0138
2157	Canoelands	NSW	-33.5	151.0667
2159	Berrilee	NSW	-33.6155	151.0914
2159	Galston	NSW	-33.653	151.0471
2159	Arcadia	NSW	-33.6167	151.0333
2159	Fiddletown	NSW	-33.6	151.05
1470	Drummoyne	NSW	-33.8524	151.1549
1675	Gladesville	NSW	-33.8333	151.1333
2110	Hunters Hill	NSW	-33.8343	151.1459
2110	Hunters Hill West	NSW	-33.8373	151.1576
2110	Woolwich	NSW	-33.8402	151.1694
2111	Tennyson Point	NSW	-33.8317	151.1168
2111	Gladesville	NSW	-33.8333	151.1333
2111	Monash Park	NSW	-33.8374	151.1328
2111	Huntleys Point	NSW	-33.8405	151.1402
2111	Huntleys Cove	NSW	-33.838	151.1379
2111	Boronia Park	NSW	-33.8374	151.1328
2111	Henley	NSW	-33.8434	151.1356
1209	Australia Square	NSW	-34.5994	150.4017
1210	Australia Square	NSW	-34.5994	150.4017
1211	Australia Square	NSW	-34.5994	150.4017
1212	Australia Square	NSW	-34.5994	150.4017
1213	Australia Square	NSW	-34.5994	150.4017
1214	Australia Square	NSW	-34.5994	150.4017
1215	Australia Square	NSW	-34.5994	150.4017
1465	Kensington	NSW	-33.9202	151.2224
1475	Marrickville	NSW	-33.9074	151.1555
1476	Marrickville	NSW	-33.9074	151.1555
2039	Rozelle	NSW	-33.8614	151.1705
2040	Lilyfield	NSW	-33.875	151.1653
2040	Leichhardt	NSW	-33.8834	151.1562
2041	Balmain East	NSW	-33.8571	151.1928
2041	Birchgrove	NSW	-33.8516	151.1824
2041	Balmain	NSW	-33.8548	151.1833
2048	Stanmore	NSW	-33.8941	151.1642
2048	Westgate	NSW	-33.8941	151.1642
2049	Petersham North	NSW	-33.8959	151.1519
2049	Lewisham	NSW	-33.8972	151.1488
2049	Petersham	NSW	-33.8946	151.1549
2050	Camperdown	NSW	-33.8897	151.1764
2050	Missenden Road	NSW	-33.8897	151.1764
2130	Summer Hill	NSW	-33.8915	151.1382
2131	Ashfield	NSW	-33.8883	151.1227
2132	Croydon	NSW	-33.8833	151.1167
2133	Enfield South	NSW	-33.8658	151.1016
2133	Croydon Park	NSW	-33.8658	151.1016
2193	Ashbury	NSW	-33.8978	151.1196
2193	Hurlstone Park	NSW	-33.9099	151.1287
2193	Canterbury	NSW	-33.9119	151.1186
2203	Dulwich Hill	NSW	-33.9041	151.1394
2361	Atholwood	NSW	-28.9985	151.0512
2361	Ashford	NSW	-29.3219	151.0931
2361	Pindaroi	NSW	-29.1228	151.14
2361	Limestone	NSW	-29.1228	151.14
2361	Bonshaw	NSW	-29.0479	151.2757
2371	Rocky Creek	NSW	-29.3	151.3667
2371	Yellow Dam	NSW	-29.3622	151.6526
2371	Wellington Vale	NSW	-29.4152	151.7512
2371	Torrington	NSW	-29.3152	151.691
2371	Emmaville	NSW	-29.4441	151.5979
2371	The Gulf	NSW	-29.3167	151.4833
2371	Tungsten	NSW	-29.2667	151.6833
2371	Capoompeta	NSW	-29.3622	151.6526
2371	Stannum	NSW	-29.3279	151.7869
2371	Tent Hill	NSW	-29.4333	151.6667
2371	Deepwater	NSW	-29.4404	151.8461
2402	Warialda Rail	NSW	-29.5766	150.5319
2402	Coolatai	NSW	-29.2571	150.7473
2402	Warialda	NSW	-29.5435	150.5754
2410	Twin Rivers	NSW	-28.7167	150.6938
2410	Yetman	NSW	-28.9043	150.7769
4385	Camp Creek	NSW	-28.882	151.0203
2590	Cootamundra	NSW	-34.6409	148.0284
2590	Bethungra	NSW	-34.761	147.8554
2590	Illabo	NSW	-34.8318	147.7537
2663	Cowabbie	NSW	-34.5815	146.9698
2663	Erin Vale	NSW	-34.8547	147.2252
2663	Eurongilly	NSW	-34.95	147.7667
2663	Junee	NSW	-34.8682	147.5827
2663	Marinna	NSW	-34.8547	147.2252
2663	Cooba	NSW	-34.9667	147.8833
2663	Landervale	NSW	-34.5458	146.6991
2663	Wantiool	NSW	-34.9	147.6667
2663	Bundure	NSW	-35.1708	146.0078
2431	South West Rocks	NSW	-30.8855	153.0413
2431	Jerseyville	NSW	-30.9167	153.0333
2431	Arakoon	NSW	-30.8875	153.0721
2527	North Macquarie	NSW	-34.5634	150.7492
2527	Albion Park	NSW	-34.5713	150.7757
2527	Tullimbar	NSW	-34.5789	150.7391
2527	Croom	NSW	-34.5943	150.8413
2527	Yellow Rock	NSW	-34.6	150.7333
2527	Calderwood	NSW	-34.5505	150.7113
2527	Tongarra	NSW	-34.5833	150.6833
2527	Albion Park Rail	NSW	-34.5663	150.7918
2533	Saddleback Mountain	NSW	-34.6961	150.8169
2533	Jerrara	NSW	-34.6701	150.8231
2533	Bombo	NSW	-34.6521	150.8596
2533	Minnamurra	NSW	-34.6226	150.8503
2533	Jamberoo	NSW	-34.6474	150.7746
2533	Kiama Heights	NSW	-34.7033	150.8384
2533	Kiama Downs	NSW	-34.6334	150.8546
2533	Kiama	NSW	-34.6683	150.8522
2533	Curramore	NSW	-34.6234	150.7607
2535	Far Meadow	NSW	-34.8265	150.7067
2535	Back Forest	NSW	-34.8445	150.6775
2535	Berry Mountain	NSW	-34.7641	150.6476
2535	Wattamolla	NSW	-34.7333	150.65
2535	Jaspers Brush	NSW	-34.8167	150.6667
2535	Broughton Vale	NSW	-34.732	150.718
2535	Woodhill	NSW	-34.7291	150.6771
2535	Bellawongarah	NSW	-34.7667	150.6333
2535	Budderoo	NSW	-34.7768	150.6865
2535	Berry	NSW	-34.7751	150.6944
2535	Coolangatta	NSW	-34.8528	150.7262
2535	Brogers Creek	NSW	-34.6977	150.6863
2535	Bundewallah	NSW	-34.7538	150.6638
2535	Shoalhaven Heads	NSW	-34.8509	150.7451
2535	Broughton	NSW	-34.732	150.718
1435	Alexandria	NSW	-33.8999	151.1995
1635	Hornsby Westfield	NSW	-33.7253	151.1613
2071	Killara	NSW	-33.766	151.1621
2071	East Killara	NSW	-33.7554	151.1815
2072	Gordon	NSW	-33.7553	151.1512
2073	Pymble	NSW	-33.7439	151.1419
2073	West Pymble	NSW	-33.7667	151.1333
2074	Warrawee	NSW	-33.7288	151.1205
2074	North Turramurra	NSW	-33.7131	151.1464
2074	Bobbin Head	NSW	-33.7312	151.127
2074	South Turramurra	NSW	-33.7494	151.1126
2074	Turramurra	NSW	-33.7334	151.1285
2475	Urbenville	NSW	-28.4732	152.5494
2475	Upper Tooloom	NSW	-28.5336	152.4376
2475	Beaury Creek	NSW	-28.5315	152.4799
2475	Wallaby Creek	NSW	-28.5315	152.4799
2475	Tooloom	NSW	-28.5878	152.4527
2484	Hopkins Creek	NSW	-28.2917	153.2432
2484	Zara	NSW	-28.3163	153.2585
2484	Boat Harbour	NSW	-28.3167	153.35
2484	Back Creek	NSW	-28.6031	153.0298
2484	Cudgera Creek	NSW	-28.3928	153.5213
2484	Brays Creek	NSW	-28.4126	153.1968
2484	Terragon	NSW	-28.4387	153.2813
2484	Midginbil	NSW	-28.4971	153.2596
2484	Kunghur Creek	NSW	-28.4903	153.2459
2484	Mount Warning	NSW	-28.3883	153.3185
2484	Doon Doon	NSW	-28.4933	153.2982
2484	Dum Dum	NSW	-28.3834	153.3422
2484	Murwillumbah Dc	NSW	-28.3702	153.3425
2484	Mount Burrell	NSW	-28.5	153.2167
2484	Reserve Creek	NSW	-28.3503	153.4924
2484	Kunghur	NSW	-28.4703	153.2537
2484	Dungay	NSW	-28.2724	153.3585
2484	Tyalgum	NSW	-28.3567	153.2058
2484	Condong	NSW	-28.3188	153.4378
2484	Urliup	NSW	-28.3702	153.3425
2484	Cedar Creek	NSW	-28.3702	153.3425
2484	Dulguigan	NSW	-28.2712	153.4123
2484	Fernvale	NSW	-28.3652	153.419
2484	Eungella	NSW	-28.3534	153.3161
2484	Pumpenbil	NSW	-28.3784	153.1461
2484	Kynnumboon	NSW	-28.3091	153.3727
2484	Stokers Siding	NSW	-28.4085	153.4143
2484	Kielvale	NSW	-28.3333	153.4338
2484	Round Mountain	NSW	-28.3549	153.5443
2484	Bray Park	NSW	-28.3414	153.3761
2484	Palmvale	NSW	-28.3704	153.4858
2484	Farrants Hill	NSW	-28.3198	153.4845
2484	North Arm	NSW	-28.3702	153.3425
2484	Tomewin	NSW	-28.2444	153.3763
2484	Byangum	NSW	-28.35	153.3667
2484	Murwillumbah South	NSW	-28.3273	153.3934
2484	Eviron	NSW	-28.3067	153.4941
2484	Commissioners Creek	NSW	-28.4956	153.3272
2484	Murwillumbah	NSW	-28.3273	153.3934
2484	Limpinwood	NSW	-28.3076	153.2173
2484	Upper Crystal Creek	NSW	-28.2997	153.3014
2484	Wardrop Valley	NSW	-28.3623	153.451
2484	Numinbah	NSW	-28.2774	153.2535
2484	Crystal Creek	NSW	-28.3143	153.3151
2484	Chillingham	NSW	-28.3135	153.2752
2484	Tygalgah	NSW	-28.2969	153.4247
2484	Smiths Creek	NSW	-28.4277	153.378
2484	Clothiers Creek	NSW	-28.3302	153.496
2484	Tyalgum Creek	NSW	-28.3535	153.1857
2484	Byrrill Creek	NSW	-28.4366	153.2489
2484	Chowan Creek	NSW	-28.4471	153.367
2484	Mebbin	NSW	-28.4626	153.21
2484	Uki	NSW	-28.4141	153.3366
2484	Dunbible	NSW	-28.3884	153.4205
2484	Rowlands Creek	NSW	-28.4524	153.3487
2484	Nunderi	NSW	-28.3221	153.4597
2484	South Murwillumbah	NSW	-28.339	153.4
2484	Nobbys Creek	NSW	-28.2943	153.3376
2672	Burgooney	NSW	-33.3861	146.5752
2672	Wargambegal	NSW	-33.2972	146.4397
2672	Murrin Bridge	NSW	-33.2068	146.3711
2672	Lake Cargelligo	NSW	-33.2988	146.373
2672	Curlew Waters	NSW	-33.2972	146.4397
2874	Tullamore	NSW	-32.6311	147.5661
2874	Yethera	NSW	-32.55	147.5833
2264	Bonnells Bay	NSW	-33.1097	151.5323
2264	Brightwaters	NSW	-33.1136	151.5447
2264	Sunshine	NSW	-33.1124	151.5616
2264	Balcolyn	NSW	-33.0957	151.552
2264	Morisset	NSW	-33.108	151.4871
2264	Morisset Park	NSW	-33.1198	151.537
2264	Silverwater	NSW	-33.104	151.5636
2264	Mirrabooka	NSW	-33.111	151.5543
2264	Yarrawonga Park	NSW	-33.1003	151.5469
2264	Myuna Bay	NSW	-33.0556	151.5381
2264	Dora Creek	NSW	-33.0814	151.4968
2264	Mandalong	NSW	-33.1333	151.4333
2264	Windermere Park	NSW	-33.121	151.5307
2264	Eraring	NSW	-33.0733	151.5225
2267	Wangi Wangi	NSW	-33.0718	151.5984
2278	Barnsley	NSW	-32.9333	151.5833
2278	Killingworth	NSW	-32.9341	151.556
2278	Wakefield	NSW	-32.9682	151.5609
2280	Jewells	NSW	-33.0139	151.6831
2280	Floraville	NSW	-33.0112	151.6648
2280	Croudace Bay	NSW	-33.0048	151.6482
2280	Belmont South	NSW	-33.0493	151.6569
2280	Belmont	NSW	-33.0274	151.6601
2280	Valentine	NSW	-33.015	151.6429
2280	Marks Point	NSW	-33.0564	151.6496
2280	Belmont North	NSW	-33.0208	151.6685
2281	Little Pelican	NSW	-33.0823	151.6455
2281	Middle Camp	NSW	-33.15	151.6333
2281	Blacksmiths	NSW	-33.0717	151.6553
2281	Nords Wharf	NSW	-33.1313	151.6073
2281	Pelican	NSW	-33.0724	151.6455
2281	Caves Beach	NSW	-33.1064	151.644
2281	Swansea Heads	NSW	-33.0965	151.655
2281	Catherine Hill Bay	NSW	-33.1667	151.6333
2281	Cams Wharf	NSW	-33.1261	151.6209
2281	Murrays Beach	NSW	-33.1175	151.6212
2281	Pinny Beach	NSW	-33.1217	151.639
2281	Swansea	NSW	-33.0877	151.6375
2282	Warners Bay	NSW	-32.9725	151.6527
2282	Lakelands	NSW	-32.9619	151.6497
2282	Eleebana	NSW	-32.9896	151.6364
2283	Toronto	NSW	-33	151.6
2283	Coal Point	NSW	-33.0423	151.6116
2283	Awaba	NSW	-33.0082	151.551
2283	Fennell Bay	NSW	-32.9922	151.6001
2283	Arcadia Vale	NSW	-33.0605	151.5841
2283	Kilaben Bay	NSW	-33.024	151.592
2283	Blackalls Park	NSW	-32.9989	151.5802
2283	Carey Bay	NSW	-33.0266	151.6057
2283	Ryhope	NSW	-32.9913	151.522
2283	Fishing Point	NSW	-33.0538	151.5948
2283	Rathmines	NSW	-33.0377	151.5844
2283	Buttaba	NSW	-33.0533	151.5787
2283	Bolton Point	NSW	-33.0018	151.6101
2283	Balmoral	NSW	-33.0463	151.58
2283	Fassifern	NSW	-32.9833	151.5833
2284	Marmong Point	NSW	-32.9806	151.6184
2284	Speers Point	NSW	-32.9638	151.6262
2284	Teralba	NSW	-32.9667	151.6
2284	Boolaroo	NSW	-32.947	151.6277
2284	Booragul	NSW	-32.9749	151.6098
2284	Woodrising	NSW	-32.986	151.6066
2284	Argenton	NSW	-32.935	151.6306
2286	West Wallsend	NSW	-32.9	151.5833
2286	Seahampton	NSW	-32.8895	151.5832
2286	Holmesville	NSW	-32.9167	151.5833
2287	Fletcher	NSW	-32.8723	151.6401
2287	Wallsend	NSW	-32.9013	151.6643
2287	Wallsend Dc	NSW	-33.0197	151.596
2287	Rankin Park	NSW	-32.9252	151.6802
2287	Summer Hill	NSW	-33.8915	151.1382
2287	Wallsend South	NSW	-33.0197	151.596
2287	Minmi	NSW	-32.8783	151.6173
2287	Birmingham Gardens	NSW	-32.8937	151.6901
2287	Elermore Vale	NSW	-32.9162	151.6766
2287	Maryland	NSW	-32.8789	151.6614
2289	Kotara	NSW	-32.9428	151.6958
2289	Adamstown	NSW	-32.9382	151.7254
2289	Kotara Fair	NSW	-32.9466	151.7025
2289	Adamstown Heights	NSW	-32.9491	151.7101
2289	Garden Suburb	NSW	-32.9437	151.6808
2289	Highfields	NSW	-32.9533	151.7123
2289	Kotara South	NSW	-32.9526	151.6908
2290	Whitebridge	NSW	-32.9744	151.7161
2290	Tingira Heights	NSW	-32.9973	151.6702
2290	Gateshead	NSW	-32.9821	151.6919
2290	Bennetts Green	NSW	-32.9955	151.6879
2290	Redhead	NSW	-33.0118	151.7114
2290	Kahibah	NSW	-32.9618	151.7125
2290	Dudley	NSW	-32.9937	151.722
2290	Hillsborough	NSW	-32.9655	151.6724
2290	Charlestown	NSW	-32.9683	151.6932
2290	Mount Hutton	NSW	-32.9833	151.6701
2305	New Lambton	NSW	-32.9284	151.7085
2305	Kotara East	NSW	-32.9265	151.7011
2305	New Lambton Heights	NSW	-32.9247	151.6936
2306	Windale	NSW	-32.9928	151.6817
2323	Metford Dc	NSW	-32.8349	151.1279
2323	Buchanan	NSW	-32.8305	151.5312
2323	Green Hills	NSW	-32.9176	149.5836
2323	East Maitland	NSW	-32.75	151.5833
2323	Freemans Waterhole	NSW	-32.9847	151.4846
2323	Richmond Vale	NSW	-32.8661	151.535
2323	Mount Vincent	NSW	-32.9271	151.4902
2323	Tenambit	NSW	-32.7397	151.6129
2323	Mulbring	NSW	-32.9048	151.4851
2323	Metford	NSW	-32.765	151.6094
2323	Brunkerville	NSW	-32.9425	151.4795
2323	Buttai	NSW	-32.8219	151.5609
2323	Greenhills	NSW	-32.1333	149.8167
2323	Pitnacree	NSW	-32.7356	151.5894
2323	Ashtonfield	NSW	-32.7733	151.6058
2323	Four Mile Creek	NSW	-33.4318	148.9512
1595	Lane Cove	NSW	-33.8157	151.1668
1597	Lane Cove	NSW	-33.8157	151.1668
1602	Lane Cove Dc	NSW	-33.7606	151.1878
2700	Corobimilla	NSW	-34.841	146.4372
2700	Bundure	NSW	-35.1708	146.0078
2700	Colinroobie	NSW	-34.454	146.6034
2700	Widgiewa	NSW	-35.0525	146.2077
2700	Faithfull	NSW	-34.841	146.4372
2700	Sandigo	NSW	-34.9214	146.6613
2700	Paynters Siding	NSW	-34.841	146.4372
2700	Birrego	NSW	-34.841	146.4372
2700	Uroly	NSW	-34.841	146.4372
2700	Gillenbah	NSW	-34.7508	146.5052
2700	Narrandera	NSW	-34.7475	146.551
2700	Euroley	NSW	-34.7167	146.35
2700	Cudgel	NSW	-34.6821	146.4379
2700	Morundah	NSW	-34.9333	146.3
2700	Kywong	NSW	-34.9811	146.7479
2703	Yanco	NSW	-34.5985	146.4095
2470	Leeville	NSW	-28.9414	152.9948
2470	Babyl Creek	NSW	-28.8503	152.9637
2470	Spring Grove	NSW	-28.836	153.1007
2470	Woolners Arm	NSW	-28.6849	152.8415
2470	Dyraaba	NSW	-28.7686	152.8512
2470	Coombell	NSW	-29.0157	152.9732
2470	Sextonville	NSW	-28.8503	152.9637
2470	Lower Dyraaba	NSW	-28.8042	152.8891
2470	Baraimal	NSW	-28.8503	152.9637
2470	Irvington	NSW	-28.8706	153.1018
2470	Woodview	NSW	-28.8588	152.9454
2470	Yorklea	NSW	-28.9481	153.0584
2470	Mongogarie	NSW	-28.955	152.9318
2470	Naughtons Gap	NSW	-28.8005	153.1084
2470	Tomki	NSW	-28.8618	153.1323
2470	Dobies Bight	NSW	-28.8016	152.9368
2470	Shannon Brook	NSW	-28.917	152.9602
2470	Fairy Hill	NSW	-28.7749	152.9898
2470	Alice	NSW	-29.0555	152.5879
2470	Casino	NSW	-28.8582	153.0475
2470	Coolaness	NSW	-28.8388	153.1153
2470	Doubtful Creek	NSW	-28.71	152.8818
2470	Dyraaba Creek	NSW	-28.7556	152.8181
2470	Backmede	NSW	-28.7508	153.0225
2470	Ellangowan	NSW	-29.0333	153.0667
2470	Stratheden	NSW	-28.7505	152.9468
2470	Upper Mongogarie	NSW	-28.9783	152.8496
2470	Piora	NSW	-28.8549	152.8879
2470	Dyraaba Central	NSW	-28.7131	152.864
2470	Wooroowoolgan	NSW	-28.8695	153.0147
2470	North Casino	NSW	-28.8018	153.0664
2471	West Bungawalbin	NSW	-29.1241	153.1004
2471	Green Forest	NSW	-28.988	153.3522
2471	East Coraki	NSW	-29.0281	153.3151
2471	Swan Bay	NSW	-29.0596	153.3128
2471	Greenridge	NSW	-28.8968	153.1231
2471	Codrington	NSW	-28.9494	153.2418
2471	West Coraki	NSW	-28.9988	153.2093
2471	Bora Ridge	NSW	-29.0526	153.176
2471	North Woodburn	NSW	-29.0009	153.2272
2471	Coraki	NSW	-28.9926	153.2837
2471	Tatham	NSW	-28.919	153.1573
2477	Uralba	NSW	-28.8703	153.4696
2477	Wardell	NSW	-28.9511	153.4619
2477	Tuckombil	NSW	-28.8143	153.468
2477	Meerschaum Vale	NSW	-28.9121	153.4383
2477	Alstonville	NSW	-28.8419	153.4402
2477	Goat Island	NSW	-28.8902	153.4389
2477	Pearces Creek	NSW	-28.8902	153.4389
2477	Wollongbar	NSW	-28.8182	153.3969
2477	Bagotville	NSW	-28.9819	153.4078
2477	Rous Mill	NSW	-28.8764	153.3918
2477	Alstonvale	NSW	-28.8082	153.4465
2477	Lynwood	NSW	-28.872	153.4425
2477	East Wardell	NSW	-28.9689	153.4938
2477	Rous	NSW	-28.8764	153.3918
2477	Cabbage Tree Island	NSW	-28.9804	153.4567
2477	Dalwood	NSW	-28.8902	153.4389
2756	Pitt Town	NSW	-33.5872	150.8586
2756	Windsor Downs	NSW	-33.6586	150.8108
2756	Windsor	NSW	-33.6131	150.8142
2756	Cattai	NSW	-33.5457	150.9143
2756	Colo	NSW	-33.4167	150.8071
2756	Cornwallis	NSW	-33.586	150.8107
2756	Lower Portland	NSW	-33.45	150.8833
2756	Freemans Reach	NSW	-33.5579	150.7955
2756	Mellong	NSW	-33.146	150.6847
2756	Wilberforce	NSW	-33.5626	150.8378
2756	Sackville North	NSW	-33.4841	150.888
2756	South Maroota	NSW	-33.504	150.9568
2756	Upper Colo	NSW	-33.4215	150.7264
2756	Glossodia	NSW	-33.5362	150.7739
2756	Sackville	NSW	-33.4833	150.9
2756	Mulgrave	NSW	-33.5143	150.8381
2756	Colo Heights	NSW	-33.3685	150.7208
2756	Pitt Town Bottoms	NSW	-33.5877	150.8397
2756	Mcgraths Hill	NSW	-33.6155	150.8337
2756	Central Colo	NSW	-33.4133	150.7844
2756	Ebenezer	NSW	-33.5198	150.8863
2756	South Windsor	NSW	-33.6181	150.8044
2756	Scheyville	NSW	-33.6045	150.8831
2756	Leets Vale	NSW	-33.4298	150.9484
2756	Clarendon	NSW	-33.6096	150.7867
2756	Bligh Park	NSW	-33.6398	150.8025
2756	Maroota	NSW	-33.4618	150.9824
2756	Womerah	NSW	-33.5143	150.8381
2756	Cumberland Reach	NSW	-33.4648	150.895
2758	Blaxlands Ridge	NSW	-33.4733	150.7981
2758	Mountain Lagoon	NSW	-33.4486	150.6295
2758	Wheeny Creek	NSW	-33.5106	150.6146
2758	Kurrajong Hills	NSW	-33.5331	150.6515
2758	East Kurrajong	NSW	-33.5055	150.7943
2758	The Devils Wilderness	NSW	-33.5106	150.6146
2758	Mount Tomah	NSW	-33.5466	150.4223
2758	Kurrajong	NSW	-33.5277	150.6291
2758	Kurrajong Heights	NSW	-33.5277	150.6291
2758	Berambing	NSW	-33.5326	150.4439
2758	Bilpin	NSW	-33.5	150.5333
2785	Megalong Valley	NSW	-33.715	150.2339
2785	Shipley	NSW	-33.6947	150.2557
2785	Blackheath	NSW	-33.6357	150.2832
2785	Megalong	NSW	-33.7333	150.25
2786	Bell	NSW	-33.5167	150.2
2786	Mount Victoria	NSW	-33.591	150.2554
2786	Dargan	NSW	-33.49	150.2488
2786	Mount Irvine	NSW	-33.4849	150.4612
2786	Mount Wilson	NSW	-33.5035	150.3749
2845	Angus Place	NSW	-33.411	150.0646
2845	Wallerawang	NSW	-33.411	150.0646
2847	Pipers Flat	NSW	-33.3571	149.9815
2847	Portland	NSW	-33.3571	149.9815
2848	Charbon	NSW	-32.8839	149.9701
2848	Clandulla	NSW	-32.9278	149.9596
2848	Brogans Creek	NSW	-32.9929	149.9787
2848	Kandos	NSW	-32.8577	149.9683
2850	Budgee Budgee	NSW	-32.5318	149.6679
2850	Bara	NSW	-32.5804	149.7936
2850	Kains Flat	NSW	-32.4757	149.8515
2850	Riverlea	NSW	-32.69	149.7344
2850	Turill	NSW	-32.1152	149.8429
2850	Moolarben	NSW	-32.3485	149.7762
2850	Menah	NSW	-32.5494	149.5432
2850	Long Creek	NSW	-32.6281	149.6854
2850	Grattai	NSW	-32.6833	149.4833
2850	Sallys Flat	NSW	-33	149.5833
2850	Yarrabin	NSW	-32.6241	149.3291
2850	St Fillans	NSW	-32.4681	149.6462
2850	Maitland Bar	NSW	-32.7491	149.4266
2850	Cooyal	NSW	-32.4485	149.7596
2850	Hayes Gap	NSW	-32.5785	149.7486
2850	Mount Frome	NSW	-32.6	149.6333
2850	Cudgegong	NSW	-32.8	149.8167
2850	Mogo	NSW	-35.7848	150.1417
2850	Bocoble	NSW	-32.8029	149.7339
2850	Mudgee	NSW	-32.5943	149.5871
2850	Cumbo	NSW	-32.3941	149.8727
2850	Erudgere	NSW	-32.5864	149.5006
2850	Havilah	NSW	-32.6187	149.765
2850	Wilbetree	NSW	-32.5055	149.5704
2850	Bombira	NSW	-32.5719	149.6058
2850	Canadian Lead	NSW	-32.4226	149.5789
2850	Mount Knowles	NSW	-32.6254	149.7093
2850	Caerleon	NSW	-32.5773	149.5484
2850	Tambaroora	NSW	-32.9645	149.4076
2850	Ilford	NSW	-32.9667	149.8667
2850	Totnes Valley	NSW	-32.4966	149.911
2850	Putta Bucca	NSW	-32.5753	149.5848
2850	Queens Pinch	NSW	-32.7401	149.6771
2850	Carcalgong	NSW	-32.8668	149.7042
2850	Apple Tree Flat	NSW	-32.6818	149.7012
2850	Frog Rock	NSW	-32.4726	149.6846
2850	Galambine	NSW	-32.4423	149.5218
2850	Wollar	NSW	-32.35	149.95
2850	Barigan	NSW	-32.4966	149.9986
2850	Cullenbone	NSW	-32.4929	149.5071
2850	Wilpinjong	NSW	-32.3318	149.8846
2850	Meroo	NSW	-32.7661	149.5938
2850	Avisford	NSW	-32.7318	149.4846
2850	Green Gully	NSW	-32.6281	149.6854
2850	Monivae	NSW	-32.6281	149.6854
2850	Home Rule	NSW	-32.4167	149.6333
2850	Ulan	NSW	-32.2833	149.7333
2850	Windeyer	NSW	-32.7667	149.55
2850	Botobolar	NSW	-32.5167	149.7833
2850	Milroy	NSW	-31.15	150.05
2850	Collingwood	NSW	-32.6281	149.6854
2850	Burrundulla	NSW	-32.6249	149.6289
2850	Tichular	NSW	-32.6281	149.6854
2850	Running Stream	NSW	-33.0318	149.9096
2850	Ben Buckley	NSW	-32.6281	149.6854
2850	Triamble	NSW	-32.8833	149.3
2850	Linburn	NSW	-32.4235	149.7179
2850	Spring Flat	NSW	-32.6482	149.6213
2850	Cross Roads	NSW	-32.6281	149.6854
2850	Yarrawonga	NSW	-32.4514	150.5858
2850	Buckaroo	NSW	-32.55	149.6333
2850	Glen Ayr	NSW	-32.6281	149.6854
2850	Aarons Pass	NSW	-32.8685	149.8073
2850	Cooks Gap	NSW	-32.3557	149.7117
2850	Gulgamree	NSW	-32.6281	149.6854
2850	Millsville	NSW	-32.6281	149.6854
2850	Murragamba	NSW	-32.6281	149.6854
2850	Lue	NSW	-32.6667	149.85
2850	Munghorn	NSW	-32.3747	149.8274
2850	Piambong	NSW	-32.4985	149.3846
2850	Hargraves	NSW	-32.7866	149.4579
2850	Stony Creek	NSW	-32.4735	149.7346
2850	Hill End	NSW	-33.0333	149.4167
2850	Twelve Mile	NSW	-32.5	149.2667
2850	Pyramul	NSW	-32.8833	149.6167
2850	Worlds End	NSW	-32.6281	149.6854
2850	Mullamuddy	NSW	-32.6594	149.6818
2850	Ullamalla	NSW	-32.6281	149.6854
2850	Eurunderee	NSW	-32.5043	149.6083
1871	Liverpool	NSW	-33.9194	150.9259
1875	Moorebank	NSW	-33.9437	150.9566
1890	Ingleburn	NSW	-34	150.8667
2168	Heckenberg	NSW	-33.9083	150.8898
2168	Miller	NSW	-33.9209	150.8847
2168	Busby	NSW	-33.9112	150.8807
2168	Green Valley	NSW	-33.9029	150.8671
2168	Sadleir	NSW	-33.9171	150.8909
2168	Ashcroft	NSW	-33.916	150.8999
2168	Hinchinbrook	NSW	-33.9188	150.8631
2168	Cartwright	NSW	-33.925	150.8895
2171	Horningsea Park	NSW	-33.9434	150.8453
2171	Middleton Grange	NSW	-33.917	150.8419
2171	Cecil Hills	NSW	-33.8892	150.8514
2171	West Hoxton	NSW	-33.9339	150.8323
2171	Carnes Hill	NSW	-33.9385	150.8488
2171	Elizabeth Hills	NSW	-33.8986	150.8476
2171	Hoxton Park	NSW	-33.9313	150.8541
2171	Len Waters Estate	NSW	-33.9147	150.8533
2174	Edmondson Park	NSW	-33.9569	150.8613
2174	Ingleburn Milpo	NSW	-33.9569	150.8613
2557	Rossmore	NSW	-33.9405	150.7728
2557	Catherine Field	NSW	-34.0044	150.7725
2557	Gledswood Hills	NSW	-34.0098	150.7855
2557	Gregory Hills	NSW	-34.0267	150.7707
2565	Bardia	NSW	-33.9779	150.8631
2565	Ingleburn	NSW	-34	150.8667
2565	Macquarie Links	NSW	-33.9845	150.8703
2565	Denham Court	NSW	-33.9831	150.8461
2752	Silverdale	NSW	-33.9152	150.6096
2752	Warragamba	NSW	-33.8919	150.6046
2339	Big Jacks Creek	NSW	-31.7618	150.6055
2339	Parraweena	NSW	-31.734	150.4486
2339	Macdonalds Creek	NSW	-31.7996	150.4475
2339	Warrah Creek	NSW	-31.7152	150.6512
2339	Warrah	NSW	-31.6696	150.6715
2339	Willow Tree	NSW	-31.6495	150.7264
2339	Braefield	NSW	-31.5707	150.7018
2339	Little Jacks Creek	NSW	-31.7907	150.5436
2339	Cattle Creek	NSW	-31.7114	150.5995
2339	Chilcotts Creek	NSW	-31.7114	150.5995
2340	Goonoo Goonoo	NSW	-31.3079	150.9027
2340	Oxley Vale	NSW	-31.0632	150.9006
2340	South Tamworth	NSW	-31.11	150.9225
2340	Tamworth South	NSW	-31.2372	150.9298
2340	Carroll	NSW	-30.9894	150.4442
2340	Piallamore	NSW	-31.1659	151.0576
2340	Gidley	NSW	-31.0119	150.8387
2340	Bowling Alley Point	NSW	-31.3956	151.1397
2340	Keepit	NSW	-30.8333	150.5167
2340	Taminda	NSW	-31.0941	150.8962
2340	Weabonga	NSW	-31.2167	151.3167
2340	Gowrie	NSW	-31.35	150.85
2340	Calala	NSW	-31.1736	150.9806
2340	Daruka	NSW	-31.0373	150.9707
2340	Moore Creek	NSW	-31.2372	150.9298
2340	Nemingha	NSW	-31.1237	150.9892
2340	East Tamworth	NSW	-31.0855	150.9372
2340	Garoo	NSW	-31.3715	150.8825
2340	Hillvue	NSW	-31.1276	150.9071
2340	Timbumburi	NSW	-31.2372	150.9298
2340	Duncans Creek	NSW	-31.3667	151.2
2340	North Tamworth	NSW	-31.0786	150.9222
2340	Bithramere	NSW	-31.1357	150.7811
2340	Nundle	NSW	-31.465	151.1264
2340	Woolomin	NSW	-31.305	151.1502
2340	Kingswood	NSW	-33.7561	150.7235
2340	Hanging Rock	NSW	-31.4822	151.1921
2340	Wallamore	NSW	-31.0416	150.8228
2340	Loomberah	NSW	-31.2827	151.0188
2340	Ogunbil	NSW	-31.2372	150.9298
2340	Somerton	NSW	-30.9411	150.6383
2340	Barry	NSW	-31.5817	151.3183
2340	Appleby	NSW	-30.9667	150.85
2340	Bective	NSW	-31.0042	150.7269
2340	Hallsville	NSW	-31.0112	150.874
2340	Dungowan	NSW	-31.2152	151.1179
2340	West Tamworth	NSW	-31.1024	150.9145
2340	Warral	NSW	-31.1637	150.8567
2340	Westdale	NSW	-31.0905	150.8568
2340	Tamworth	NSW	-31.0905	150.929
2645	Yuluma	NSW	-35.1649	146.4882
2645	Coonong	NSW	-35.2488	146.4092
2645	Urana	NSW	-35.3293	146.2666
2645	Cullivel	NSW	-35.2522	146.4729
2658	Munyabla	NSW	-35.4963	146.8718
2658	Pleasant Hills	NSW	-35.4622	146.7978
2658	Ryan	NSW	-35.5564	146.8684
2658	Grubben	NSW	-35.509	146.8931
2658	Henty	NSW	-35.5209	147.0343
2659	Walla Walla	NSW	-35.7622	146.9011
2659	Alma Park	NSW	-35.7622	146.9011
2324	Seaham	NSW	-32.6622	151.7266
2324	Carrington	NSW	-32.915	151.7644
2324	East Seaham	NSW	-32.6478	151.7616
2324	Osterley	NSW	-32.7245	151.6998
2324	Hawks Nest	NSW	-32.6675	152.1783
2324	Limeburners Creek	NSW	-32.5767	151.9167
2324	Swan Bay	NSW	-32.6918	151.9289
2324	Tahlee	NSW	-32.6667	152
2324	North Arm Cove	NSW	-32.6706	152.0448
2324	Tea Gardens	NSW	-32.6635	152.154
2324	Bundabah	NSW	-32.6786	152.0604
2324	Motto Farm	NSW	-32.7945	151.7239
2324	Balickera	NSW	-32.6642	151.7983
2324	Wallaroo	NSW	-35.1468	149.0128
2324	Heatherbrae	NSW	-32.7889	151.7354
2324	Cells River	NSW	-31.576	152.0883
2324	Raymond Terrace East	NSW	-32.7557	151.7559
2324	Raymond Terrace	NSW	-32.7595	151.7505
2324	Karuah	NSW	-32.6539	151.9604
2324	Nelsons Plains	NSW	-32.7138	151.7216
2324	Twelve Mile Creek	NSW	-32.6447	151.865
2324	Pindimar	NSW	-32.6828	152.0981
2324	Kings Hill	NSW	-32.7557	151.7559
2324	Millers Forest	NSW	-32.75	151.7
2324	Brandy Hill	NSW	-32.6893	151.696
2324	Eagleton	NSW	-32.707	151.7553
2326	Neath	NSW	-32.8276	151.4082
2326	Sawyers Gully	NSW	-32.7961	151.4483
2326	Bishops Bridge	NSW	-32.7455	151.4689
2326	Weston	NSW	-32.81	151.456
2326	Loxford	NSW	-32.7902	151.481
2326	Abermain	NSW	-32.8074	151.4275
2334	Greta	NSW	-32.6778	151.3892
2335	Leconfield	NSW	-32.6534	151.3894
2335	Elderslie	NSW	-34.0552	150.7137
2335	Belford	NSW	-32.6667	151.2833
2335	Branxton	NSW	-32.6555	151.3511
2335	Lambs Valley	NSW	-32.9664	151.2079
2335	Stanhope	NSW	-33.7221	150.926
2335	Lower Belford	NSW	-32.6313	151.2901
2335	North Rothbury	NSW	-32.6934	151.3438
2335	East Branxton	NSW	-32.6537	151.3656
2335	Dalwood	NSW	-32.9664	151.2079
2421	Fishers Hill	NSW	-32.451	151.4394
2421	Vacy	NSW	-32.5316	151.569
2421	Summer Hill	NSW	-33.8915	151.1382
2421	Webbers Creek	NSW	-32.594	151.505
2421	Trevallyn	NSW	-32.451	151.4394
2421	Tocal	NSW	-32.633	151.5913
2421	Paterson	NSW	-32.6061	151.6159
2421	Torryburn	NSW	-30.45	151.2167
2312	Minimbah	NSW	-32.1577	152.3748
2312	Nabiac	NSW	-32.0984	152.3763
2337	Moonan Flat	NSW	-31.9167	151.25
2337	Glenbawn	NSW	-32.1217	150.961
2337	Murulla	NSW	-31.8229	150.9281
2337	Tomalla	NSW	-31.85	151.4667
2337	Pages Creek	NSW	-31.9607	150.9914
2337	Middle Brook	NSW	-31.974	150.8148
2337	Kars Springs	NSW	-31.9	150.5667
2337	Glenrock	NSW	-31.6652	151.4179
2337	Brawboy	NSW	-31.9501	150.6262
2337	Belltrees	NSW	-31.9906	151.1232
2337	Ellerston	NSW	-31.8167	151.3167
2337	Moonan Brook	NSW	-31.9415	151.2792
2337	Woolooma	NSW	-32.0074	151.2027
2337	Gundy	NSW	-32.0167	151
2337	Wingen	NSW	-31.8833	150.8833
2337	Dry Creek	NSW	-31.9607	150.9914
2337	Parkville	NSW	-31.9809	150.8628
2337	Moobi	NSW	-32.0749	150.7959
2337	Omadale	NSW	-31.9607	150.9914
2337	Scone	NSW	-32.0501	150.8689
2337	Stewarts Brook	NSW	-31.9985	151.3179
2337	Owens Gap	NSW	-32.05	150.7
2337	Bunnan	NSW	-32.05	150.5833
2337	Waverly	NSW	-31.8781	151.0776
2337	Segenhoe	NSW	-32.1167	150.9167
2337	Satur	NSW	-32.041	150.8416
2423	Seal Rocks	NSW	-32.4359	152.5319
2423	Bulahdelah	NSW	-32.407	152.2119
2423	Topi Topi	NSW	-32.3667	152.3833
2423	Wootton	NSW	-32.3021	152.3171
2423	Bungwahl	NSW	-32.367	152.4252
2423	Violet Hill	NSW	-32.3299	152.2778
2423	Coolongolook	NSW	-32.2174	152.3221
2423	Warranulla	NSW	-32.1963	152.1354
2423	Boolambayte	NSW	-32.3982	152.2696
2423	Crawford River	NSW	-32.45	152.1333
2423	Nerong	NSW	-32.5108	152.2133
2423	Myall Lake	NSW	-32.3299	152.2778
2423	Bombah Point	NSW	-32.3299	152.2778
2423	Mungo Brush	NSW	-32.3299	152.2778
2423	Mayers Flat	NSW	-32.388	152.3318
2423	Wallingat	NSW	-32.3299	152.2778
2423	Wang Wauk	NSW	-32.1426	152.2815
2423	Willina	NSW	-32.1766	152.2712
2423	Markwell	NSW	-32.3333	152.1833
2423	Yagon	NSW	-32.3299	152.2778
2423	Upper Myall	NSW	-32.2564	152.1557
2424	Charity Creek	NSW	-31.778	152.0862
2424	Knorrit Forest	NSW	-31.778	152.0862
2424	Tiri	NSW	-31.778	152.0862
2424	Woodside	NSW	-31.778	152.0862
2424	Cooplacurripa	NSW	-31.778	152.0862
2424	Cundle Flat	NSW	-31.8164	151.993
2424	Caffreys Flat	NSW	-31.808	152.0721
2424	Mount George	NSW	-31.8884	152.1854
2424	Rocks Crossing	NSW	-31.778	152.0862
2424	Knorrit Flat	NSW	-31.8414	152.112
2424	Number One	NSW	-31.738	152.0665
2424	Cells River	NSW	-31.576	152.0883
2425	The Branch	NSW	-32.5333	152.0167
2425	Stroud	NSW	-32.4037	151.967
2425	Girvan	NSW	-32.4777	152.0651
2425	Allworth	NSW	-32.5368	151.9418
2425	Washpool	NSW	-32.484	151.9953
2425	Booral	NSW	-32.4685	151.986
2426	Moto	NSW	-31.8027	152.5865
2426	Coopernook	NSW	-31.8254	152.6114
2426	Langley Vale	NSW	-31.78	152.5616
2427	Crowdy Head	NSW	-31.8423	152.7522
2427	Harrington	NSW	-31.8831	152.6592
2428	Forster	NSW	-32.1814	152.5172
2428	Tuncurry	NSW	-32.1744	152.4988
2428	Smiths Lake	NSW	-32.3804	152.5034
2428	Booti Booti	NSW	-32.3168	152.5221
2428	Charlotte Bay	NSW	-32.351	152.5079
2428	Green Point	NSW	-32.2493	152.5176
2428	Tarbuck Bay	NSW	-32.3637	152.4806
2428	Blueys Beach	NSW	-32.3472	152.5357
2428	Coomba Park	NSW	-32.2377	152.4571
2428	Tiona	NSW	-32.281	152.4968
2428	Whoota	NSW	-32.3157	152.4818
2428	Wallis Lake	NSW	-32.281	152.4968
2428	Pacific Palms	NSW	-32.281	152.4968
2428	Coomba Bay	NSW	-32.2657	152.436
2428	Forster Shopping Village	NSW	-32.281	152.4968
2428	Darawank	NSW	-32.1333	152.4833
2428	Wallingat	NSW	-32.281	152.4968
2428	Shallow Bay	NSW	-32.2287	152.4233
2428	Elizabeth Beach	NSW	-32.3325	152.546
2428	Sandbar	NSW	-32.281	152.4968
2428	Boomerang Beach	NSW	-32.3376	152.5416
2430	Hillville	NSW	-31.9833	152.3667
2430	Taree South	NSW	-31.942	152.4518
2430	Purfleet	NSW	-31.9428	152.4673
2430	Saltwater	NSW	-31.7724	152.5372
2430	Kundle Kundle	NSW	-31.8526	152.5293
2430	Jones Island	NSW	-31.7724	152.5372
2430	Lansdowne	NSW	-31.7827	152.5347
2430	Rainbow Flat	NSW	-32.0333	152.4833
2430	Tinonee	NSW	-31.9363	152.4142
2430	Failford	NSW	-32.0918	152.446
2430	Tallwoods Village	NSW	-32.0554	152.5104
2430	Diamond Beach	NSW	-32.0435	152.5346
2430	Taree Dc	NSW	-31.7724	152.5372
2430	Manning Point	NSW	-31.8942	152.6577
2430	Possum Brush	NSW	-32.0651	152.4382
2430	Melinga	NSW	-31.8148	152.5179
2430	Croki	NSW	-31.8733	152.5926
2430	Oxley Island	NSW	-31.9167	152.5667
2430	Brimbin	NSW	-31.8631	152.4801
2430	Dumaresq Island	NSW	-31.7724	152.5372
2430	Black Head	NSW	-32.0717	152.5349
2430	Bootawa	NSW	-31.9207	152.3699
2430	Pampoolah	NSW	-31.9333	152.5333
2430	Taree West	NSW	-31.7724	152.5372
2430	Glenthorne	NSW	-31.9279	152.4788
2430	Bohnock	NSW	-31.95	152.5667
2430	Upper Lansdowne	NSW	-31.7108	152.4658
2430	Hallidays Point	NSW	-32.0664	152.5015
2430	Mondrook	NSW	-31.9086	152.4136
2430	Red Head	NSW	-32.057	152.5357
2430	Lansdowne Forest	NSW	-31.7469	152.5757
2430	Taree	NSW	-31.911	152.4539
2430	Cabbage Tree Island	NSW	-28.9804	153.4567
2430	Cundletown	NSW	-31.8941	152.5214
2430	Ghinni Ghinni	NSW	-31.8833	152.5483
2430	Wallabi Point	NSW	-31.9951	152.5685
2430	Kiwarrak	NSW	-31.7724	152.5372
2430	Happy Valley	NSW	-28.8906	152.7601
2430	Chatham	NSW	-31.9	152.4833
2430	Kolodong	NSW	-31.8833	152.4333
2430	Old Bar	NSW	-31.9694	152.5881
2430	Mitchells Island	NSW	-31.9	152.6167
2430	Koorainghat	NSW	-31.986	152.4799
2443	Moorland	NSW	-31.7929	152.6518
2443	Deauville	NSW	-31.6688	152.7905
2443	Crowdy Bay	NSW	-31.788	152.7311
2443	Hannam Vale	NSW	-31.7167	152.6
2443	Diamond Head	NSW	-32.057	152.5357
2443	Middle Brother	NSW	-31.6998	152.7178
2443	Dunbogan	NSW	-31.65	152.8167
2443	Bobs Creek	NSW	-31.5872	152.7536
2443	Waitui	NSW	-31.6863	152.5467
2443	Dicks Hill	NSW	-31.6998	152.7178
2443	Johns River	NSW	-31.7339	152.6965
2443	North Brother	NSW	-31.6998	152.7178
2443	Camden Head	NSW	-31.642	152.8342
2443	Stewarts River	NSW	-31.7333	152.65
2443	West Haven	NSW	-31.6355	152.7838
2443	Coralville	NSW	-31.6998	152.7178
2443	Laurieton	NSW	-31.6448	152.7946
2443	Herons Creek	NSW	-31.5918	152.7274
2443	Lakewood	NSW	-31.6321	152.7582
2443	North Haven	NSW	-31.6368	152.8136
2844	Leadville	NSW	-32	149.55
2844	Birriwa	NSW	-32.1167	149.4667
2844	Dunedoo	NSW	-32.0163	149.3871
2844	Cobbora	NSW	-32.0667	149.25
2846	Kangaroo Flat	NSW	-31.1312	152.1335
2846	Airly	NSW	-32.6178	150.5858
2846	Round Swamp	NSW	-33.0735	149.9429
2846	Capertee	NSW	-33.15	149.9833
2846	Glen Davis	NSW	-33.1167	150.2833
2890	Australian Defence Forces	NSW	-32.3918	148.3941
2890	Forces	NSW	-32.3918	148.3941
2387	Bulyeroi	NSW	-29.8169	148.909
2387	Rowena	NSW	-29.8169	148.909
2397	Millie	NSW	-29.8152	149.5679
2397	Bellata	NSW	-29.9191	149.7889
2397	Thalaba	NSW	-29.8672	149.6784
2397	Jews Lagoon	NSW	-29.8672	149.6784
2398	Gurley	NSW	-29.7333	149.8
2401	Gravesend	NSW	-29.5833	150.3331
2404	Elcombe	NSW	-29.8656	150.333
2404	Pallal	NSW	-29.9815	150.4258
2404	Whitlow	NSW	-29.8628	150.6887
2404	Keera	NSW	-29.9818	150.7679
2404	Gineroi	NSW	-29.7393	150.5384
2404	Dinoga	NSW	-29.9667	150.6
2404	Bangheet	NSW	-29.9146	150.572
2404	Upper Bingara	NSW	-30.05	150.65
2404	Bingara	NSW	-29.8693	150.572
2405	Boomi	NSW	-28.7233	149.5794
2405	Garah	NSW	-29.0759	149.6377
2411	Croppa Creek	NSW	-29.1331	150.3014
2833	Collarenebri	NSW	-29.5438	148.5759
1639	Frenchs Forest	NSW	-33.7482	151.2232
1640	Frenchs Forest	NSW	-33.7482	151.2232
2088	Spit Junction	NSW	-33.839	151.2396
2088	Mosman	NSW	-33.839	151.2396
2091	Hmas Penguin	NSW	-33.776	151.2715
2708	Murray Region Mc	NSW	-34.7062	146.4742
2711	Maude	NSW	-34.4739	144.3003
2711	Hay South	NSW	-34.5252	144.8534
2711	Gunbar	NSW	-34.0484	145.3931
2711	Corrong	NSW	-34.2176	144.4683
2711	Booligal	NSW	-34.2831	144.5944
2711	Keri Keri	NSW	-34.8667	143.9
2711	One Tree	NSW	-34.1889	144.7172
2711	Yanga	NSW	-34.2831	144.5944
2711	Waugorah	NSW	-34.2831	144.5944
2711	Hay	NSW	-34.509	144.8431
2711	Oxley	NSW	-34.1936	144.1024
2711	Carrathool	NSW	-34.4075	145.4358
2711	Clare	NSW	-33.4	143.9303
2714	Tocumwal	NSW	-35.8115	145.5692
2714	Tuppal	NSW	-35.6818	145.2512
2714	Aratula	NSW	-35.7467	145.4102
2714	Pine Lodge	NSW	-35.7467	145.4102
2731	Thyra	NSW	-35.841	144.747
2731	Bunnaloo	NSW	-35.7869	144.5977
2731	Moama	NSW	-36.1041	144.7608
2731	Tantonan	NSW	-35.7026	144.637
2731	Womboota	NSW	-35.9073	144.6
2732	Gonn	NSW	-35.5618	144.2684
2732	Cobramunga	NSW	-35.5618	144.2684
2732	Noorong	NSW	-35.5618	144.2684
2732	Barham	NSW	-35.6265	144.129
2732	Tullakool	NSW	-35.5618	144.2684
2732	Thule	NSW	-35.6658	144.3604
2732	Burraboi	NSW	-35.393	144.3159
2734	Stony Crossing	NSW	-35.0813	143.5498
2734	Kyalite	NSW	-34.9532	143.4775
2734	Wetuppa	NSW	-35.1689	143.6755
2734	Mellool	NSW	-35.4197	143.7924
2734	Cunninyeuk	NSW	-35.2016	143.8576
2734	Speewa Island	NSW	-35.1689	143.6755
2734	Tooranie	NSW	-35.1689	143.6755
2734	Moolpa	NSW	-35.0152	143.7012
2734	Tueloga	NSW	-35.1689	143.6755
2734	Dilpurra	NSW	-35.1652	143.6846
2734	Coobool	NSW	-35.1689	143.6755
2734	Murray Downs	NSW	-35.3899	143.6495
2734	Nacurrie	NSW	-35.1689	143.6755
2734	Mallan	NSW	-35.1252	143.6917
2735	Koraleigh	NSW	-35.1286	143.4404
2735	Speewa	NSW	-35.1286	143.4404
2736	Tooleybuc	NSW	-35.0318	143.3346
2736	Goodnight	NSW	-34.959	143.3395
2680	Beelbangera	NSW	-34.2553	146.0985
2680	Hanwood	NSW	-34.331	146.0414
2680	Lake Wyangan	NSW	-34.232	146.0208
2680	Griffith	NSW	-34.2885	146.0509
2680	Griffith East	NSW	-34.3143	146.0434
2680	Bilbul	NSW	-34.2718	146.1405
2680	Tharbogang	NSW	-34.2659	145.993
2680	Nericon	NSW	-34.1781	146.0355
2680	Griffith Dc	NSW	-34.3143	146.0434
2680	Warrawidgee	NSW	-34.3143	146.0434
2680	Kooba	NSW	-34.4246	146.1099
2680	Willbriggie	NSW	-34.466	146.0149
2680	Warburn	NSW	-34.1811	145.9404
2680	Widgelli	NSW	-34.3355	146.1585
2680	Yoogali	NSW	-34.2994	146.0844
2680	Benerembah	NSW	-34.5565	145.8753
2706	Darlington Point	NSW	-34.5694	145.9987
2707	Coleambally	NSW	-34.8039	145.8804
2707	Argoon	NSW	-34.9236	145.6492
2712	Berrigan	NSW	-35.6588	145.8114
2712	Boomanoomana	NSW	-35.8831	145.7929
2713	Logie Brae	NSW	-35.6216	145.4285
2713	Blighty	NSW	-35.5883	145.2859
2713	Retreat	NSW	-35.6216	145.4285
2713	Myrtle Park	NSW	-35.6216	145.4285
2713	Finley	NSW	-35.655	145.5711
2328	Dalswinton	NSW	-32.4295	150.7004
2328	Denman	NSW	-32.3879	150.6893
2328	Widden	NSW	-32.5167	150.3667
2328	Martindale	NSW	-32.5096	150.6841
2328	Mangoola	NSW	-32.4269	150.5689
2328	Bureen	NSW	-32.4654	150.7213
2328	Yarrawa	NSW	-32.4021	150.5769
2328	Hollydeen	NSW	-32.4269	150.5689
2328	Giants Creek	NSW	-32.235	150.5182
2328	Kerrabee	NSW	-32.4687	150.2945
2336	Upper Rouchel	NSW	-32.1167	151.0833
2336	Dartbrook	NSW	-32.1568	150.8063
2336	Aberdeen	NSW	-32.1659	150.89
2336	Rouchel Brook	NSW	-32.2145	151.1109
2336	Davis Creek	NSW	-32.1586	150.942
2336	Rossgole	NSW	-32.1586	150.942
2336	Rouchel	NSW	-32.1409	150.955
2336	Upper Dartbrook	NSW	-32.1568	150.8063
2441	Kippara	NSW	-31.2209	152.5225
2441	Grassy Head	NSW	-30.7822	152.9931
2441	Hacks Ferry	NSW	-31.332	152.833
2441	Gum Scrub	NSW	-31.3	152.7333
2441	Rollands Plains	NSW	-31.2818	152.6846
2441	Eungai Creek	NSW	-30.8333	152.8833
2441	Barraganyatti	NSW	-30.8568	152.9346
2441	Marlo Merrican	NSW	-31.2289	152.6706
2441	Cooperabung	NSW	-31.3	152.8
2441	Stuarts Point	NSW	-30.8208	152.9933
2441	Allgomera	NSW	-30.8182	152.7955
2441	Eungai Rail	NSW	-30.8632	152.8851
2441	Brinerville	NSW	-31.0343	152.8261
2441	Telegraph Point	NSW	-31.3247	152.8005
2441	Ballengarra	NSW	-31.3178	152.7052
2441	Tamban	NSW	-30.8827	152.826
2441	Gearys Flat	NSW	-31.0343	152.8261
2441	Yarrahapinni	NSW	-30.8281	152.9538
2441	Browns Crossing	NSW	-31.0343	152.8261
2441	Allgomera Creek	NSW	-31.0343	152.8261
2441	Bril Bril	NSW	-31.0343	152.8261
2441	Upper Rollands Plains	NSW	-31.2434	152.6205
2441	Bonville	NSW	-30.3828	153.0596
2441	Fishermans Reach	NSW	-30.8593	152.9956
2441	Crossmaglen	NSW	-31.0343	152.8261
2441	Kundabung	NSW	-31.2094	152.8316
2447	Wirrimbi	NSW	-30.6667	152.9333
2447	Congarinni North	NSW	-30.7009	152.7479
2447	Upper Taylors Arm	NSW	-30.7949	152.6695
2447	Macksville	NSW	-30.7078	152.9203
2447	Scotts Head	NSW	-30.7477	152.9961
2447	Warrell Creek	NSW	-30.7718	152.8924
2447	Utungun	NSW	-30.7427	152.8276
2447	Talarm	NSW	-30.7016	152.8501
2447	Burrapine	NSW	-30.7176	152.6371
2447	Gumma	NSW	-30.7172	152.9694
2447	Newee Creek	NSW	-30.6316	152.9275
2447	Yarranbella	NSW	-30.7311	152.7667
2447	Bakers Creek	NSW	-30.2667	151.0167
2447	Thumb Creek	NSW	-30.683	152.6154
2447	Taylors Arm	NSW	-30.766	152.728
2447	North Macksville	NSW	-30.6939	152.9444
2447	Donnellyville	NSW	-30.7554	152.9155
2447	Congarinni	NSW	-30.7684	152.874
2447	Way Way	NSW	-30.7527	152.9776
2454	Mylestom	NSW	-30.4649	153.0432
2454	Valery	NSW	-30.4055	152.9515
2454	Kooroowi	NSW	-30.479	152.8029
2454	Bundagen	NSW	-30.4132	153.0584
2454	Brierfield	NSW	-30.5	152.9
2454	Spicketts Creek	NSW	-30.528	152.8676
2454	Darkwood	NSW	-30.4328	152.673
2454	Kalang	NSW	-30.4906	152.7931
2454	Thora	NSW	-30.4397	152.7868
2454	Repton	NSW	-30.4427	153.0366
2454	Fernmount	NSW	-30.4667	152.9333
2454	Raleigh	NSW	-30.4396	152.9712
2454	Gleniffer	NSW	-30.3885	152.8871
2454	Upper Thora	NSW	-30.4532	152.9003
2454	Scotchman	NSW	-30.4532	152.9003
2454	Orama	NSW	-30.4532	152.9003
2454	Hydes Creek	NSW	-30.4532	152.9003
2454	Gordonville	NSW	-30.4532	152.9003
2454	Brinerville	NSW	-30.4532	152.9003
2454	Bellingen	NSW	-30.4529	152.8991
2454	Sunny Corner	NSW	-30.4532	152.9003
2309	Dangar	NSW	-33.5386	151.2415
2347	Caroda	NSW	-30	150.4
2347	Woodsreef	NSW	-30.3818	150.7346
2347	Horton Valley	NSW	-30.2195	150.7882
2347	Mayvale	NSW	-30.2195	150.7882
2347	Thirldene	NSW	-30.2195	150.7882
2347	Gundamulda	NSW	-30.2195	150.7882
2347	Lindesay	NSW	-30.3352	150.2998
2347	Ironbark	NSW	-30.2195	150.7882
2347	Barraba	NSW	-30.3855	150.609
2347	Cobbadah	NSW	-30.2286	150.5823
2347	Thirloene	NSW	-30.2195	150.7882
2347	Banoon	NSW	-30.5252	150.4067
2347	Red Hill	NSW	-29.5333	153.1628
2347	Gulf Creek	NSW	-30.1985	150.7012
2347	Upper Horton	NSW	-30.1333	150.4333
2347	Longarm	NSW	-30.4736	150.552
2356	Gwabegar	NSW	-30.6101	148.9675
2386	Drildool	NSW	-30.0985	148.9679
2386	Nowley	NSW	-30.0985	148.9679
2386	Burren Junction	NSW	-30.0985	148.9679
2650	Lake Albert	NSW	-35.1667	147.3833
2650	Borambola	NSW	-35.172	147.6426
2650	Oura	NSW	-35.1122	147.5374
2650	Turvey Park	NSW	-35.1285	147.3626
2650	Gelston Park	NSW	-35.2334	147.3412
2650	Lloyd	NSW	-35.1507	147.3371
2650	Euberta	NSW	-35.0667	147.2167
2650	Harefield	NSW	-34.9667	147.5333
2650	Book Book	NSW	-35.3693	147.5624
2650	Gregadoo	NSW	-35.2333	147.4333
2650	Bomen	NSW	-35.0667	147.4167
2650	Westdale	NSW	-35.1774	147.3882
2650	Westby	NSW	-35.4878	147.4137
2650	Kyeamba	NSW	-35.4445	147.608
2650	Ashmont	NSW	-35.1249	147.3317
2650	San Isidore	NSW	-35.1248	147.2894
2650	Big Springs	NSW	-35.1774	147.3882
2650	Cartwrights Hill	NSW	-35.0748	147.392
2650	Eunanoreenya	NSW	-35.0669	147.4685
2650	Galore	NSW	-34.998	146.8128
2650	Brucedale	NSW	-35.0318	147.4149
2650	Rowan	NSW	-35.1997	147.3266
2650	Springvale	NSW	-35.1669	147.3306
2650	Hillgrove	NSW	-36.0209	148.7291
2650	Currawarna	NSW	-35.0151	147.0696
2650	Kooringal	NSW	-35.1407	147.3768
2650	Glenfield Park	NSW	-35.1373	147.3328
2650	Yathella	NSW	-35.1774	147.3882
2650	Downside	NSW	-35	147.35
2650	Dhulura	NSW	-35.0293	147.3365
2650	Currawananna	NSW	-35.0151	147.0696
2650	Bulgary	NSW	-35.0186	146.9533
2650	Wagga Wagga	NSW	-35.1258	147.3537
2650	Wagga Wagga South	NSW	-35.1774	147.3882
2650	Moorong	NSW	-35.1119	147.3125
2650	Burrandana	NSW	-35.1774	147.3882
2650	Alfredtown	NSW	-35.1615	147.5104
2650	Wallacetown	NSW	-35.1774	147.3882
2650	Maxwell	NSW	-35.3081	147.293
2650	Yarragundry	NSW	-35.1128	147.2266
2650	Estella	NSW	-35.0725	147.3575
2650	Oberne Creek	NSW	-35.4068	147.8375
2650	Belfrayden	NSW	-35.1173	147.0546
2650	Carabost	NSW	-35.5985	147.7179
2650	North Wagga Wagga	NSW	-35.1	147.3833
2650	East Wagga Wagga	NSW	-35.1276	147.407
2650	Tatton	NSW	-35.1599	147.3587
2650	The Gap	NSW	-35.1774	147.3882
2650	Boorooma	NSW	-35.0744	147.3646
2650	Wantabadgery	NSW	-35.0559	147.7259
2650	Mount Austin	NSW	-35.1368	147.353
2650	Coursing Park	NSW	-35.1774	147.3882
2650	Eunonoreenya	NSW	-35.1774	147.3882
2650	Tolland	NSW	-35.1452	147.3516
2650	Wagga Wagga Bc	NSW	-35.1774	147.3882
2650	Cookardinia	NSW	-35.5573	147.2333
2650	Collingullie	NSW	-35.0833	147.1167
2650	Bourkelands	NSW	-35.1559	147.347
2650	Wagga Wagga North	NSW	-35.1774	147.3882
2650	Pulletop	NSW	-35.4379	147.3904
2650	Gobbagombalin	NSW	-35.0592	147.3436
2650	Berry Jerry	NSW	-35.1774	147.3882
2705	Merungle Hill	NSW	-34.615	146.4652
2705	Calorafield	NSW	-34.5162	146.3498
2705	Murrami	NSW	-34.4231	146.3057
2705	Gogeldrie	NSW	-34.5485	146.3012
2705	Stanbridge	NSW	-34.5152	146.2346
2705	Whitton	NSW	-34.5187	146.1851
2705	Brobenah	NSW	-34.3753	146.4317
2705	Corbie Hill	NSW	-34.563	146.4833
2705	Leeton	NSW	-34.551	146.4048
2705	Wamoon	NSW	-34.5358	146.3366
2821	Burroway	NSW	-32.0833	148.2667
2821	Narromine	NSW	-32.2312	148.2405
2821	Wyanga	NSW	-32.4667	148.1333
2869	Trewilga	NSW	-32.7866	148.2298
2869	Mungery	NSW	-32.55	148
2869	Tomingley	NSW	-32.5667	148.2333
2869	Peak Hill	NSW	-32.7239	148.1905
2285	Cameron Park	NSW	-32.907	151.6053
2285	Cardiff South	NSW	-32.9547	151.6645
2285	Edgeworth	NSW	-32.9251	151.6161
2285	Cardiff Heights	NSW	-32.9363	151.6723
2285	Glendale	NSW	-32.9319	151.641
2285	Cardiff	NSW	-32.942	151.6544
2285	Macquarie Hills	NSW	-32.9511	151.6446
2291	Merewether Heights	NSW	-32.9473	151.7356
2291	The Junction	NSW	-32.9382	151.7591
2291	Merewether	NSW	-32.948	151.7433
2292	Broadmeadow	NSW	-32.9237	151.7285
2292	Hamilton North	NSW	-32.9119	151.7368
2293	Wickham	NSW	-32.9192	151.7569
2293	Maryville	NSW	-32.9112	151.7554
2294	Carrington	NSW	-32.915	151.7644
2296	Islington	NSW	-32.9139	151.7474
2297	Tighes Hill	NSW	-32.9073	151.7509
2298	Waratah	NSW	-32.9067	151.7265
2298	Georgetown	NSW	-32.9081	151.7312
2298	Waratah West	NSW	-32.9	151.7117
2299	Lambton	NSW	-32.9167	151.7
2299	North Lambton	NSW	-32.9061	151.7057
2299	Glen Inneslambton	NSW	-32.9085	151.6988
2299	Jesmond	NSW	-32.9028	151.6907
2300	Cooks Hill	NSW	-32.9324	151.7711
2300	Newcastle	NSW	-32.9295	151.7801
2300	Bar Beach	NSW	-32.9413	151.7654
2300	Newcastle East	NSW	-32.9277	151.7884
2300	The Hill	NSW	-32.9309	151.7783
2302	Newcastle West	NSW	-32.9245	151.7571
2303	Hamilton South	NSW	-32.9239	151.7503
2303	Hamilton Dc	NSW	-32.9239	151.7503
2303	Hamilton	NSW	-32.9221	151.7471
2303	Hamilton East	NSW	-32.9258	151.7535
2304	Mayfield	NSW	-32.8979	151.7361
2304	Mayfield North	NSW	-32.8928	151.7482
2304	Sandgate	NSW	-32.8667	151.7
2304	Warabrook	NSW	-32.8888	151.7149
2304	Mayfield East	NSW	-32.9003	151.7497
2304	Kooragang	NSW	-32.8873	151.7741
2304	Mayfield West	NSW	-32.892	151.7271
2307	Shortland	NSW	-32.8788	151.691
2308	Newcastle University	NSW	-32.892	151.7053
2308	Callaghan	NSW	-32.892	151.7053
1515	West Chatswood	NSW	-33.794	151.1649
1585	Crows Nest	NSW	-33.8249	151.204
1790	St Marys	NSW	-33.7768	151.0215
2055	North Sydney	NSW	-33.839	151.2072
2059	North Sydney	NSW	-33.839	151.2072
2060	North Sydney	NSW	-33.839	151.2072
2060	Lavender Bay	NSW	-33.8437	151.2075
2060	Hmas Waterhen	NSW	-33.8416	151.2046
2060	Hmas Platypus	NSW	-33.8416	151.2046
2060	North Sydney Shoppingworld	NSW	-33.8416	151.2046
2060	Mcmahons Point	NSW	-33.8449	151.2031
2060	Waverton	NSW	-33.8386	151.2005
2061	Kirribilli	NSW	-33.8487	151.2162
2061	Milsons Point	NSW	-33.846	151.2119
2062	Cammeray	NSW	-33.8213	151.2161
2089	Kurraba Point	NSW	-33.8424	151.2226
2089	Neutral Bay	NSW	-33.8378	151.2175
2089	Neutral Bay Junction	NSW	-33.8401	151.22
2090	Cremorne Point	NSW	-33.8401	151.227
2090	Cremorne	NSW	-33.8268	151.2263
2090	Cremorne Junction	NSW	-33.8334	151.2267
1658	Mona Vale	NSW	-33.6776	151.3031
1660	Mona Vale	NSW	-33.6776	151.3031
2069	Roseville Chase	NSW	-33.7785	151.1968
2069	Roseville	NSW	-33.7833	151.1833
2069	Castle Cove	NSW	-33.7865	151.2092
2070	East Lindfield	NSW	-33.7666	151.1868
2070	Lindfield West	NSW	-33.775	151.1768
2070	Lindfield	NSW	-33.7833	151.1667
2075	North St Ives	NSW	-33.7038	151.1646
2075	St Ives Chase	NSW	-33.7038	151.1646
2075	St Ives	NSW	-33.7038	151.1646
2079	Mount Colah	NSW	-33.6833	151.1167
2084	Cottage Point	NSW	-33.6209	151.2027
2084	Akuna Bay	NSW	-33.6583	151.2107
2084	Terrey Hills	NSW	-33.6833	151.2333
2084	Duffys Forest	NSW	-33.6705	151.196
2085	Belrose West	NSW	-33.7413	151.2056
2085	Belrose	NSW	-33.7395	151.2103
2085	Davidson	NSW	-33.743	151.2008
2086	Frenchs Forest East	NSW	-33.7482	151.2232
2086	Frenchs Forest	NSW	-33.7482	151.2232
2087	Killarney Heights	NSW	-33.7745	151.2203
2087	Forestville	NSW	-33.7667	151.2083
2092	Seaforth	NSW	-33.8014	151.2398
2093	Balgowlah Heights	NSW	-33.8066	151.2624
2093	North Balgowlah	NSW	-33.7863	151.248
2093	Manly Vale	NSW	-33.7846	151.262
2093	Clontarf	NSW	-33.8055	151.2537
2093	Balgowlah	NSW	-33.7949	151.2572
2094	Fairlight	NSW	-33.7957	151.2735
2095	Manly East	NSW	-33.798	151.2883
2095	Manly	NSW	-33.798	151.2883
2096	Harbord	NSW	-33.7768	151.2865
2096	Curl Curl	NSW	-33.7689	151.2889
2096	Queenscliff	NSW	-33.7828	151.285
2096	Freshwater	NSW	-33.7787	151.2857
2097	Collaroy	NSW	-33.732	151.3012
2097	Wheeler Heights	NSW	-33.7312	151.2805
2097	Collaroy Plateau	NSW	-33.7288	151.2908
2097	Collaroy Beach	NSW	-33.732	151.3012
2097	Collaroy Plateau West	NSW	-33.731	151.2934
2097	Long Reef	NSW	-33.731	151.2934
2099	Dee Why Beach	NSW	-33.7505	151.2827
2099	Cromer Heights	NSW	-33.7505	151.2827
2099	Dee Why	NSW	-33.7511	151.2889
2099	Wingala	NSW	-33.7505	151.2827
2099	Narraweena	NSW	-33.7552	151.2766
2099	North Curl Curl	NSW	-33.7643	151.2973
2099	Cromer	NSW	-33.7312	151.2679
2100	Beacon Hill	NSW	-33.7528	151.2586
2100	Allambie	NSW	-33.7666	151.2498
2100	Allambie Heights	NSW	-33.7666	151.2498
2100	Brookvale	NSW	-33.7611	151.2745
2100	North Manly	NSW	-33.7756	151.2692
2100	Oxford Falls	NSW	-33.739	151.2444
2100	Warringah Mall	NSW	-33.7603	151.2577
2101	Narrabeen Peninsula	NSW	-33.7021	151.2842
2101	Elanora Heights	NSW	-33.7016	151.2797
2101	Narrabeen	NSW	-33.7128	151.2974
2101	Ingleside	NSW	-33.6846	151.2635
2101	North Narrabeen	NSW	-33.7093	151.2961
2102	Warriewood Dc	NSW	-33.6886	151.2953
2102	Warriewood Shopping Square	NSW	-33.6886	151.2953
2102	Warriewood	NSW	-33.6886	151.2953
2103	Mona Vale	NSW	-33.6776	151.3031
2104	Bayview	NSW	-33.6598	151.2988
2105	Elvina Bay	NSW	-33.6397	151.2777
2105	Mccarrs Creek	NSW	-33.6497	151.2781
2105	Morning Bay	NSW	-33.629	151.2867
2105	Lovett Bay	NSW	-33.6408	151.2827
2105	Scotland Island	NSW	-33.6407	151.2875
2105	Church Point	NSW	-33.6451	151.2837
2106	Newport	NSW	-33.6564	151.314
2106	Newport Beach	NSW	-33.6564	151.314
2107	Bilgola Plateau	NSW	-33.6478	151.3121
2107	Avalon	NSW	-33.6359	151.329
2107	Bilgola Beach	NSW	-33.6449	151.3243
2107	Taylors Point	NSW	-33.6342	151.3234
2107	Paradise Beach	NSW	-33.6342	151.3234
2107	Whale Beach	NSW	-33.6112	151.3289
2107	Clareville	NSW	-33.6297	151.3168
2107	Bilgola	NSW	-33.6342	151.3234
2107	Careel Bay	NSW	-33.6342	151.3234
2107	Avalon Beach	NSW	-33.6359	151.329
2108	Great Mackerel Beach	NSW	-33.5908	151.2995
2108	Coasters Retreat	NSW	-33.6061	151.298
2108	The Basin	NSW	-33.6038	151.301
2108	Currawong Beach	NSW	-33.5968	151.2972
2108	Palm Beach	NSW	-33.5966	151.3238
2108	Morning Bay	NSW	-33.629	151.2867
2798	Byng	NSW	-33.3476	149.2551
2798	Spring Terrace	NSW	-33.4	149.1167
2798	Guyong	NSW	-33.4479	149.1308
2798	Millthorpe	NSW	-33.446	149.1854
2798	Tallwood	NSW	-33.4962	149.1153
2798	Flyers Creek	NSW	-33.5333	149.0333
2798	Forest Reefs	NSW	-33.4645	149.079
2798	Beneree	NSW	-33.4479	149.1308
1216	Grosvenor Place	NSW	-34.5994	150.4017
1217	Grosvenor Place	NSW	-34.5994	150.4017
1218	Grosvenor Place	NSW	-34.5994	150.4017
1219	Grosvenor Place	NSW	-34.5994	150.4017
1220	Grosvenor Place	NSW	-34.0599	150.998
1231	Sydney South	NSW	-33.8787	151.2053
1232	Sydney South	NSW	-33.8787	151.2053
1233	Sydney South	NSW	-33.8787	151.2053
1234	Sydney South	NSW	-33.8787	151.2053
1235	Sydney South	NSW	-33.8787	151.2053
1715	Pennant Hills	NSW	-33.7378	151.0722
1730	Seven Hills	NSW	-33.7833	150.9333
1740	Parramatta	NSW	-33.8178	151.0035
1741	Parramatta	NSW	-33.8178	151.0035
1755	Baulkham Hills	NSW	-33.7588	150.9929
1765	Castle Hill	NSW	-33.7333	151
1771	Pennant Hills	NSW	-33.7378	151.0722
1811	Silverwater	NSW	-33.8334	151.0473
2114	Melrose Park	NSW	-33.8149	151.0721
2114	Denistone	NSW	-33.7983	151.0905
2114	West Ryde	NSW	-33.8054	151.0739
2114	Meadowbank	NSW	-33.8167	151.0886
2114	Denistone West	NSW	-33.8005	151.0762
2115	Ermington	NSW	-33.8148	151.0547
2116	Rydalmere	NSW	-33.8145	151.0375
2117	Dundas	NSW	-33.8033	151.0406
2117	Dundas Valley	NSW	-33.7883	151.0526
2117	Telopea	NSW	-33.7928	151.0386
2117	Oatlands	NSW	-33.796	151.0271
2119	Cheltenham	NSW	-33.7587	151.0723
2119	Beecroft	NSW	-33.7495	151.0648
2122	Eastwood	NSW	-33.7918	151.0806
2122	Marsfield	NSW	-33.7778	151.1057
2123	Parramatta	NSW	-33.8178	151.0035
2124	Parramatta	NSW	-33.8178	151.0035
2128	Silverwater	NSW	-33.8334	151.0473
2141	Lidcombe North	NSW	-33.8702	151.0431
2141	Rookwood	NSW	-33.8742	151.0557
2141	Lidcombe	NSW	-33.8644	151.0397
2141	Berala	NSW	-33.872	151.0339
2142	South Granville	NSW	-33.8406	151.0075
2142	Camellia	NSW	-33.8197	151.0264
2142	Blaxcell	NSW	-33.8309	151.0133
2142	Granville	NSW	-33.8406	151.0075
2142	Holroyd	NSW	-33.8308	150.9973
2142	Rosehill	NSW	-33.8201	151.0245
2142	Clyde	NSW	-33.8333	151.0167
2145	Constitution Hill	NSW	-33.7926	150.9763
2145	Pendle Hill	NSW	-33.804	150.9554
2145	Greystanes	NSW	-33.8235	150.9461
2145	South Wentworthville	NSW	-33.8185	150.9634
2145	Pemulwuy	NSW	-33.8227	150.9239
2145	Girraween	NSW	-33.799	150.943
2145	Wentworthville	NSW	-33.8065	150.9678
2145	Mays Hill	NSW	-33.8203	150.9943
2145	Westmead	NSW	-33.8038	150.9877
2147	Seven Hills West	NSW	-33.7648	150.9333
2147	Seven Hills	NSW	-33.7833	150.9333
2147	Lalor Park	NSW	-33.7609	150.9312
2147	Kings Langley	NSW	-33.7501	150.9354
2150	Parramatta	NSW	-33.8178	151.0035
2150	Parramatta Westfield	NSW	-33.8203	151.0056
2150	Harris Park	NSW	-33.8229	151.0078
2152	Northmead	NSW	-33.7838	150.9986
2153	Crestwood	NSW	-35.3484	149.2176
2153	Baulkham Hills	NSW	-33.7588	150.9929
2153	Norwest	NSW	-34.1562	150.5364
2153	Bella Vista	NSW	-33.7413	150.9546
2153	Winston Hills	NSW	-33.7764	150.9805
2160	Merrylands West	NSW	-33.8327	150.9691
2160	Merrylands	NSW	-33.8333	150.9833
2555	Badgerys Creek	NSW	-33.8907	150.7427
2748	Orchard Hills	NSW	-33.7823	150.7109
2749	Cranebrook	NSW	-33.7061	150.7094
2749	Castlereagh	NSW	-33.6898	150.6789
2750	Jamisontown	NSW	-33.768	150.6768
2750	Penrith Plaza	NSW	-33.7569	150.6725
2750	Penrith	NSW	-33.75	150.7
2750	South Penrith	NSW	-33.7735	150.6947
2750	Emu Plains	NSW	-33.75	150.6667
2750	Penrith South	NSW	-33.7569	150.6725
2750	Leonay	NSW	-33.7654	150.6481
2750	Emu Heights	NSW	-33.7345	150.6487
2751	Penrith	NSW	-33.75	150.7
2753	Grose Wold	NSW	-33.5983	150.685
2753	Richmond	NSW	-33.5996	150.7514
2753	Hobartville	NSW	-33.6044	150.743
2753	Londonderry	NSW	-33.6466	150.7352
2753	Yarramundi	NSW	-33.6194	150.6748
2753	Richmond Lowlands	NSW	-33.5833	150.7578
2753	Agnes Banks	NSW	-33.6094	150.7167
2753	Grose Vale	NSW	-33.5833	150.6744
2753	Bowen Mountain	NSW	-33.5719	150.6256
2759	Erskine Park	NSW	-33.813	150.7977
2759	St Clair	NSW	-33.7973	150.7847
2765	Maraylya	NSW	-33.5922	150.9198
2765	Box Hill	NSW	-33.6503	150.8647
2765	Berkshire Park	NSW	-33.6728	150.7752
2765	Gables	NSW	-33.6503	150.8647
2765	Grantham Farm	NSW	-33.6503	150.8647
2765	Melonba	NSW	-33.6503	150.8647
2765	Oakville	NSW	-33.6156	150.8801
2765	Nelson	NSW	-33.6462	150.9214
2765	Riverstone	NSW	-33.6833	150.8667
2765	Vineyard	NSW	-33.6499	150.8526
2765	Richards	NSW	-33.6503	150.8647
2765	Angus	NSW	-33.6503	150.8647
2765	Marsden Park	NSW	-33.692	150.8373
2429	Dingo Forest	NSW	-31.7395	152.3358
2429	Strathcedar	NSW	-31.771	152.3636
2429	Bucca Wauka	NSW	-32.1	152.1667
2429	Warriwillah	NSW	-28.7094	153.5798
2429	Kippaxs	NSW	-31.6591	152.3108
2429	The Bight	NSW	-31.7395	152.3358
2429	Dollys Flat	NSW	-31.8656	152.3191
2429	Khatambuhl	NSW	-31.7814	152.0001
2429	Kimbriki	NSW	-31.9252	152.2107
2429	Kundibakh	NSW	-31.9833	152.25
2429	Cedar Party	NSW	-31.8	152.3833
2429	Boorganna	NSW	-31.6208	152.3752
2429	Yarratt Forest	NSW	-31.7395	152.3358
2429	Karaak Flat	NSW	-31.9263	152.2882
2429	Wingham	NSW	-31.8668	152.3699
2429	Wherrol Flat	NSW	-31.7816	152.2269
2429	Tipperary	NSW	-31.7395	152.3358
2429	Bulby Brush	NSW	-32.15	152.2167
2429	Krambach	NSW	-32.05	152.2667
2429	Comboyne	NSW	-31.6092	152.4742
2429	Firefly	NSW	-32.0792	152.2249
2429	Bulga Forest	NSW	-31.7395	152.3358
2429	Dyers Crossing	NSW	-32.1	152.3
2429	Marlee	NSW	-31.8014	152.3157
2429	Mooral Creek	NSW	-31.7248	152.355
2429	Killawarra	NSW	-31.9049	152.2872
2429	Kings Creek	NSW	-31.7395	152.3358
2429	Elands	NSW	-31.6385	152.2981
2429	Killabakh	NSW	-31.7333	152.4
2429	Burrell Creek	NSW	-31.9333	152.3
2429	Bunyah	NSW	-32.1667	152.2167
2429	Bobin	NSW	-31.7167	152.2833
2429	Caparra	NSW	-31.7207	152.2372
2429	Innes View	NSW	-31.587	152.3838
2439	Logans Crossing	NSW	-31.6072	152.7008
2439	Rossglen	NSW	-31.6658	152.7251
2439	Kendall	NSW	-31.633	152.7039
2439	Kew	NSW	-31.636	152.7266
2439	Batar Creek	NSW	-31.6712	152.6688
2439	Lorne	NSW	-31.6612	152.6117
2439	Bobs Creek	NSW	-31.5872	152.7536
2439	Black Creek	NSW	-31.6319	152.6983
2439	Upsalls Creek	NSW	-31.6333	152.6667
2439	Kerewong	NSW	-31.6319	152.6983
2439	Swans Crossing	NSW	-31.6319	152.6983
2439	Herons Creek	NSW	-31.5918	152.7274
2440	Greenhills	NSW	-32.1333	149.8167
2440	South Kempsey	NSW	-31.123	152.8325
2440	Yarravel	NSW	-31.043	152.7619
2440	Burnt Bridge	NSW	-31.108	152.8062
2440	Kinchela	NSW	-30.9939	152.9914
2440	Willi Willi	NSW	-30.9333	152.45
2440	Summer Island	NSW	-30.9892	152.9841
2440	Comara	NSW	-30.78	152.3772
2440	Crescent Head	NSW	-31.1887	152.973
2440	Sherwood	NSW	-31.0649	152.7288
2440	Lower Creek	NSW	-30.7342	152.2575
2440	West Kempsey	NSW	-31.0576	152.8279
2440	Smithtown	NSW	-31.0142	152.9452
2440	Hampden Hall	NSW	-31.0679	152.8626
2440	Temagog	NSW	-30.9949	152.5955
2440	Toorooka	NSW	-30.9128	152.4933
2440	Skillion Flat	NSW	-31.0099	152.7329
2440	Carrai	NSW	-30.8276	152.2252
2440	Millbank	NSW	-30.8612	152.6357
2440	Dondingalong	NSW	-31.1332	152.7514
2440	Corangula	NSW	-31.0012	152.6813
2440	Rainbow Reach	NSW	-30.9393	153.006
2440	Old Station	NSW	-31.065	152.9301
2440	Mungay Creek	NSW	-30.9265	152.6688
2440	Greenhill	NSW	-31.059	152.8017
2440	Turners Flat	NSW	-31.0152	152.7012
2440	Mooneba	NSW	-31.0402	152.6846
2440	Bellimbopinni	NSW	-31.0059	152.8988
2440	Frederickton	NSW	-31.0375	152.8753
2440	Hickeys Creek	NSW	-30.8985	152.6179
2440	Verges Creek	NSW	-31.0838	152.8907
2440	Wittitrin	NSW	-31.0975	152.566
2440	Aldavilla	NSW	-31.0818	152.7679
2440	Willawarrin	NSW	-30.9288	152.6253
2440	Seven Oaks	NSW	-30.995	152.9351
2440	Yessabah	NSW	-31.0927	152.6967
2440	Bellbrook	NSW	-30.8199	152.5102
2440	Belmore River	NSW	-31.0945	152.9827
2440	Georges Creek	NSW	-30.7461	152.1945
2440	Kempsey	NSW	-31.079	152.8309
2440	Collombatti	NSW	-30.9812	152.8251
2440	East Kempsey	NSW	-31.0824	152.8525
2440	Hat Head	NSW	-31.0555	153.0472
2440	Moparrabah	NSW	-30.9823	152.5494
2440	Euroka	NSW	-31.077	152.8005
2440	Gladstone	NSW	-31.0288	152.9476
2440	Deep Creek	NSW	-28.946	152.6632
2440	Austral Eden	NSW	-31.0333	152.9167
2440	Pola Creek	NSW	-31.0564	152.8744
2440	Clybucca	NSW	-30.9377	152.9413
2442	Mid North Coast Msc	NSW	-31.1338	152.7068
2442	Mid North Coast Mc	NSW	-31.1338	152.7068
2442	Kempsey Msc	NSW	-31.1338	152.7068
2444	Port Macquarie	NSW	-31.4308	152.9089
2444	North Shore	NSW	-31.4024	152.9019
2444	Port Macquarie Bc	NSW	-31.5775	152.7241
2444	The Hatch	NSW	-31.3657	152.8374
2444	Fernbank Creek	NSW	-31.4212	152.8404
2444	Settlement City	NSW	-31.5775	152.7241
2444	Limeburners Creek	NSW	-32.5767	151.9167
2444	Blackmans Point	NSW	-31.3906	152.8314
2444	Flynns Beach	NSW	-31.5775	152.7241
2444	Riverside	NSW	-31.5775	152.7241
2444	Lighthouse Beach	NSW	-31.5775	152.7241
2444	Thrumster	NSW	-31.4548	152.8321
2445	Lake Cathie	NSW	-31.5518	152.8546
2445	Grants Beach	NSW	-31.5712	152.8469
2445	Jolly Nose	NSW	-31.5712	152.8469
2445	Bonny Hills	NSW	-31.5906	152.8391
2295	Stockton	NSW	-32.9091	151.7836
2295	Fern Bay	NSW	-32.8643	151.8131
2314	Williamtown Raaf	NSW	-32.5941	151.8862
2315	Nelson Bay	NSW	-32.7204	152.144
2315	Corlette	NSW	-32.7201	152.1085
2315	Gan Gan	NSW	-32.7281	152.1496
2315	Fingal Bay	NSW	-32.7497	152.171
2315	Shoal Bay	NSW	-32.7223	152.175
2316	Boat Harbour	NSW	-32.7896	152.1091
2316	Fishermans Bay	NSW	-32.7858	152.0896
2316	Anna Bay	NSW	-32.7813	152.0859
2316	Taylors Beach	NSW	-32.7488	152.067
2316	One Mile	NSW	-32.7744	152.0736
2316	Bobs Farm	NSW	-32.7667	152.0167
2317	Soldiers Point	NSW	-32.7105	152.0698
2317	Salamander Bay	NSW	-32.7225	152.0794
2318	Medowie	NSW	-32.7415	151.8676
2318	Fullerton Cove	NSW	-32.8405	151.8379
2318	Oyster Cove	NSW	-32.7387	151.9564
2318	Salt Ash	NSW	-32.7833	151.9167
2318	Williamtown	NSW	-32.8064	151.8436
2318	Ferodale	NSW	-32.6838	151.8431
2318	Campvale	NSW	-32.7726	151.856
2319	Lemon Tree Passage	NSW	-32.7305	152.0386
2319	Mallabula	NSW	-32.7282	152.0126
2319	Tilligerry Creek	NSW	-32.7352	152.0161
2319	Tanilba Bay	NSW	-32.7471	151.9971
2321	Duns Creek	NSW	-32.6333	151.6333
2321	Oswald	NSW	-32.7062	151.4215
2321	Duckenfield	NSW	-32.7333	151.6833
2321	Woodville	NSW	-32.6833	151.6167
2321	Glen William	NSW	-32.5256	151.8017
2321	Morpeth	NSW	-32.7333	151.6333
2321	Heddon Greta	NSW	-32.802	151.5133
2321	Berry Park	NSW	-32.7438	151.6574
2321	Cliftleigh	NSW	-32.7908	151.5154
2321	Phoenix Park	NSW	-32.7144	151.6294
2321	Raworth	NSW	-32.7333	151.6167
2321	Luskintyre	NSW	-32.6834	151.427
2321	Butterwick	NSW	-32.6564	151.6369
2321	Iona	NSW	-32.6667	151.6
2321	Glen Martin	NSW	-32.5382	151.821
2321	Harpers Hill	NSW	-32.699	151.4063
2321	Windermere	NSW	-32.6897	151.4474
2321	Woerden	NSW	-32.55	151.7333
2321	Clarence Town	NSW	-32.584	151.7776
2321	Gillieston Heights	NSW	-32.7616	151.5286
2321	Lochinvar	NSW	-32.6987	151.4552
2321	Hinton	NSW	-32.7147	151.649
2619	Jerrabomberra	NSW	-35.3844	149.2025
2623	Captains Flat	NSW	-35.5911	149.4452
1314	Eastern Suburbs Mc	NSW	-33.88	151.2325
1460	Mascot	NSW	-33.926	151.1935
1700	Ermington	NSW	-33.8148	151.0547
2004	Eastern Suburbs Mc	NSW	-33.8702	151.2022
2021	Paddington	NSW	-33.8842	151.2315
2021	Centennial Park	NSW	-33.8979	151.2336
2021	Moore Park	NSW	-33.8956	151.2221
2031	Randwick Dc	NSW	-33.9133	151.2539
2031	Clovelly	NSW	-33.9121	151.2588
2031	Clovelly West	NSW	-33.9133	151.2539
2031	St Pauls	NSW	-33.9133	151.2539
2031	Randwick	NSW	-33.9144	151.2489
2034	South Coogee	NSW	-33.9205	151.2552
2034	Coogee	NSW	-33.9205	151.2552
2460	Winegrove	NSW	-29.5444	152.6914
2460	Baryulgil	NSW	-29.2236	152.607
2460	Barretts Creek	NSW	-29.3238	152.7658
2460	Jackadgery	NSW	-29.5836	152.5641
2460	South Arm	NSW	-29.5528	153.1267
2460	Blaxlands Creek	NSW	-29.8656	152.798
2460	Alumy Creek	NSW	-29.6485	152.9512
2460	Dumbudgery	NSW	-29.3129	152.5398
2460	Calamia	NSW	-29.8365	153.1082
2460	Newbold	NSW	-29.519	152.695
2460	Eatonsville	NSW	-29.6405	152.832
2460	The Whiteman	NSW	-29.6063	152.8669
2460	Warragai Creek	NSW	-29.5471	152.9854
2460	Grafton	NSW	-29.681	152.9339
2460	Great Marlow	NSW	-29.6498	152.9811
2460	Keybarbin	NSW	-29.1423	152.6085
2460	Carrs Creek	NSW	-29.6488	152.9284
2460	Smiths Creek	NSW	-28.4277	153.378
2460	Punchbowl	NSW	-29.5934	152.8727
2460	Fine Flower	NSW	-29.3835	152.6682
2460	Lower Coldstream	NSW	-29.6005	153.1053
2460	Shannondale	NSW	-29.8017	152.8203
2460	Blaxlands Flat	NSW	-29.911	152.7883
2460	Buccarumbi	NSW	-29.8318	152.5846
2460	Lanitza	NSW	-29.8224	153.0483
2460	Upper Copmanhurst	NSW	-29.5748	152.7453
2460	Lionsville	NSW	-29.1919	152.4907
2460	Malabugilmah	NSW	-29.5934	152.8727
2460	Southgate	NSW	-29.5833	153.0333
2460	Chambigne	NSW	-29.7617	152.7673
2460	Kungala	NSW	-29.9535	153.0086
2460	Deep Creek	NSW	-28.946	152.6632
2460	Cangai	NSW	-29.5004	152.4563
2460	Kangaroo Creek	NSW	-29.9262	152.8764
2460	Clarenza	NSW	-29.7037	153.0006
2460	Ramornie	NSW	-29.6284	152.7516
2460	Barcoongere	NSW	-29.5934	152.8727
2460	Waterview	NSW	-29.6887	152.9049
2460	Whiteman Creek	NSW	-29.5833	152.8833
2460	Carrs Peninsula	NSW	-29.5934	152.8727
2460	Kremnos	NSW	-29.5934	152.8727
2460	Elland	NSW	-29.7744	152.885
2460	Copmanhurst	NSW	-29.5852	152.779
2460	Kyarran	NSW	-29.5808	152.9743
2460	Mylneford	NSW	-29.6207	152.8482
2460	Crowther Island	NSW	-29.5934	152.8727
2460	Chaelundi	NSW	-29.5934	152.8727
2460	Bookram	NSW	-29.717	153.227
2460	Junction Hill	NSW	-29.6411	152.9249
2460	Sandy Crossing	NSW	-29.5934	152.8727
2460	Bom Bom	NSW	-29.5934	152.8727
2460	Wells Crossing	NSW	-29.8959	153.0333
2460	Carrs Peninsular	NSW	-29.5934	152.8727
2460	Waterview Heights	NSW	-29.6977	152.8392
2460	Mountain View	NSW	-29.608	152.936
2460	Moleville Creek	NSW	-29.5685	152.9022
2460	Coutts Crossing	NSW	-29.8262	152.8916
2460	Washpool	NSW	-29.5934	152.8727
2460	Coombadjha	NSW	-29.3625	152.5041
2460	Dalmorton	NSW	-29.8633	152.4842
2460	Wombat Creek	NSW	-29.5934	152.8727
2460	Carnham	NSW	-29.5934	152.8727
2460	Heifer Station	NSW	-29.5934	152.8727
2460	Eighteen Mile	NSW	-29.5934	152.8727
2460	Stockyard Creek	NSW	-29.5934	152.8727
2460	Southampton	NSW	-29.5934	152.8727
2460	Carrs Island	NSW	-29.6691	152.9118
2460	Dirty Creek	NSW	-29.5934	152.8727
2460	Brushgrove	NSW	-29.5663	153.0785
2460	Koolkhan	NSW	-29.6158	152.9301
2460	Banyabba	NSW	-29.342	153.0165
2460	Lawrence	NSW	-29.4921	153.0969
2460	Upper Fine Flower	NSW	-29.3243	152.6516
2460	Nymboida	NSW	-29.9418	152.7279
2460	South Grafton	NSW	-29.7076	152.9263
2460	Mcphersons Crossing	NSW	-29.5934	152.8727
2460	Clifden	NSW	-29.5173	152.9353
2460	The Pinnacles	NSW	-29.5476	152.92
2460	Towallum	NSW	-29.5934	152.8727
2460	Pulganbar	NSW	-29.4518	152.6838
2460	Lilydale	NSW	-29.5413	152.6628
2460	Collum Collum	NSW	-29.5934	152.8727
2460	Levenstrath	NSW	-29.8227	152.9369
2460	Grafton West	NSW	-29.5934	152.8727
2460	Lower Southgate	NSW	-29.5579	153.0736
2460	Gurranang	NSW	-29.4676	152.9929
2460	Halfway Creek	NSW	-29.9318	153.0679
2460	Cowper	NSW	-29.5796	153.0761
2460	Tyndale	NSW	-29.5274	153.1917
2460	Coaldale	NSW	-29.3943	152.8089
2460	Glenugie	NSW	-29.8022	153.003
2460	Dilkoon	NSW	-29.4985	153.0012
2460	Trenayr	NSW	-29.617	152.9413
2460	Rushforth	NSW	-29.751	152.8726
2460	Fortis Creek	NSW	-29.5319	152.8815
2460	Braunstone	NSW	-29.8027	152.9581
2460	Seelands	NSW	-29.6152	152.9179
2469	Haystack	NSW	-28.976	152.7656
2469	Bottle Creek	NSW	-28.7888	152.6521
2469	Pikapene	NSW	-28.976	152.7656
2469	Six Mile Swamp	NSW	-28.976	152.7656
2469	Boomoodeerie	NSW	-28.976	152.7656
2469	Goodwood Island	NSW	-29.3792	153.3012
2469	Warregah Island	NSW	-28.976	152.7656
2469	Bingeebeebra Creek	NSW	-28.8365	152.7943
2469	Paddys Flat	NSW	-28.7152	152.4179
2469	Joes Box	NSW	-28.976	152.7656
2469	Cambridge Plateau	NSW	-28.976	152.7656
2469	Coongbar	NSW	-29.1088	152.7224
2469	Lower Duck Creek	NSW	-28.976	152.7656
2469	Wyan	NSW	-29.0757	152.8706
2469	Rappville	NSW	-29.0867	152.9528
2469	Capeen Creek	NSW	-28.976	152.7656
2469	Lower Peacock	NSW	-28.976	152.7656
2469	Lower Bottle Creek	NSW	-28.8228	152.6009
2469	Mororo	NSW	-29.3333	153.25
2469	Tunglebung	NSW	-28.8381	152.6867
2469	Ewingar	NSW	-29.09	152.5189
2469	Whiporie	NSW	-29.2879	152.9926
2469	Alice	NSW	-29.0555	152.5879
2469	Bonalbo	NSW	-28.7366	152.6226
2469	Upper Duck Creek	NSW	-28.976	152.7656
2469	Chatsworth	NSW	-29.385	153.2379
2469	Yabbra	NSW	-28.976	152.7656
2469	Simpkins Creek	NSW	-28.976	152.7656
2469	Kippenduff	NSW	-29.1412	152.8671
2469	Deep Creek	NSW	-28.946	152.6632
2469	Louisa Creek	NSW	-29.0098	152.6048
2469	Jacksons Flat	NSW	-28.8436	152.5519
2469	Gorge Creek	NSW	-28.976	152.7656
2469	Myrtle Creek	NSW	-29.1122	152.9448
2469	Mallanganee	NSW	-28.9047	152.7231
2469	Keybarbin	NSW	-29.1423	152.6085
2469	Pagans Flat	NSW	-28.976	152.7656
2469	Mookima Wybra	NSW	-28.976	152.7656
2469	Hogarth Range	NSW	-28.906	152.82
2469	Mount Marsh	NSW	-28.976	152.7656
2469	Peacock Creek	NSW	-28.709	152.6905
2469	Clearfield	NSW	-29.1445	152.936
2469	Duck Creek	NSW	-28.7128	152.5535
2469	Culmaran Creek	NSW	-28.8719	152.6917
2469	Old Bonalbo	NSW	-28.6569	152.5974
2469	Bean Creek	NSW	-28.5761	152.5893
2469	Bungawalbin	NSW	-29.1101	153.2169
2469	Capeen	NSW	-28.5802	152.6665
2469	Mummulgum	NSW	-28.8496	152.8048
2469	Busbys Flat	NSW	-29.0485	152.8012
2469	Drake Village	NSW	-28.9283	152.3723
2469	Clover Park	NSW	-28.551	152.5847
2469	Camira Creek	NSW	-29.2461	152.9662
2469	Theresa Creek	NSW	-28.7736	152.782
2469	Banyabba	NSW	-29.342	153.0165
2469	Camira	NSW	-29.2461	152.9662
2469	Tabulam	NSW	-28.8926	152.5686
2469	Sandilands	NSW	-28.9024	152.6503
2469	Woombah	NSW	-29.3618	153.2824
2469	Drake	NSW	-28.9283	152.3723
2469	Bingeebeebra	NSW	-28.8365	152.7943
2469	Bulldog	NSW	-29.0421	152.5349
2469	Gibberagee	NSW	-29.2318	153.1012
2469	Pretty Gully	NSW	-28.7833	152.45
2473	Doonbah	NSW	-29.087	153.3884
2473	Evans Head	NSW	-29.1178	153.4307
2473	South Evans Head	NSW	-29.1178	153.4307
2473	Bundjalung	NSW	-29.1119	153.4153
2473	Iron Gates	NSW	-29.1249	153.4114
1335	Potts Point	NSW	-33.867	151.2259
1670	North Ryde	NSW	-33.7968	151.1244
1670	North Ryde Bc	NSW	-33.7968	151.1244
1680	Ryde	NSW	-33.8188	151.1062
1685	West Ryde	NSW	-33.8054	151.0739
1710	Epping	NSW	-33.7727	151.0818
2067	Chatswood West	NSW	-33.794	151.1649
2067	Chatswood	NSW	-33.8	151.1833
2109	Macquarie University	NSW	-33.6694	151.2918
2112	Denistone East	NSW	-33.796	151.0974
2112	Ryde	NSW	-33.8188	151.1062
2112	Putney	NSW	-33.8261	151.1063
2113	Blenheim Road	NSW	-33.7956	151.126
2113	Macquarie Park	NSW	-33.7796	151.1222
2113	North Ryde	NSW	-33.7968	151.1244
2113	Macquarie Centre	NSW	-33.7956	151.126
2113	East Ryde	NSW	-33.8103	151.1315
2529	Balarang	NSW	-34.5814	150.8435
2529	Dunmore	NSW	-34.6159	150.8223
2529	Shellharbour City Centre	NSW	-34.5636	150.8383
2529	Shellharbour Square	NSW	-34.5814	150.8435
2529	Oak Flats	NSW	-34.5623	150.8219
2529	Shell Cove	NSW	-34.5899	150.862
2529	Oak Flats Dc	NSW	-34.5814	150.8435
2529	Flinders	NSW	-34.5833	150.8552
2529	Shellharbour	NSW	-34.5833	150.8667
2529	Blackbutt	NSW	-34.5716	150.838
2577	Avoca	NSW	-34.5953	149.2917
2577	Calwalla	NSW	-34.5622	150.478
2577	Knights Hill	NSW	-34.6177	150.698
2577	Upper Kangaroo River	NSW	-34.694	150.5986
2577	Medway	NSW	-34.4916	150.2823
2577	Carrington Falls	NSW	-34.6504	150.6487
2577	Barren Grounds	NSW	-34.6583	150.3257
2577	Paddys River	NSW	-35.764	148.1853
2577	Werai	NSW	-34.6067	150.3556
2577	Robertson	NSW	-34.5874	150.5912
2577	Beaumont	NSW	-34.7833	150.5667
2577	Budgong	NSW	-34.8024	150.4735
2577	Wildes Meadow	NSW	-34.623	150.5262
2577	Red Rocks	NSW	-34.6583	150.3257
2577	Mount Murray	NSW	-34.5538	150.6353
2577	Kangaroo Valley	NSW	-34.7381	150.5366
2577	Canyonleigh	NSW	-34.5206	150.1402
2577	Upper Kangaroo Valley	NSW	-34.694	150.5986
2577	New Berrima	NSW	-34.5041	150.3354
2577	Bendeela	NSW	-34.6583	150.3257
2577	Macquarie Pass	NSW	-34.6583	150.3257
2577	Meryla	NSW	-34.6704	150.3613
2577	Yarrunga	NSW	-34.6583	150.3257
2577	Manchester Square	NSW	-34.5994	150.4017
2577	Barrengarry	NSW	-34.6833	150.5167
2577	Burrawang	NSW	-34.5853	150.5115
2577	Moss Vale	NSW	-34.5537	150.3712
2577	Belanglo	NSW	-34.5138	150.2264
2577	Sutton Forest	NSW	-34.5833	150.3167
2577	Fitzroy Falls	NSW	-34.65	150.4833
2577	Pheasant Ground	NSW	-34.6583	150.3257
2577	Myra Vale	NSW	-34.6583	150.3257
2577	Berrima	NSW	-34.4877	150.339
2534	Gerringong	NSW	-34.747	150.8281
2534	Gerroa	NSW	-34.7691	150.8101
2534	Willow Vale	NSW	-34.7381	150.7998
2534	Foxground	NSW	-34.7152	150.7679
2534	Broughton Village	NSW	-34.7431	150.7519
2534	Toolijooa	NSW	-34.7649	150.7831
2534	Rose Valley	NSW	-34.7235	150.8096
2534	Werri Beach	NSW	-34.7368	150.8309
2536	Benandarah	NSW	-35.6333	150.25
2536	Maloneys Beach	NSW	-35.7073	150.251
2536	North Batemans Bay	NSW	-35.6864	150.1908
2536	Batemans Bay	NSW	-35.7066	150.1754
2536	Batehaven	NSW	-35.7376	150.1984
2536	Runnyford	NSW	-35.7147	150.1034
2536	Durras North	NSW	-35.637	150.3036
2536	South Durras	NSW	-35.6513	150.2952
2536	Jeremadra	NSW	-35.8135	150.1403
2536	Merricumbene	NSW	-35.7335	149.896
2536	Woodlands	NSW	-35.3166	149.8863
2536	Denhams Beach	NSW	-35.7509	150.2114
2536	Sunshine Bay	NSW	-35.7454	150.2079
2536	Pebbly Beach	NSW	-35.6688	150.1632
2536	Guerilla Bay	NSW	-35.8303	150.2209
2536	East Lynne	NSW	-35.59	150.2927
2536	Rosedale	NSW	-34.8863	149.7843
2536	Catalina	NSW	-35.73	150.1849
2536	Nelligen	NSW	-35.6467	150.1362
2536	Long Beach	NSW	-35.7083	150.2448
2536	Depot Beach	NSW	-35.6289	150.3245
2536	Malua Bay	NSW	-35.7938	150.2283
2536	Surfside	NSW	-35.6953	150.1995
2536	Buckenbowra	NSW	-35.7333	150.0667
2536	Murrengenburg	NSW	-35.6688	150.1632
2536	Bimbimbie	NSW	-35.8478	150.1322
2536	Lilli Pilli	NSW	-35.7759	150.228
2536	Currowan	NSW	-35.5713	150.1128
2536	Surf Beach	NSW	-35.6688	150.1632
2536	Mogo	NSW	-35.7848	150.1417
2538	Porters Creek	NSW	-35.1239	150.0747
2538	Woodburn	NSW	-35.1239	150.0747
2538	Little Forest	NSW	-35.2908	150.3558
2538	Milton	NSW	-35.3164	150.4361
2538	Brooman	NSW	-35.5	150.25
2538	Morton	NSW	-35.4	150.3667
2538	Woodstock	NSW	-33.7446	148.8489
2538	Mogood	NSW	-35.4918	150.1905
2539	Narrawallee	NSW	-35.3124	150.4635
2539	Pretty Beach	NSW	-33.5167	151.35
2539	Kings Point	NSW	-35.3702	150.4341
2539	Mollymook	NSW	-35.3297	150.4717
2539	Lake Conjola	NSW	-35.2696	150.4819
2539	Yatte Yattah	NSW	-35.2588	150.4258
2539	Croobyar	NSW	-35.3203	150.3914
2539	Kioloa	NSW	-35.5542	150.3789
2539	Dolphin Point	NSW	-35.4018	150.4436
2539	Bawley Point	NSW	-35.5156	150.3942
2539	Bendalong	NSW	-35.2189	150.486
2539	Burrill Lake	NSW	-35.3872	150.4495
2539	Yadboro	NSW	-35.2514	150.4876
2539	Lake Tabourie	NSW	-35.4392	150.3983
2539	Mollymook Beach	NSW	-35.3297	150.4717
2539	Berringer Lake	NSW	-35.2521	150.5024
2539	Fishermans Paradise	NSW	-35.2296	150.4449
2539	Conjola Park	NSW	-35.2631	150.4398
2539	Manyana	NSW	-35.2574	150.5191
2539	Mount Kingiman	NSW	-35.2514	150.4876
2539	Termeil	NSW	-35.4667	150.35
2539	Pointer Mountain	NSW	-35.2514	150.4876
2539	Cunjurong Point	NSW	-35.2624	150.5088
2539	Cockwhy	NSW	-35.2514	150.4876
2539	Ulladulla	NSW	-35.3591	150.4725
2539	Conjola	NSW	-35.2167	150.45
2541	West Nowra	NSW	-34.8859	150.5833
2541	Nowra Dc	NSW	-34.8733	150.5904
2541	South Nowra	NSW	-34.9033	150.5983
2541	Nowra	NSW	-34.8842	150.6004
2541	Nowra East	NSW	-34.8733	150.5904
2541	Nowra North	NSW	-34.8582	150.5748
2541	Bangalee	NSW	-34.8733	150.5904
2541	North Nowra	NSW	-34.8582	150.5748
2541	Bomaderry	NSW	-34.8497	150.6109
2331	Singleton Milpo	NSW	-32.3605	150.9926
2331	Singleton Military Area	NSW	-32.3605	150.9926
2333	Bengalla	NSW	-32.2971	150.7311
2333	Muswellbrook	NSW	-32.2612	150.8901
2333	Baerami Creek	NSW	-32.5	150.4667
2333	Sandy Hollow	NSW	-32.3333	150.5667
2333	Wybong	NSW	-32.2667	150.6333
2333	Muscle Creek	NSW	-32.2854	151.0096
2333	Baerami	NSW	-32.3818	150.4679
2333	Edderton	NSW	-32.2971	150.7311
2333	Liddell	NSW	-32.4278	151.0032
2333	Gungal	NSW	-32.2652	150.4846
2333	Mccullys Gap	NSW	-32.2053	150.9736
2333	Castle Rock	NSW	-32.2486	150.7342
2333	Kayuga	NSW	-32.2	150.8667
2333	Manobalai	NSW	-32.1896	150.676
2849	Glen Alice	NSW	-33.05	150.2167
2849	Coxs Creek	NSW	-32.7342	150.1133
2849	Growee	NSW	-32.6262	150.0573
2849	Rylstone	NSW	-32.7995	149.9694
2849	Dabee	NSW	-32.8401	150.023
2849	Coggan	NSW	-32.3565	150.0977
2849	Coxs Crown	NSW	-32.7488	150.0492
2849	Mount Marsden	NSW	-32.9568	150.0632
2849	Dungeree	NSW	-32.7114	150.0719
2849	Dunville Loop	NSW	-32.7114	150.0719
2849	Breakfast Creek	NSW	-32.6818	150.0012
2849	Pinnacle Swamp	NSW	-32.7695	149.9138
2849	Lee Creek	NSW	-32.7114	150.0719
2849	Bylong	NSW	-32.4119	150.1201
2849	Upper Growee	NSW	-32.6475	150.0233
2849	Murrumbo	NSW	-32.7114	150.0719
2849	Kelgoola	NSW	-32.8605	150.2588
2849	Upper Nile	NSW	-32.7114	150.0719
2849	Nullo Mountain	NSW	-32.7424	150.2304
2849	Reedy Creek	NSW	-32.7114	150.0719
2849	Olinda	NSW	-32.8333	150.1333
2849	Upper Bylong	NSW	-32.4494	150.1252
2849	Wirraba	NSW	-32.7114	150.0719
2849	Pyangle	NSW	-32.6419	149.9092
2849	Ginghi	NSW	-32.5818	150.0846
2849	Budden	NSW	-32.5152	150.0679
2849	Carwell	NSW	-32.7114	150.0719
2849	Camboon	NSW	-32.6985	149.9512
2849	Bogee	NSW	-32.9944	150.1008
2546	Wallaga Lake	NSW	-36.3684	150.0718
2546	Tilba Tilba	NSW	-36.3247	150.0599
2546	Kianga	NSW	-36.1945	150.1268
2546	Dalmeny	NSW	-36.1661	150.1291
2546	Cuttagee	NSW	-36.4785	150.0417
2546	Tinpot	NSW	-36.2167	149.8667
2546	Barragga Bay	NSW	-36.5003	150.0547
2546	Corunna	NSW	-36.2818	150.1012
2546	Bermagui	NSW	-36.419	150.0636
2546	Beauty Point	NSW	-36.3331	150.0391
2546	Mystery Bay	NSW	-36.3051	150.1282
2546	North Narooma	NSW	-36.2036	150.1153
2546	Wallaga Lake Heights	NSW	-36.3684	150.0718
2546	Akolele	NSW	-36.3555	150.0772
2546	Central Tilba	NSW	-36.3131	150.0731
2546	Dignams Creek	NSW	-36.3485	149.9846
2546	Wadbilliga	NSW	-36.2555	149.6512
2546	Murrah	NSW	-36.5	150.0167
2546	Narooma	NSW	-36.2178	150.1325
2546	Bermagui South	NSW	-36.419	150.0636
2546	Greendale	NSW	-36.4255	149.9534
2550	Toothdale	NSW	-36.7818	149.7512
2550	Frogs Hollow	NSW	-36.7647	149.8202
2550	Tarraganda	NSW	-36.6609	149.8662
2550	Yambulla	NSW	-37.2167	149.55
2550	Murrah	NSW	-36.5	150.0167
2550	Wyndham	NSW	-36.9318	149.6512
2550	Tantawangalo	NSW	-36.7947	149.5903
2550	Nelson	NSW	-33.6462	150.9214
2550	Angledale	NSW	-36.6318	149.8846
2550	New Buildings	NSW	-36.9616	149.5659
2550	Coolangubra	NSW	-36.5545	149.8112
2550	Cobargo	NSW	-36.3879	149.8863
2550	Burragate	NSW	-37	149.6167
2550	Kameruka	NSW	-36.7318	149.7012
2550	Reedy Swamp	NSW	-36.6969	149.8929
2550	Yankees Creek	NSW	-36.5545	149.8112
2550	Quaama	NSW	-36.4667	149.8667
2550	Bournda	NSW	-36.8295	149.9033
2550	Stony Creek	NSW	-36.2891	148.7385
2550	Candelo	NSW	-36.7677	149.6947
2550	Coolagolite	NSW	-36.4052	149.9792
2550	Bunga	NSW	-36.5545	149.8112
2550	Wapengo	NSW	-36.5985	149.9846
2550	Wolumla	NSW	-36.8308	149.8131
2550	Chinnock	NSW	-36.5545	149.8112
2550	Black Range	NSW	-36.5545	149.8112
2550	Kingswood	NSW	-33.7561	150.7235
2550	Brogo	NSW	-36.5333	149.8333
2550	Rocky Hall	NSW	-36.9318	149.5096
2550	Numbugga	NSW	-36.6333	149.75
2550	Mumbulla Mountain	NSW	-36.5545	149.8112
2550	Coopers Gully	NSW	-36.6516	149.7993
2550	Morans Crossing	NSW	-36.6667	149.65
2550	Pericoe	NSW	-37.1167	149.6167
2550	Devils Hole	NSW	-36.88	149.6528
2550	Kalaru	NSW	-36.7312	149.9294
2550	Bemboka	NSW	-36.6289	149.5718
2550	Tanja	NSW	-36.6	149.9833
2550	South Wolumla	NSW	-36.8152	149.7512
2550	Doctor George Mountain	NSW	-36.6607	149.883
2550	Wog Wog	NSW	-35.2944	150.0327
2550	Wandella	NSW	-36.5545	149.8112
2550	Yowrie	NSW	-36.3	149.7167
2550	Kanoona	NSW	-36.7548	149.7692
2550	Mogilla	NSW	-36.6985	149.5846
2550	Bega	NSW	-36.6739	149.8418
2550	Verona	NSW	-36.4667	149.8167
2550	Buckajo	NSW	-36.682	149.718
2550	Jellat Jellat	NSW	-36.7167	149.8833
2550	Greendale	NSW	-36.4255	149.9534
2550	Towamba	NSW	-37.0833	149.6833
2550	Myrtle Mountain	NSW	-36.8398	149.6872
2550	Wallagoot	NSW	-36.7539	149.9406
2550	Mogareeka	NSW	-36.6964	149.9767
2550	Tathra	NSW	-36.7313	149.9833
2551	Wonboyn Lake	NSW	-37.1888	149.7529
2551	Nadgee	NSW	-37.1888	149.7529
2551	Wonboyn	NSW	-37.2505	149.9382
2551	Nullica	NSW	-37.0964	149.8329
2551	Narrabarba	NSW	-37.2568	149.8179
2551	Nungatta	NSW	-37.2152	149.4012
2551	Edrom	NSW	-37.1888	149.7529
2551	Boydtown	NSW	-37.0833	149.9167
2551	Wonboyn North	NSW	-37.1888	149.7529
2551	Green Cape	NSW	-37.1888	149.7529
2551	Nungatta South	NSW	-37.2152	149.4012
2551	Eden	NSW	-37.0667	149.9003
2551	Kiah	NSW	-37.15	149.8667
2551	Timbillica	NSW	-37.3652	149.7012
2620	The Angle	NSW	-35.6031	149.1108
2620	Carwoola	NSW	-35.3784	149.3215
2620	Tinderry	NSW	-35.7524	149.2795
2620	Ridgeway	NSW	-35.3389	149.2609
2620	The Ridgeway	NSW	-35.3389	149.2609
2620	Queanbeyan East	NSW	-35.3462	149.246
2620	Queanbeyan West	NSW	-35.355	149.2041
2620	Urila	NSW	-35.564	149.2999
2620	Googong	NSW	-35.4387	149.2131
2620	Tralee	NSW	-36.1074	148.8788
2620	Queanbeyan Dc	NSW	-35.4404	149.2114
2620	Michelago	NSW	-35.7167	149.1667
2620	Yarrow	NSW	-35.4404	149.2114
2620	Gundaroo	NSW	-35.0333	149.25
2620	Burbong	NSW	-35.4404	149.2114
2620	Wamboin	NSW	-35.2507	149.3328
2620	Crestwood	NSW	-35.3484	149.2176
2620	Royalla	NSW	-35.5167	149.15
2620	Burra	NSW	-35.5594	149.2235
2620	Queanbeyan	NSW	-35.3549	149.232
2620	Letchworth	NSW	-35.4404	149.2114
2620	Clear Range	NSW	-35.6408	149.1262
2620	Dodsworth	NSW	-35.4404	149.2114
2620	Sutton	NSW	-35.1667	149.25
2620	Karabar	NSW	-35.376	149.2328
2620	Environa	NSW	-35.4404	149.2114
2620	Greenleigh	NSW	-35.3667	149.2528
2621	Anembo	NSW	-35.3561	149.4208
2621	Primrose Valley	NSW	-35.4788	149.3852
2621	Rossi	NSW	-35.4667	149.5
2621	Bywong	NSW	-35.1648	149.3289
2621	Forbes Creek	NSW	-35.3561	149.4208
2621	Hoskinstown	NSW	-35.4167	149.45
2621	Bungendore	NSW	-35.2538	149.4401
2625	Thredbo	NSW	-36.5068	148.3055
2625	Thredbo Village	NSW	-36.5068	148.3055
2626	Bredbo	NSW	-35.95	149.15
2626	Bumbalong	NSW	-35.8469	149.1289
2626	Colinton	NSW	-35.8667	149.1667
2628	Dalgety	NSW	-36.5048	148.8363
2628	Hill Top	NSW	-36.3335	148.6881
2628	Rocky Plain	NSW	-36.2322	148.6684
2628	Snowy Plain	NSW	-36.1167	148.8667
2628	Paupong	NSW	-36.6074	148.6831
2628	Avonside	NSW	-36.4084	148.7215
2628	Beloka	NSW	-36.5263	148.7383
2628	Nimmo	NSW	-36.3819	148.7588
2628	Lower Eucembene	NSW	-36.3819	148.7588
2628	Braemar Bay	NSW	-36.1058	148.6527
2628	Byadbo Wilderness	NSW	-36.3819	148.7588
2628	Jimenbuen	NSW	-36.7238	148.8598
2628	Numbla Vale	NSW	-36.6352	148.8192
2628	Cootralantra	NSW	-36.2652	148.8679
2628	Berridale	NSW	-36.3667	148.8277
2628	Eucumbene	NSW	-36.1383	148.6349
2633	Delegate	NSW	-37.0452	148.9412
2633	Tombong	NSW	-36.9	148.9319
2633	Corrowong	NSW	-36.9298	148.8238
1340	Kings Cross	NSW	-33.875	151.2223
2611	Cooleman	NSW	-35.6299	148.6741
2611	Uriarra	NSW	-35.3497	148.9986
2611	Bimberi	NSW	-35.3497	148.9986
2611	Brindabella	NSW	-35.3886	148.7469
2624	Perisher Valley	NSW	-36.406	148.4117
2624	Smiggin Holes	NSW	-36.394	148.4274
2624	Blue Cow	NSW	-36.4339	148.3695
2624	Guthega	NSW	-36.4339	148.3695
2624	Wilsons Valley	NSW	-36.4339	148.3695
2624	Charlottes Pass	NSW	-36.4339	148.3695
2624	Munyang	NSW	-36.4339	148.3695
2624	Charlotte Pass	NSW	-36.4306	148.3356
2624	Kosciusko	NSW	-36.5051	148.3032
2627	Kosciuszko	NSW	-36.2644	148.4818
2627	Sawpit Creek	NSW	-36.4565	148.5018
2627	Ngarigo	NSW	-36.4565	148.5018
2627	Kalkite	NSW	-36.3373	148.638
2627	Lower Thredbo	NSW	-36.4565	148.5018
2627	Grosses Plain	NSW	-36.5563	148.5059
2627	Jindabyne	NSW	-36.4174	148.6225
2627	Crackenback	NSW	-36.4429	148.5001
2627	Burrungubugge	NSW	-36.4565	148.5018
2627	Ingeegoodbee	NSW	-36.4565	148.5018
2627	Jacobs River	NSW	-36.4565	148.5018
2627	Bullocks Flat	NSW	-36.4565	148.5018
2627	Gungarlin	NSW	-36.4565	148.5018
2627	Creel Bay	NSW	-36.4565	148.5018
2627	Kosciusko	NSW	-36.5051	148.3032
2627	Ingebirah	NSW	-36.6537	148.4914
2627	Ingebyra	NSW	-36.6537	148.4914
2627	Pilot Wilderness	NSW	-36.4565	148.5018
2627	East Jindabyne	NSW	-36.3958	148.6514
2627	Kosciuszko National Park	NSW	-36.2644	148.4818
2627	Moonbah	NSW	-36.4818	148.5512
2627	Kosciusko National Park	NSW	-36.5051	148.3032
2629	Kiandra	NSW	-35.8769	148.4935
2629	Yaouk	NSW	-35.8152	148.8012
2629	Adaminaby	NSW	-35.9965	148.7724
2629	Long Plain	NSW	-36.0083	148.7028
2629	Cabramurra	NSW	-35.9373	148.3788
2629	Providence Portal	NSW	-35.9311	148.6796
2629	Broken Dam	NSW	-35.9311	148.6796
2629	Tolbar	NSW	-35.9311	148.6796
2629	Nungar	NSW	-35.9311	148.6796
2629	Tantangara	NSW	-35.7222	148.6722
2629	Gooandra	NSW	-35.9311	148.6796
2629	Bolaro	NSW	-35.9708	148.8958
2629	Anglers Reach	NSW	-36.0123	148.6961
2629	Old Adaminaby	NSW	-36.0407	148.7033
2640	Ournie	NSW	-35.9318	147.8512
2640	Lavington Dc	NSW	-36.0182	147.0263
2640	South Albury	NSW	-36.0865	146.9091
2640	North Albury	NSW	-36.0575	146.9299
2640	Splitters Creek	NSW	-36.053	146.85
2640	Talmalmo	NSW	-35.9318	147.5012
2640	Albury	NSW	-36.0748	146.924
2640	Bungowannah	NSW	-36.0056	146.7702
2640	Wirlinga	NSW	-36.0321	147.04
2640	East Albury	NSW	-36.0814	146.9299
2640	Table Top	NSW	-35.9667	147
2640	Ettamogah	NSW	-36.0031	146.9389
2640	Moorwatha	NSW	-35.9232	146.7274
2640	Wymah	NSW	-35.978	147.2497
2640	Thurgoona	NSW	-36.0363	146.9961
2640	West Albury	NSW	-36.0798	146.8923
2640	Glenroy	NSW	-36.0502	146.9106
2649	Nurenmerenmong	NSW	-35.6033	148.0915
2649	Laurel Hill	NSW	-35.6033	148.0915
2653	Westdale	NSW	-35.7835	148.0352
2653	Maragle	NSW	-35.9262	148.11
2653	Willigobung	NSW	-35.661	148.0269
2653	Taradale	NSW	-35.7835	148.0352
2653	Tumbarumba	NSW	-35.7781	148.0117
2653	Glenroy	NSW	-36.0502	146.9106
2653	Mannus	NSW	-35.799	147.9372
2653	Munderoo	NSW	-35.8318	147.8679
2653	Burra	NSW	-35.5594	149.2235
2653	Paddys River	NSW	-35.764	148.1853
2653	Courabyra	NSW	-35.6816	148.044
2720	Wyangle	NSW	-35.2333	148.3
2720	Yarrangobilly	NSW	-35.6527	148.4643
2720	Tumut	NSW	-35.3064	148.2182
2720	Jones Bridge	NSW	-35.3216	148.3333
2720	Lacmalac	NSW	-35.3167	148.3167
2720	Gocup	NSW	-35.227	148.1974
2720	Bombowlee Creek	NSW	-35.2721	148.3231
2720	Couragago	NSW	-35.3216	148.3333
2720	Wermatong	NSW	-35.3697	148.2909
2720	Tumorrama	NSW	-35.1667	148.4201
2720	Killimicat	NSW	-35.3216	148.3333
2720	Wereboldera	NSW	-35.3216	148.3333
2720	Argalong	NSW	-35.3126	148.4227
2720	Goobarragandra	NSW	-35.3824	148.434
2720	Courajago	NSW	-35.3216	148.3333
2720	Little River	NSW	-35.3216	148.3333
2720	Minjary	NSW	-35.1999	148.1346
2720	Gadara	NSW	-35.3097	148.1199
2720	Talbingo	NSW	-35.581	148.2948
2720	Windowie	NSW	-35.3216	148.3333
2720	Tumut Plains	NSW	-35.3323	148.2632
2720	Mundongo	NSW	-35.2907	148.2805
2720	Midway	NSW	-35.3216	148.3333
2720	Bombowlee	NSW	-35.2628	148.2449
2720	Bogong Peaks Wilderness	NSW	-35.3216	148.3333
2720	Blowering	NSW	-35.5117	148.2658
2720	Red Hill	NSW	-35.0523	149.1643
2720	Pinbeyan	NSW	-35.3216	148.3333
2720	Gilmore	NSW	-35.3304	148.1765
2720	Buddong	NSW	-35.3216	148.3333
2722	Tarrabandra	NSW	-35.0795	148.2287
2722	Jackalass	NSW	-35.0795	148.2287
2722	Brungle Creek	NSW	-35.1398	148.294
2722	Reno	NSW	-35.0795	148.2287
2722	Willie Ploma	NSW	-35.0795	148.2287
2722	Bongongalong	NSW	-35.0795	148.2287
2722	Bongalong	NSW	-35.0795	148.2287
2722	Nangus	NSW	-35.0529	147.9006
2722	Brungle	NSW	-35.1522	148.231
2722	South Gundagai	NSW	-35.0816	148.0988
2722	Wagragobilly	NSW	-35.0836	148.2102
2722	Darbalara	NSW	-35.0296	148.2062
2722	Edwardstown	NSW	-35.0795	148.2287
2722	Burra Creek	NSW	-34.8914	148.0932
2722	Burra	NSW	-35.5594	149.2235
2722	Muttama	NSW	-34.7985	148.1179
2722	Jones Creek	NSW	-35.0218	148.0362
2722	Gundagai	NSW	-35.0635	148.1037
2730	Lower Bago	NSW	-34.8884	148.4489
2730	Bago	NSW	-35.5667	147.9667
2730	Batlow	NSW	-35.5199	148.1473
2730	Green Hills	NSW	-32.9176	149.5836
2730	Kunama	NSW	-35.5494	148.0982
1819	Strathfield	NSW	-33.881	151.0799
1825	Lidcombe	NSW	-33.8644	151.0397
2129	Sydney Markets	NSW	-33.7874	151.0624
2136	Burwood Heights	NSW	-33.8894	151.104
2136	Strathfield South	NSW	-33.8925	151.0833
2136	Enfield	NSW	-33.8915	151.0932
2190	Greenacre	NSW	-33.9003	151.0556
2190	Chullora	NSW	-33.8923	151.0473
2190	Mount Lewis	NSW	-33.9175	151.0483
2191	Belfield	NSW	-33.9035	151.0847
1419	Southern Suburbs Mc	NSW	-33.9339	151.1531
1445	Rosebery	NSW	-33.9167	151.2
1490	Miranda	NSW	-34.0386	151.1001
1495	Caringbah	NSW	-34.0353	151.1247
2172	Sandy Point	NSW	-35.0628	149.8635
2172	Pleasure Point	NSW	-33.9699	150.9839
2172	Voyager Point	NSW	-33.9587	150.9742
2173	Wattle Grove	NSW	-33.9544	150.9445
2173	Holsworthy	NSW	-33.9833	150.9667
2224	Kangaroo Point	NSW	-34.0026	151.0959
2224	Sylvania Southgate	NSW	-34.0112	151.1005
2224	Sylvania	NSW	-34.0124	151.0972
2224	Sylvania Waters	NSW	-34.0187	151.1086
2225	Oyster Bay	NSW	-34.0041	151.0759
2225	Caravan Head	NSW	-34.0041	151.0759
2226	Bonnet Bay	NSW	-34.0102	151.0525
2226	Como	NSW	-33.9994	151.0639
2226	Jannali	NSW	-34.0164	151.0607
2227	Gymea Bay	NSW	-34.0521	151.088
2227	Gymea	NSW	-34.0364	151.0853
2228	Yowie Bay	NSW	-34.0512	151.1023
2228	Miranda	NSW	-34.0386	151.1001
2229	Lilli Pilli	NSW	-34.0683	151.1157
2229	Caringbah	NSW	-34.0353	151.1247
2229	Taren Point	NSW	-34.0194	151.1183
2229	Caringbah South	NSW	-34.0566	151.1215
2229	Port Hacking	NSW	-34.0679	151.1256
2229	Dolans Bay	NSW	-34.0665	151.1281
2229	Warumbul	NSW	-34.0523	151.1223
2230	Woolooware	NSW	-34.0458	151.1431
2230	Maianbar	NSW	-34.0837	151.1241
2230	Bundeena	NSW	-34.0838	151.1502
2230	Greenhills Beach	NSW	-34.0367	151.1592
2230	Burraneer	NSW	-34.0562	151.1381
2230	Cronulla	NSW	-34.0625	151.1496
2231	Kurnell	NSW	-34.0109	151.2051
2232	Woronora	NSW	-34.0244	151.0386
2232	Loftus	NSW	-34.0447	151.0465
2232	Sutherland	NSW	-34.031	151.0553
2232	Wattamolla	NSW	-34.7333	150.65
2232	Audley	NSW	-34.1348	151.0041
2232	Goarra	NSW	-34.1348	151.0041
2232	Garie	NSW	-34.1348	151.0041
2232	Jibbon	NSW	-34.1348	151.0041
2232	Kirrawee Dc	NSW	-34.1348	151.0041
2232	Yenabilli	NSW	-34.1348	151.0041
2232	Kareela	NSW	-34.0134	151.0835
2232	Marley	NSW	-34.1348	151.0041
2232	Bonnie Vale	NSW	-34.1348	151.0041
2232	Uloola	NSW	-34.1348	151.0041
2232	Kirrawee	NSW	-34.0383	151.069
2232	Warumbul	NSW	-34.1348	151.0041
2232	Palona	NSW	-34.1348	151.0041
2232	Grays Point	NSW	-34.0587	151.086
2233	Engadine	NSW	-34.0656	151.0127
2233	Woronora Heights	NSW	-34.0356	151.0273
2233	Yarrawarrah	NSW	-34.0535	151.0356
2233	Heathcote	NSW	-34.0841	151.013
2233	Waterfall	NSW	-34.1338	150.9929
2234	Illawong	NSW	-34	151.0333
2234	Lucas Heights	NSW	-34.0479	150.9747
2234	Barden Ridge	NSW	-34.0341	151.0119
2234	Bangor	NSW	-34.0167	151.0333
2234	Menai Central	NSW	-34.0171	151.0159
2234	Alfords Point	NSW	-33.9874	151.0253
2234	Menai	NSW	-34.0167	151.0167
1001	Sydney	NSW	-33.8678	151.2073
1002	Sydney	NSW	-33.8678	151.2073
1003	Sydney	NSW	-33.8678	151.2073
1004	Sydney	NSW	-33.8678	151.2073
1005	Sydney	NSW	-33.8678	151.2073
1006	Sydney	NSW	-33.8678	151.2073
1007	Sydney	NSW	-33.8678	151.2073
1008	Sydney	NSW	-33.8678	151.2073
1009	Sydney	NSW	-33.8678	151.2073
1010	Sydney	NSW	-33.8678	151.2073
1020	Sydney	NSW	-33.8678	151.2073
1021	Sydney	NSW	-33.8678	151.2073
1022	Sydney	NSW	-33.8678	151.2073
1023	Sydney	NSW	-33.8678	151.2073
1025	Sydney	NSW	-33.8678	151.2073
1026	Sydney	NSW	-33.8678	151.2073
1027	Sydney	NSW	-33.8678	151.2073
1028	Sydney	NSW	-33.8678	151.2073
1029	Sydney	NSW	-33.8678	151.2073
1030	Sydney	NSW	-33.8678	151.2073
1031	Sydney	NSW	-33.8678	151.2073
1032	Sydney	NSW	-33.8678	151.2073
1033	Sydney	NSW	-33.8678	151.2073
1034	Sydney	NSW	-33.8678	151.2073
1035	Sydney	NSW	-33.8678	151.2073
1036	Sydney	NSW	-33.8678	151.2073
1037	Sydney	NSW	-33.8678	151.2073
1038	Sydney	NSW	-33.8678	151.2073
1039	Sydney	NSW	-33.8678	151.2073
1040	Sydney	NSW	-33.8678	151.2073
1041	Sydney	NSW	-33.8678	151.2073
1042	Sydney	NSW	-33.8678	151.2073
1043	Sydney	NSW	-33.8678	151.2073
1044	Sydney	NSW	-33.8678	151.2073
1045	Sydney	NSW	-33.8678	151.2073
1046	Sydney	NSW	-33.8678	151.2073
1100	Sydney	NSW	-33.8678	151.2073
1101	Sydney	NSW	-33.8678	151.2073
1105	Sydney	NSW	-33.8678	151.2073
1106	Sydney	NSW	-33.8678	151.2073
1107	Sydney	NSW	-33.8678	151.2073
1108	Sydney	NSW	-33.8678	151.2073
1109	Sydney	NSW	-33.8678	151.2073
1110	Sydney	NSW	-33.8678	151.2073
1112	Sydney	NSW	-33.8678	151.2073
1113	Sydney	NSW	-33.8678	151.2073
1114	Sydney	NSW	-33.8678	151.2073
1115	Sydney	NSW	-33.8678	151.2073
1116	Sydney	NSW	-33.8678	151.2073
1117	Sydney	NSW	-33.8678	151.2073
1118	Sydney	NSW	-33.8678	151.2073
1119	Sydney	NSW	-33.8678	151.2073
1120	Sydney	NSW	-33.8678	151.2073
1121	Sydney	NSW	-33.8678	151.2073
1122	Sydney	NSW	-33.8678	151.2073
1123	Sydney	NSW	-33.8678	151.2073
1124	Sydney	NSW	-33.8678	151.2073
1125	Sydney	NSW	-33.8678	151.2073
1126	Sydney	NSW	-33.8678	151.2073
1127	Sydney	NSW	-33.8678	151.2073
1128	Sydney	NSW	-33.8678	151.2073
1129	Sydney	NSW	-33.8678	151.2073
1130	Sydney	NSW	-33.8678	151.2073
1131	Sydney	NSW	-33.8678	151.2073
1132	Sydney	NSW	-33.8678	151.2073
1133	Sydney	NSW	-33.8678	151.2073
1134	Sydney	NSW	-33.8678	151.2073
1135	Sydney	NSW	-33.8678	151.2073
1136	Sydney	NSW	-33.8678	151.2073
1137	Sydney	NSW	-33.8678	151.2073
1138	Sydney	NSW	-33.8678	151.2073
1139	Sydney	NSW	-33.8678	151.2073
1140	Sydney	NSW	-33.8678	151.2073
1141	Sydney	NSW	-33.8678	151.2073
1142	Sydney	NSW	-33.8678	151.2073
1143	Sydney	NSW	-33.8678	151.2073
1144	Sydney	NSW	-33.8678	151.2073
1145	Sydney	NSW	-33.8678	151.2073
1146	Sydney	NSW	-33.8678	151.2073
1147	Sydney	NSW	-33.8678	151.2073
1148	Sydney	NSW	-33.8678	151.2073
1149	Sydney	NSW	-33.8678	151.2073
1150	Sydney	NSW	-33.8678	151.2073
1151	Sydney	NSW	-33.8678	151.2073
1152	Sydney	NSW	-33.8678	151.2073
1153	Sydney	NSW	-33.8678	151.2073
1154	Sydney	NSW	-33.8678	151.2073
1155	Sydney	NSW	-33.8678	151.2073
1156	Sydney	NSW	-33.8678	151.2073
1157	Sydney	NSW	-33.8678	151.2073
1158	Sydney	NSW	-33.8678	151.2073
1159	Sydney	NSW	-33.8678	151.2073
1160	Sydney	NSW	-33.8678	151.2073
1161	Sydney	NSW	-33.8678	151.2073
1162	Sydney	NSW	-33.8678	151.2073
1163	Sydney	NSW	-33.8678	151.2073
1164	Sydney	NSW	-33.8678	151.2073
1165	Sydney	NSW	-33.8678	151.2073
1166	Sydney	NSW	-33.8678	151.2073
1167	Sydney	NSW	-33.8678	151.2073
1168	Sydney	NSW	-33.8678	151.2073
1169	Sydney	NSW	-33.8678	151.2073
1170	Sydney	NSW	-33.8678	151.2073
1171	Sydney	NSW	-33.8678	151.2073
1172	Sydney	NSW	-33.8678	151.2073
1173	Sydney	NSW	-33.8678	151.2073
1174	Sydney	NSW	-33.8678	151.2073
1175	Sydney	NSW	-33.8678	151.2073
1176	Sydney	NSW	-33.8678	151.2073
1177	Sydney	NSW	-33.8678	151.2073
1178	Sydney	NSW	-33.8678	151.2073
1179	Sydney	NSW	-33.8678	151.2073
1180	Sydney	NSW	-33.8678	151.2073
1181	Sydney	NSW	-33.8678	151.2073
1182	Sydney	NSW	-33.8678	151.2073
1183	Sydney	NSW	-33.8678	151.2073
1184	Sydney	NSW	-33.8678	151.2073
1185	Sydney	NSW	-33.8678	151.2073
1186	Sydney	NSW	-33.8678	151.2073
1187	Sydney	NSW	-33.8678	151.2073
1188	Sydney	NSW	-33.8678	151.2073
1189	Sydney	NSW	-33.8678	151.2073
1190	Sydney	NSW	-33.8678	151.2073
1191	Sydney	NSW	-33.8678	151.2073
1192	Sydney	NSW	-33.8678	151.2073
1193	Sydney	NSW	-33.8678	151.2073
1194	Sydney	NSW	-33.8678	151.2073
1195	Sydney	NSW	-33.8678	151.2073
1196	Sydney	NSW	-33.8678	151.2073
1197	Sydney	NSW	-33.8678	151.2073
1198	Sydney	NSW	-33.8678	151.2073
1199	Sydney	NSW	-33.8678	151.2073
1201	Sydney	NSW	-33.8678	151.2073
1202	Sydney	NSW	-33.8678	151.2073
1203	Sydney	NSW	-33.8678	151.2073
1205	Sydney	NSW	-33.8678	151.2073
1207	Sydney	NSW	-33.8678	151.2073
1221	Royal Exchange	NSW	-34.0599	150.998
1222	Royal Exchange	NSW	-34.0599	150.998
1223	Royal Exchange	NSW	-34.0599	150.998
1224	Royal Exchange	NSW	-34.0599	150.998
1225	Royal Exchange	NSW	-34.0599	150.998
1226	Queen Victoria Building	NSW	-34.0599	150.998
1227	Queen Victoria Building	NSW	-34.0599	150.998
1228	Queen Victoria Building	NSW	-34.0599	150.998
1229	Queen Victoria Building	NSW	-34.0599	150.998
1230	Queen Victoria Building	NSW	-33.8787	151.2053
1291	Sydney	NSW	-33.8678	151.2073
1292	Sydney	NSW	-33.8678	151.2073
1293	Sydney	NSW	-33.8678	151.2073
1294	Sydney	NSW	-33.8678	151.2073
1295	Sydney	NSW	-33.8678	151.2073
1296	Sydney	NSW	-33.8678	151.2073
1297	Sydney	NSW	-33.8678	151.2073
1298	Sydney	NSW	-33.8678	151.2073
1299	Sydney	NSW	-33.8678	151.2073
1300	Darlinghurst	NSW	-33.8794	151.2193
1401	Broadway	NSW	-33.8923	151.0473
1430	Eveleigh	NSW	-33.8956	151.1924
1466	Unsw Sydney	NSW	-33.9231	151.2079
1565	Milsons Point	NSW	-33.846	151.2119
2000	Barangaroo	NSW	-33.8603	151.2016
2000	Sydney South	NSW	-33.8643	151.2049
2000	Haymarket	NSW	-33.8787	151.2053
2000	Darling Harbour	NSW	-33.8685	151.2003
2000	Millers Point	NSW	-33.8596	151.2041
2000	Parliament House	NSW	-33.8643	151.2049
2000	Sydney	NSW	-33.8678	151.2073
2000	The Rocks	NSW	-33.8592	151.2081
2000	Dawes Point	NSW	-33.8561	151.2077
2001	Sydney	NSW	-33.8678	151.2073
2002	World Square	NSW	-33.8702	151.2022
2004	Alexandria Mc	NSW	-33.8702	151.2022
2006	The University Of Sydney	NSW	-33.8702	151.2022
2007	Ultimo	NSW	-33.8772	151.1972
2007	Broadway	NSW	-33.8772	151.1972
2008	Chippendale	NSW	-33.8867	151.1975
2008	Golden Grove	NSW	-33.8889	151.1965
2008	Darlington	NSW	-33.891	151.1955
2009	Pyrmont	NSW	-33.8698	151.194
2009	Darling Island	NSW	-33.8698	151.194
2010	Taylor Square	NSW	-33.8816	151.216
2010	Darlinghurst	NSW	-33.8794	151.2193
2010	Surry Hills	NSW	-33.8837	151.2128
2011	Elizabeth Bay	NSW	-33.8718	151.2271
2011	Woolloomooloo	NSW	-33.8704	151.2197
2011	Kings Cross	NSW	-33.875	151.2223
2011	Rushcutters Bay	NSW	-33.8748	151.228
2011	Potts Point	NSW	-33.867	151.2259
2011	Hmas Kuttabul	NSW	-33.8718	151.2246
2015	Alexandria	NSW	-33.8999	151.1995
2015	Beaconsfield	NSW	-33.9115	151.2004
2015	Eveleigh	NSW	-33.8956	151.1924
2016	Redfern	NSW	-33.8928	151.2041
2017	Zetland	NSW	-33.9075	151.2086
2017	Waterloo Dc	NSW	-33.9034	151.207
2017	Waterloo	NSW	-33.8994	151.2053
2020	Sydney International Airport	NSW	-33.926	151.1935
2020	Sydney Domestic Airport	NSW	-33.926	151.1935
2020	Mascot	NSW	-33.926	151.1935
2033	Kensington	NSW	-33.9202	151.2224
2037	Glebe	NSW	-33.8788	151.1843
2037	Forest Lodge	NSW	-33.8814	151.18
2038	Annandale	NSW	-33.8833	151.1667
2042	Newtown	NSW	-33.8983	151.1775
2042	Enmore	NSW	-33.9005	151.1731
2043	Erskineville	NSW	-33.9025	151.1858
2044	St Peters Dc	NSW	-33.9189	151.1705
2044	Tempe	NSW	-33.9233	151.1602
2044	St Peters	NSW	-33.9167	151.1833
2044	Sydenham	NSW	-33.9167	151.168
2052	Unsw Sydney	NSW	-33.8419	151.1935
2891	Sydney Gateway Facility	NSW	-32.3918	148.3941
2891	International Mc	NSW	-32.3918	148.3941
2338	Ardglen	NSW	-31.7358	150.7484
2338	Sandy Creek	NSW	-31.7641	150.8869
2338	Pages River	NSW	-31.7641	150.8869
2338	Scotts Creek	NSW	-31.7641	150.8869
2338	Green Creek	NSW	-31.7641	150.8869
2338	Murrurundi	NSW	-31.7642	150.8358
2338	Crawney	NSW	-31.7641	150.8869
2338	Timor	NSW	-31.7715	151.0699
2338	Blandford	NSW	-31.7849	150.8935
2342	Currabubula	NSW	-31.2667	150.7333
2342	Piallaway	NSW	-31.1667	150.5833
2344	Duri	NSW	-31.2141	150.8219
2344	Winton	NSW	-31.0818	150.7179
2345	Garthowen	NSW	-30.8565	150.9038
2345	Attunga	NSW	-30.9303	150.8468
2346	Wimborne	NSW	-30.6938	150.653
2346	Klori	NSW	-30.8318	150.7679
2346	Warrabah	NSW	-30.6938	150.653
2346	Rushes Creek	NSW	-30.6938	150.653
2346	Manilla	NSW	-30.7475	150.7197
2346	Upper Manilla	NSW	-30.6385	150.6635
2346	Borah Creek	NSW	-30.5988	150.4984
2346	Halls Creek	NSW	-30.6938	150.653
2346	New Mexico	NSW	-30.7424	150.6185
2346	Wongo Creek	NSW	-30.7	150.5
2346	Namoi River	NSW	-30.5978	150.803
2352	Kootingal	NSW	-31.0586	151.0535
2352	Limbri	NSW	-31.0388	151.1553
2352	Mulla Creek	NSW	-31.0644	151.1113
2352	Tintinhull	NSW	-31.071	151.0045
2353	Moonbi	NSW	-31.0177	151.0706
2355	Watsons Creek	NSW	-30.7384	151.0513
2355	Bendemeer	NSW	-30.8865	151.1535
2355	Retreat	NSW	-30.6068	151.1068
2359	Bakers Creek	NSW	-30.2667	151.0167
2359	Bundarra	NSW	-30.1721	151.0762
2359	Camerons Creek	NSW	-30.2194	151.0464
2668	Barmedman	NSW	-34.1449	147.3873
2725	Stockinbingal	NSW	-34.4989	147.882
2372	Bluff Rock	NSW	-29.1667	152.0167
2372	Back Creek	NSW	-28.6031	153.0298
2372	Tarban	NSW	-28.9818	151.9012
2372	Sandy Hill	NSW	-28.9228	152.2496
2372	Cullendore	NSW	-28.446	152.1429
2372	Billyrimba	NSW	-29.171	152.2287
2372	Boorook	NSW	-28.8501	152.2639
2372	Willsons Downfall	NSW	-28.7017	152.116
2372	Rivertree	NSW	-28.6227	152.2441
2372	Forest Land	NSW	-29.0023	152.058
2372	Bolivia	NSW	-29.3015	151.9539
2372	Bryans Gap	NSW	-29.0166	152.0817
2372	Pyes Creek	NSW	-29.0023	152.058
2372	Carrolls Creek	NSW	-28.8227	152.103
2372	The Scrub	NSW	-29.1333	152.0833
2372	Mingoola	NSW	-29.0023	152.058
2372	Liston	NSW	-28.646	152.0861
2372	Boonoo Boonoo	NSW	-28.8777	152.1012
2372	Dumaresq Valley	NSW	-29.13	151.454
2372	Sunnyside	NSW	-28.9886	151.949
2372	Black Swamp	NSW	-29	152.15
2372	Sandy Flat	NSW	-29.2307	152.0048
2372	Woodside	NSW	-29.0023	152.058
2372	Tenterfield	NSW	-29.0495	152.0195
2372	Silent Grove	NSW	-29.1167	151.6667
2372	Bookookoorara	NSW	-28.7697	152.094
2372	Bungulla	NSW	-29.1333	151.9833
2372	Timbarra	NSW	-29.0167	152.1833
2372	Wylie Creek	NSW	-28.5485	152.1512
2372	Steinbrook	NSW	-29.0833	152.1
2372	Mole River	NSW	-29.1167	151.7667
2372	Rocky River	NSW	-30.6167	151.5
2476	Acacia Creek	NSW	-28.3758	152.3214
2476	The Glen	NSW	-28.8491	152.8424
2476	Old Koreelah	NSW	-28.399	152.4196
2476	Koreelah	NSW	-28.461	152.3615
2476	Boomi Creek	NSW	-28.4664	152.6045
2476	Legume	NSW	-28.4107	152.3063
2476	Brumby Plains	NSW	-28.4483	152.4795
2476	Woodenbong	NSW	-28.3921	152.6115
2476	Lindesay Creek	NSW	-28.3477	152.6208
2476	Lower Acacia Creek	NSW	-28.4318	152.2346
2476	Acacia Plateau	NSW	-28.3791	152.3689
2476	Muli Muli	NSW	-28.4182	152.5834
4377	Maryland	NSW	-28.55	152
4380	Undercliffe	NSW	-28.6225	152.1871
4380	Amosfield	NSW	-28.662	152.0712
4380	Mingoola	NSW	-28.9833	151.5167
4380	Ruby Creek	NSW	-28.6093	152.0068
4383	Jennings	NSW	-28.9307	151.9382
2118	Carlingford North	NSW	-33.7722	151.0172
2118	Carlingford	NSW	-33.7827	151.0489
2118	Carlingford Court	NSW	-33.7775	151.033
2118	Kingsdene	NSW	-33.7775	151.033
2151	North Rocks	NSW	-33.7722	151.0172
2151	North Parramatta	NSW	-33.7935	151.0012
2158	Middle Dural	NSW	-33.6401	151.0172
2158	Dural Dc	NSW	-33.6617	151.0169
2158	Round Corner	NSW	-33.6617	151.0169
2158	Dural	NSW	-33.6833	151.0167
2775	Fernances	NSW	-33.1934	151.0139
2775	Central Macdonald	NSW	-33.3351	150.9759
2775	Perrys Crossing	NSW	-33.3703	151.0137
2775	Upper Macdonald	NSW	-33.3703	151.0137
2775	St Albans	NSW	-33.2833	150.9833
2775	Mogo Creek	NSW	-33.3703	151.0137
2775	Higher Macdonald	NSW	-33.2138	150.9325
2775	Gunderman	NSW	-33.45	151.0667
2775	Singletons Mill	NSW	-33.3703	151.0137
2775	Laughtondale	NSW	-33.437	151.0313
2775	Marlow	NSW	-33.4639	151.166
2775	Lower Hawkesbury	NSW	-33.45	151.05
2775	Lower Macdonald	NSW	-33.3653	150.9511
2775	Leets Vale	NSW	-33.4298	150.9484
2775	Wisemans Ferry	NSW	-33.3833	150.9833
2775	Spencer	NSW	-33.4593	151.1447
2775	Webbs Creek	NSW	-33.3492	150.9307
2775	Wrights Creek	NSW	-33.3703	151.0137
2474	Gradys Creek	NSW	-28.4314	152.9558
2474	The Risk	NSW	-28.4767	152.9332
2474	Toonumbar	NSW	-28.5772	152.761
2474	Loadstone	NSW	-28.3907	152.9904
2474	Cougal	NSW	-28.3616	152.9704
2474	Old Grevillia	NSW	-28.4427	152.8702
2474	Dairy Flat	NSW	-28.3779	152.6947
2474	Ghinni Ghi	NSW	-28.6168	152.8143
2474	Horse Station Creek	NSW	-28.6361	152.955
2474	Smiths Creek	NSW	-28.4277	153.378
2474	Kyogle	NSW	-28.6228	152.9974
2474	Cedar Point	NSW	-28.6843	153.0021
2474	Roseberry Creek	NSW	-28.4707	152.8074
2474	Homeleigh	NSW	-28.5685	153.0643
2474	Geneva	NSW	-28.6219	152.989
2474	West Wiangaree	NSW	-28.5535	152.9608
2474	Horseshoe Creek	NSW	-28.5352	153.0376
2474	Roseberry	NSW	-28.4888	152.909
2474	Wyneden	NSW	-28.5335	152.9276
2474	Unumgar	NSW	-28.4096	152.7429
2474	Border Ranges	NSW	-28.5872	152.9526
2474	Grevillia	NSW	-28.4431	152.8332
2474	Warrazambil Creek	NSW	-28.4461	153.0223
2474	Eden Creek	NSW	-28.5887	152.9058
2474	Afterlee	NSW	-28.5741	152.8287
2474	Sawpit Creek	NSW	-28.5872	152.9526
2474	Edenville	NSW	-28.6884	152.967
2474	Terrace Creek	NSW	-28.4231	152.863
2474	Barkers Vale	NSW	-28.5366	153.1207
2474	Upper Eden Creek	NSW	-28.5378	152.878
2474	Collins Creek	NSW	-28.4751	153.0303
2474	Rukenvale	NSW	-28.4677	152.8936
2474	Upper Horseshoe Creek	NSW	-28.5387	153.0651
2474	Findon Creek	NSW	-28.5872	152.9526
2474	New Park	NSW	-28.6061	152.9936
2474	Little Back Creek	NSW	-28.6031	153.0298
2474	Wiangaree	NSW	-28.5148	152.961
2474	Sherwood	NSW	-31.0649	152.7288
2474	Iron Pot Creek	NSW	-28.637	152.8612
2474	Wadeville	NSW	-28.5607	153.1354
2474	Fawcetts Plain	NSW	-28.5703	153.0127
2474	Lynchs Creek	NSW	-28.4454	153.0016
2474	Kilgra	NSW	-28.5564	152.9729
2474	Green Pigeon	NSW	-28.4789	153.0871
2474	Cawongla	NSW	-28.6013	153.0974
2474	Ettrick	NSW	-28.6637	152.9125
2483	Mooball	NSW	-28.4421	153.4875
2483	Upper Burringbar	NSW	-28.4519	153.4225
2483	Burringbar	NSW	-28.4358	153.4732
2483	Wooyung	NSW	-28.4562	153.5522
2483	Ocean Shores	NSW	-28.5093	153.5376
2483	Crabbes Creek	NSW	-28.461	153.4823
2483	South Golden Beach	NSW	-28.498	153.547
2483	Billinudgel	NSW	-28.5032	153.529
2483	The Pocket	NSW	-28.5066	153.4756
2483	Sleepy Hollow	NSW	-28.4177	153.5198
2483	New Brighton	NSW	-28.5105	153.5518
2483	Middle Pocket	NSW	-28.4869	153.4661
2483	Brunswick Heads	NSW	-28.54	153.5457
2483	Yelgun	NSW	-28.48	153.4949
2485	Tweed Heads West	NSW	-28.1874	153.5228
2485	Tweed Heads	NSW	-28.1767	153.5452
2486	Bilambil	NSW	-28.2266	153.4676
2486	Cobaki	NSW	-28.1985	153.4644
2486	Banora Point	NSW	-28.213	153.5363
2486	Glengarrie	NSW	-28.2284	153.3986
2486	Terranora	NSW	-28.2383	153.5008
2486	Tweed Heads South	NSW	-28.1952	153.5396
2486	Bilambil Heights	NSW	-28.2161	153.4841
2486	Bungalora	NSW	-28.2192	153.4747
2486	Upper Duroby	NSW	-28.2621	153.4718
2486	Tweed Heads South Dc	NSW	-28.2192	153.4747
2486	Duroby	NSW	-28.2621	153.4718
2486	Carool	NSW	-28.2265	153.4319
2486	Piggabeen	NSW	-28.1909	153.4504
2486	Cobaki Lakes	NSW	-28.1727	153.4789
2487	Stotts Creek	NSW	-28.2821	153.509
2487	Cudgen	NSW	-28.2667	153.55
2487	Chinderah	NSW	-28.2546	153.5371
2487	Fingal Head	NSW	-28.2018	153.5652
2487	Kings Forest	NSW	-28.2922	153.5473
2487	Duranbah	NSW	-28.3167	153.5333
2487	Casuarina	NSW	-28.3004	153.5706
2487	Kingscliff	NSW	-28.2598	153.5782
2488	Bogangar	NSW	-28.3294	153.5686
2488	Cabarita Beach	NSW	-28.3362	153.5762
2488	Tanglewood	NSW	-28.3376	153.5335
2489	Hastings Point	NSW	-28.3641	153.5748
2489	Pottsville Beach	NSW	-28.3885	153.5656
2489	Pottsville	NSW	-28.3874	153.5586
2490	North Tumbulgum	NSW	-28.2621	153.4718
2490	Tumbulgum	NSW	-28.2752	153.4628
2354	Niangala	NSW	-31.3001	151.4049
2354	Kentucky	NSW	-30.7614	151.4489
2354	Woolbrook	NSW	-30.9652	151.3512
2354	Yarrowitch	NSW	-31.2701	151.971
2354	Moona Plains	NSW	-31	151.8833
2354	Wollun	NSW	-30.8464	151.4263
2354	Nowendoc	NSW	-31.5175	151.7148
2354	Upper Yarrowitch	NSW	-31.0387	151.5634
2354	Walcha Road	NSW	-30.9441	151.4
2354	Kentucky South	NSW	-30.7973	151.4401
2354	Branga Plains	NSW	-31.0387	151.5634
2354	Walcha	NSW	-30.9849	151.5934
2579	Big Hill	NSW	-34.6586	150.2268
2579	Marulan South	NSW	-34.7084	150.0097
2579	Marulan	NSW	-34.7084	150.0097
2579	Brayton	NSW	-34.6586	150.2268
2579	Tallong	NSW	-34.7167	150.0833
2579	Wingello	NSW	-34.6948	150.1582
2579	Penrose	NSW	-34.5107	150.7791
2579	Exeter	NSW	-34.6128	150.3208
2350	Castle Doyle	NSW	-30.6152	151.7679
2350	North Hill	NSW	-30.501	151.6724
2350	Boorolong	NSW	-30.3235	151.5346
2350	Saumarez	NSW	-30.5546	151.5837
2350	Invergowrie	NSW	-30.512	151.507
2350	Lyndhurst	NSW	-30.3167	152.05
2350	Dangarsleigh	NSW	-30.6055	151.6898
2350	Metz	NSW	-30.5785	151.8735
2350	Armidale Dc	NSW	-30.4582	151.7675
2350	Dumaresq	NSW	-30.433	151.5228
2350	Hillgrove	NSW	-30.5712	151.9045
2350	Madgwick	NSW	-30.4582	151.7675
2350	Armidale	NSW	-30.5012	151.6655
2350	Commissioners Waters	NSW	-30.4582	151.7675
2350	Saumarez Ponds	NSW	-30.4961	151.5508
2350	Acacia Park	NSW	-30.4582	151.7675
2350	Donald Creek	NSW	-30.4388	151.7377
2350	Jeogla	NSW	-30.5765	152.1184
2350	Abington	NSW	-30.2833	151.1833
2350	St Patricks	NSW	-30.4582	151.7675
2350	Armidale East	NSW	-30.4582	151.7675
2350	Bona Vista	NSW	-30.4582	151.7675
2350	Wollomombi	NSW	-30.5143	152.0435
2350	Ben Venue	NSW	-30.4582	151.7675
2350	Enmore	NSW	-30.7333	151.8
2350	South Hill	NSW	-30.4582	151.7675
2350	Soudan Heights	NSW	-30.4582	151.7675
2350	Newling	NSW	-30.4582	151.7675
2350	East Armidale	NSW	-30.4582	151.7675
2350	Kellys Plains	NSW	-30.5834	151.6345
2350	Argyle	NSW	-30.4582	151.7675
2350	Thalgarrah	NSW	-30.385	151.9184
2350	Wongwibinda	NSW	-30.2928	152.1661
2350	Tilbuster	NSW	-30.4158	151.7039
2350	Puddledock	NSW	-30.3667	151.7667
2350	Duval	NSW	-30.4582	151.7675
2350	Wards Mistake	NSW	-30.1318	152.0096
2350	West Armidale	NSW	-30.4582	151.7675
2350	Aberfoyle	NSW	-30.2667	152.0167
2358	Gostwyck	NSW	-30.6941	151.5834
2358	Salisbury Plains	NSW	-30.7667	151.5333
2358	Rocky River	NSW	-30.6167	151.5
2358	Arding	NSW	-30.5677	151.5254
2358	Kingstown	NSW	-30.504	151.1139
2358	Yarrowyck	NSW	-30.4639	151.3222
2358	Mihi	NSW	-30.7083	151.7091
2358	Balala	NSW	-30.5679	151.4021
2358	Torryburn	NSW	-30.45	151.2167
2358	Bakers Creek	NSW	-30.2667	151.0167
2358	Uralla	NSW	-30.6411	151.5007
2651	Wagga Wagga Raaf	NSW	-35.1481	147.4671
2651	Forest Hill	NSW	-35.1481	147.4671
2655	French Park	NSW	-35.2623	146.927
2655	The Rock	NSW	-35.273	147.1138
2655	Tootool	NSW	-35.263	146.9936
2655	Birdlip	NSW	-35.2661	147.0115
2655	Kubura	NSW	-35.2661	147.0115
2656	Brookong	NSW	-35.298	146.584
2656	Brookdale	NSW	-35.3421	146.7055
2656	Fargunyah	NSW	-35.3421	146.7055
2656	Urangeline East	NSW	-35.4617	146.6825
2656	Milbrulong	NSW	-35.2532	146.8428
2656	Urangeline	NSW	-35.4617	146.6825
2656	Osborne	NSW	-35.3545	146.7228
2656	Lockhart	NSW	-35.2233	146.7182
2661	Kapooka	NSW	-35.1569	147.2844
2678	Charles Sturt University	NSW	-35.0608	147.3542
2678	Riverina Mc	NSW	-35.0608	147.3542
2678	Riverina Msc	NSW	-35.0608	147.3542
2702	Ganmain	NSW	-34.7932	147.0391
2422	Stratford	NSW	-32.1167	151.9333
2422	Gangat	NSW	-32.0235	152.0846
2422	Mares Run	NSW	-31.7628	151.9085
2422	Craven Plateau	NSW	-31.7628	151.9085
2422	Mograni	NSW	-32.0177	152.0269
2422	Craven	NSW	-32.1485	151.9512
2422	Tugrabakh	NSW	-31.9743	151.9956
2422	Coneac	NSW	-31.8315	151.8083
2422	Forbesdale	NSW	-32.0761	151.9592
2422	Wirradgurie	NSW	-31.7628	151.9085
2422	Rookhurst	NSW	-31.8833	151.8833
2422	Tibbuc	NSW	-31.8218	151.9079
2422	Wapra	NSW	-31.7628	151.9085
2422	Maudville	NSW	-31.7628	151.9085
2422	Gloucester Tops	NSW	-31.9223	151.5346
2422	Mount Peerless	NSW	-31.7628	151.9085
2422	Berrico	NSW	-32.0618	151.786
2422	Callaghans Creeks	NSW	-31.7628	151.9085
2422	Corroboree Flat	NSW	-31.7628	151.9085
2422	Moppy	NSW	-31.9924	151.5896
2422	Barrington	NSW	-31.9726	151.9031
2422	Wards River	NSW	-32.2166	151.9423
2422	Doon Ayre	NSW	-31.7628	151.9085
2422	Terreel	NSW	-32.2488	151.9755
2422	Woko	NSW	-31.7628	151.9085
2422	Titaatee Creek	NSW	-32.0408	152.1152
2422	Bakers Creek	NSW	-30.2667	151.0167
2422	Dewitt	NSW	-31.7628	151.9085
2422	Faulkland	NSW	-32.0797	151.8897
2422	Baxters Ridge	NSW	-31.7628	151.9085
2422	Mograni Creek	NSW	-32.0333	152.0333
2422	Waukivory	NSW	-32.1167	152.05
2422	Callaghans Creek	NSW	-31.8412	152.039
2422	Glen Ward	NSW	-31.7628	151.9085
2422	Mernot	NSW	-31.7628	151.9085
2422	Kia Ora	NSW	-28.5825	152.0649
2422	Cobark	NSW	-31.9485	151.7096
2422	Bundook	NSW	-31.8906	152.1219
2422	Bowman Farm	NSW	-31.9332	151.931
2422	Bindera	NSW	-32.0478	151.8331
2422	Belbora	NSW	-32.0333	152.1833
2422	Rawdon Vale	NSW	-31.9833	151.7
2422	Copeland	NSW	-32	151.8333
2422	Wallanbah	NSW	-32.0936	152.1065
2422	Curricabark	NSW	-31.7447	151.6389
2422	Barrington Tops	NSW	-31.9223	151.5346
2422	Bulliac	NSW	-31.9167	152.0333
2422	Back Creek	NSW	-28.6031	153.0298
2422	Bowman	NSW	-31.9322	151.8218
2422	Bretti	NSW	-31.7849	151.9086
2422	Gloucester	NSW	-32.0077	151.9633
2422	Invergordon	NSW	-31.7628	151.9085
2422	Giro	NSW	-31.7152	151.8096
2422	Pitlochry	NSW	-31.7628	151.9085
2422	Upper Bowman	NSW	-31.9223	151.7831
2446	Redbank	NSW	-31.4242	152.7393
2446	Beechwood	NSW	-31.4365	152.6768
2446	Bellangry	NSW	-31.3284	152.6077
2446	Long Flat	NSW	-31.4395	152.4925
2446	Sancrox	NSW	-31.4318	152.8012
2446	Mount Seaview	NSW	-31.3635	152.1872
2446	Yarras	NSW	-31.4189	152.3198
2446	Pappinbarra	NSW	-31.3666	152.4943
2446	Bago	NSW	-31.4896	152.6425
2446	Rosewood	NSW	-31.4174	152.5805
2446	Mortons Creek	NSW	-31.3829	152.6427
2446	Wauchope	NSW	-31.4579	152.7262
2446	Banda Banda	NSW	-31.2157	152.4566
2446	Toms Creek	NSW	-31.5387	152.3909
2446	Yippin Creek	NSW	-31.4554	152.7145
2446	Birdwood	NSW	-31.3485	152.3346
2446	Upper Pappinbarra	NSW	-31.3047	152.463
2446	Ellenborough	NSW	-31.45	152.4667
2446	Byabarra	NSW	-31.523	152.546
2446	Lower Pappinbarra	NSW	-31.4198	152.5934
2446	Hollisdale	NSW	-31.4	152.5333
2446	Huntingdon	NSW	-31.4639	152.6521
2446	Werrikimbe	NSW	-31.4174	152.5805
2446	Marlo Merrican	NSW	-31.2289	152.6706
2446	Pipeclay	NSW	-31.4475	152.5431
2446	Pembrooke	NSW	-31.3935	152.7508
2446	Rawdon Island	NSW	-31.4333	152.7667
2446	Crosslands	NSW	-31.4393	152.7154
2446	King Creek	NSW	-31.4924	152.7566
2446	Brombin	NSW	-31.4578	152.6315
2446	Cairncross	NSW	-31.4174	152.5805
2446	Hartys Plains	NSW	-31.4697	152.6297
2446	Hyndmans Creek	NSW	-31.4784	152.5979
2446	Gearys Flat	NSW	-31.4174	152.5805
2446	Debenham	NSW	-31.4174	152.5805
2446	Bagnoo	NSW	-31.4652	152.5346
2446	Doyles River	NSW	-31.4174	152.5805
2446	Lake Innes	NSW	-31.5038	152.8165
2446	Forbes River	NSW	-31.298	152.32
2446	Kindee	NSW	-31.4068	152.4605
2446	Frazers Creek	NSW	-31.4361	152.6411
2832	Cumborah	NSW	-29.7469	147.7664
2832	Bulyeroi	NSW	-29.8526	148.1785
2832	Cryon	NSW	-30.0086	148.6135
2832	Grawin Opal Fields	NSW	-29.8526	148.1785
2832	Angledool	NSW	-29.1102	147.9097
2832	Walgett	NSW	-30.0246	148.1157
2832	Come By Chance	NSW	-30.3726	148.4874
2832	Boorooma	NSW	-29.8526	148.1785
2823	Gin Gin	NSW	-31.9116	148.0898
2823	Dandaloo	NSW	-32.2833	147.6333
2823	Trangie	NSW	-32.0315	147.9834
2823	Cathundral	NSW	-31.9167	147.8333
2823	Bundemar	NSW	-32.0358	147.885
2824	Mount Harris	NSW	-31.9144	147.9638
2824	Pigeonbah	NSW	-31.9144	147.9638
2824	Tenandra	NSW	-31.6101	147.8864
2824	Pine Clump	NSW	-31.9144	147.9638
2824	Eenaweena	NSW	-31.4717	147.5096
2824	Red Hill	NSW	-35.0523	149.1643
2824	Marthaguy	NSW	-31.2173	147.8576
2824	Beemunnel	NSW	-31.6624	147.8596
2824	Mount Foster	NSW	-31.9144	147.9638
2824	Warren	NSW	-31.7022	147.8339
2824	Snakes Plain	NSW	-31.9144	147.9638
2824	Oxley	NSW	-31.9144	147.9638
2824	Bullagreen	NSW	-31.3159	148.0349
2824	Ravenswood	NSW	-31.6971	147.84
2824	Mumblebone Plain	NSW	-31.5009	147.6879
2825	Pangee	NSW	-32.0156	146.7734
2825	Canonba	NSW	-31.3447	147.3473
2825	Mullengudgery	NSW	-31.6985	147.4179
2825	Nyngan	NSW	-31.5638	147.1937
2825	Murrawombie	NSW	-31.5514	147.7264
2825	Miandetta	NSW	-31.5752	146.9815
2825	Warrigal	NSW	-31.5977	147.2598
2825	Bogan	NSW	-31.5514	147.7264
2825	Mulla	NSW	-31.0644	151.1113
2825	Honeybugle	NSW	-31.5514	147.7264
2825	Babinda	NSW	-31.5514	147.7264
2825	Buddabadah	NSW	-31.5514	147.7264
2826	Bogan	NSW	-31.8478	147.7215
2826	Nevertire	NSW	-31.8478	147.7215
2827	Curban	NSW	-31.5418	148.5887
2827	Biddon	NSW	-31.5602	148.8023
2827	Collie	NSW	-31.6667	148.3
2827	Merrigal	NSW	-31.6608	148.6622
2827	Bearbong	NSW	-31.6689	148.8185
2827	Gilgandra	NSW	-31.7117	148.6625
2827	Breelong	NSW	-31.8152	148.8012
2329	Uarbry	NSW	-32.0485	149.7679
2329	Cassilis	NSW	-32	149.9833
2329	Merriwa	NSW	-32.1392	150.3556
2329	Borambil	NSW	-32.0333	150
2357	Dandry	NSW	-31.0277	149.4043
2357	Yearinan	NSW	-31.1975	149.1797
2357	Bomera	NSW	-31.4894	149.8309
2357	Bugaldie	NSW	-31.1252	149.1116
2357	Box Ridge	NSW	-31.4554	149.4884
2357	Gowang	NSW	-31.4235	149.0846
2357	Tannabar	NSW	-31.2879	149.3793
2357	Ulamambri	NSW	-31.328	149.4007
2357	Purlewaugh	NSW	-31.346	149.5092
2357	Rocky Glen	NSW	-31.1167	149.5667
2357	Wattle Springs	NSW	-31.3797	149.3169
2357	Coonabarabran	NSW	-31.2773	149.279
2379	Napier Lane	NSW	-31.2986	149.4386
2379	Goolhi	NSW	-30.9708	149.8153
2379	Mullaley	NSW	-31.1011	149.9058
2379	Nombi	NSW	-31.1037	149.892
2381	Curlewis	NSW	-31.1167	150.2675
2381	Premer	NSW	-31.4567	149.909
2381	Nea	NSW	-31.2931	150.1173
2381	Tambar Springs	NSW	-31.3495	149.83
2381	Breeza	NSW	-31.2497	150.4629
2381	Pullaming	NSW	-31.2931	150.1173
2395	Weetaliba	NSW	-31.644	149.5845
2395	Binnaway	NSW	-31.5523	149.3787
2395	Ropers Road	NSW	-31.5336	149.5109
2396	Kenebri	NSW	-30.7751	149.0236
2396	Goorianawa	NSW	-31.1467	148.9934
2396	Barwon	NSW	-30.9568	149.0287
2396	Baradine	NSW	-30.9487	149.0692
2830	Dubbo Grove	NSW	-32.2211	148.6327
2830	Troy Junction	NSW	-32.2211	148.6327
2830	Eschol	NSW	-32.3333	148.65
2830	Eulomogo	NSW	-32.2667	148.6833
2830	Delroy Gardens	NSW	-32.2211	148.6327
2830	Kickabil	NSW	-31.9072	148.3708
2830	Beni	NSW	-32.2	148.7667
2830	Barbigal	NSW	-32.2211	148.6327
2830	Cumboogle	NSW	-32.3436	148.598
2830	Talbragar	NSW	-32.2	148.6333
2830	Dickygundi	NSW	-32.2211	148.6327
2830	Dubbo Dc	NSW	-32.2211	148.6327
2830	Terramungamine	NSW	-32.0667	148.55
2830	Ballimore	NSW	-32.2	148.9
2830	Manera Heights	NSW	-32.2211	148.6327
2830	Dubbo East	NSW	-32.2211	148.6327
2830	Orana Heights	NSW	-32.2211	148.6327
2830	Muronbung	NSW	-32.2211	148.6327
2830	Dubbo West	NSW	-32.2211	148.6327
2830	Goonoo Forest	NSW	-32.0942	148.8895
2830	Wambangalang	NSW	-32.5904	148.5358
2830	Rawsonville	NSW	-32.1667	148.5
2830	Toongi	NSW	-32.45	148.6
2830	Whylandra Crossing	NSW	-32.2211	148.6327
2830	Boothenba	NSW	-32.2	148.7
2830	Dubbo	NSW	-32.243	148.6048
2830	Mogriguy	NSW	-32.0667	148.6833
2830	Brocklehurst	NSW	-32.1806	148.6229
2830	Minore	NSW	-32.25	148.4667
2843	Coolah	NSW	-31.8279	149.7156
2852	Merotherie	NSW	-32.1571	149.5692
2852	Bungaba	NSW	-32.1823	149.638
2852	Gulgong	NSW	-32.3625	149.532
2852	Stubbo	NSW	-32.3	149.5333
2852	Cumbandry	NSW	-32.308	149.4774
2852	Mebul	NSW	-32.3485	149.3346
2852	Barneys Reef	NSW	-32.308	149.4774
2852	Beryl	NSW	-32.3485	149.4429
2852	Goolma	NSW	-32.3818	149.2762
2852	Biraganbil	NSW	-32.308	149.4774
2852	Tallawang	NSW	-32.2	149.45
2852	Guntawang	NSW	-32.397	149.461
2852	Cope	NSW	-32.3035	149.6548
2852	Two Mile Flat	NSW	-32.4068	149.3596
1355	Bondi Junction	NSW	-33.8928	151.2472
2022	Bondi Junction	NSW	-33.8928	151.2472
2022	Queens Park	NSW	-33.8995	151.2472
2022	Bondi Junction Plaza	NSW	-33.8961	151.2472
2024	Charing Cross	NSW	-33.902	151.2606
2024	Waverley	NSW	-33.902	151.2556
2024	Bronte	NSW	-33.902	151.2656
2026	Bondi Beach	NSW	-33.8908	151.2785
2026	North Bondi	NSW	-33.8879	151.2808
2026	Bondi	NSW	-33.8943	151.2644
2026	Ben Buckler	NSW	-33.8928	151.2736
2026	Tamarama	NSW	-33.8984	151.2706
2029	Rose Bay	NSW	-33.8688	151.2706
2030	Dover Heights	NSW	-33.8708	151.2792
2030	Watsons Bay	NSW	-33.8439	151.2829
2030	Hmas Watson	NSW	-33.8567	151.2799
2030	Diamond Bay	NSW	-33.8567	151.2799
2030	Vaucluse	NSW	-33.8555	151.2775
2030	Rose Bay North	NSW	-33.8567	151.2799
2594	Tubbul	NSW	-34.2652	148.0012
2594	Berthong	NSW	-34.2161	148.1176
2594	Barwang	NSW	-34.2161	148.1176
2594	Ashville	NSW	-34.2161	148.1176
2594	Yannawah	NSW	-34.2161	148.1176
2594	Burrangong	NSW	-34.2916	148.2481
2594	Milvale	NSW	-34.3167	147.9167
2594	Bribbaree	NSW	-34.1199	147.8792
2594	Young	NSW	-34.3135	148.3011
2594	Thuddungra	NSW	-34.15	148.1167
2594	Weedallion	NSW	-34.1985	147.9512
2594	Monteagle	NSW	-34.1833	148.35
2594	Kikiamah	NSW	-34.0866	148.1005
2594	Maimuru	NSW	-34.2333	148.1772
2594	Memagong	NSW	-34.3156	148.1126
2594	Bulla Creek	NSW	-34.1196	148.2567
2809	Greenethorpe	NSW	-34	148.4
2871	Yarragong	NSW	-33.4672	147.8806
2871	Corinella	NSW	-33.4672	147.8806
2871	Paytens Bridge	NSW	-33.4672	147.8806
2871	Weelong	NSW	-33.4672	147.8806
2871	Forbes	NSW	-33.3844	148.0076
2871	Fairholme	NSW	-33.2652	147.3846
2871	Gunning Gap	NSW	-33.4672	147.8806
2871	Garema	NSW	-33.55	147.9333
2871	Ooma	NSW	-33.7233	148.0891
2871	Bedgerabong	NSW	-33.4672	147.8806
2871	Mulyandry	NSW	-33.5597	148.1152
2871	Jemalong	NSW	-33.4239	147.7513
2871	Cumbijowa	NSW	-33.4672	147.8806
2871	Bundaburrah	NSW	-33.5167	147.7167
2871	Grawlin	NSW	-33.4667	148.0333
2871	Carrawabbity	NSW	-33.4672	147.8806
2871	Bedgerebong	NSW	-33.35	147.7
2871	Bandon	NSW	-33.5	148.3
2871	Warroo	NSW	-33.3333	147.5833
2871	Wirrinya	NSW	-33.6667	147.8167
2871	Calarie	NSW	-33.3333	148.0167
2715	The Vale	NSW	-33.6907	143.8024
2715	Arumpo	NSW	-33.5036	143.3112
2715	Kyalite	NSW	-34.9532	143.4775
2715	Hatfield	NSW	-33.8665	143.738
2715	Penarie	NSW	-34.4095	143.6111
2715	Balranald	NSW	-34.6365	143.5614
2715	Mungo	NSW	-34.1767	143.5836
2717	Dareton	NSW	-34.0947	142.0397
2717	Coomealla	NSW	-34.0981	142.0925
2737	Benanee	NSW	-34.5167	142.8667
2737	Euston	NSW	-34.5744	142.7448
2738	Paringi	NSW	-34.3252	142.3505
2738	Mallee	NSW	-34.222	142.6631
2738	Trentham Cliffs	NSW	-34.2205	142.2489
2738	Monak	NSW	-34.2818	142.2679
2738	Gol Gol	NSW	-34.1788	142.2215
2739	Boeill Creek	NSW	-34.1432	142.1201
2739	Mourquong	NSW	-34.1368	142.1592
2739	Buronga	NSW	-34.1707	142.1735
1560	Northbridge	NSW	-33.8131	151.2173
1570	Artarmon	NSW	-33.8167	151.1833
2057	Chatswood	NSW	-33.8	151.1833
2063	Northbridge	NSW	-33.8131	151.2173
2064	Artarmon	NSW	-33.8167	151.1833
2065	Crows Nest	NSW	-33.8249	151.204
2065	Royal North Shore Hospital	NSW	-33.8257	151.1931
2065	Wollstonecraft	NSW	-33.8328	151.1898
2065	Crows Nest Dc	NSW	-33.8257	151.1931
2065	Greenwich	NSW	-33.8395	151.183
2065	St Leonards	NSW	-33.8234	151.1984
2065	Naremburn	NSW	-33.817	151.2008
2065	Gore Hill	NSW	-33.8167	151.1825
2066	Northwood	NSW	-33.8289	151.1803
2066	Riverview	NSW	-33.8246	151.1624
2066	Lane Cove	NSW	-33.8157	151.1668
2066	Lane Cove North	NSW	-33.8054	151.1664
2066	Osborne Park	NSW	-33.8215	151.1633
2066	Lane Cove West	NSW	-33.8161	151.1515
2066	Linley Point	NSW	-33.8266	151.1502
2066	Longueville	NSW	-33.8329	151.1653
2068	Castlecrag	NSW	-33.7999	151.2231
2068	Willoughby East	NSW	-33.7984	151.2052
2068	North Willoughby	NSW	-33.7956	151.2007
2068	Willoughby North	NSW	-33.7983	151.2081
2068	Willoughby	NSW	-33.8049	151.1993
2068	Middle Cove	NSW	-33.7928	151.2125
2571	Maldon	NSW	-34.2	150.6333
2571	Wilton	NSW	-34.2405	150.6977
2571	Balmoral Village	NSW	-34.3149	150.5165
2571	Couridjah	NSW	-34.2336	150.5513
2571	Buxton	NSW	-34.2602	150.5329
2571	Balmoral	NSW	-34.3077	150.521
2571	Mowbray Park	NSW	-34.15	150.55
2571	Razorback	NSW	-34.1524	150.6531
2571	Picton	NSW	-34.1699	150.6117
2575	Aylmerton	NSW	-34.421	150.4973
2575	Goodmans Ford	NSW	-34.4019	150.394
2575	Joadja	NSW	-34.4217	150.2206
2575	Hill Top	NSW	-34.3479	150.4955
2575	Balaclava	NSW	-34.4019	150.394
2575	Yerrinbool	NSW	-34.3688	150.5385
2575	Mittagong	NSW	-34.45	150.4457
2575	High Range	NSW	-34.3652	150.3012
2575	Woodlands	NSW	-34.4057	150.3943
2575	Colo Vale	NSW	-34.401	150.4857
2575	Willow Vale	NSW	-34.4351	150.47
2575	Mount Lindsey	NSW	-34.4019	150.394
2575	Wattle Ridge	NSW	-34.4019	150.394
2575	Alpine	NSW	-34.4093	150.5296
2575	Mandemar	NSW	-34.4332	150.3026
2575	Barrallier	NSW	-34.3167	150.0667
2575	Braemar	NSW	-34.4274	150.484
2575	Bullio	NSW	-34.34	150.1723
2575	Welby	NSW	-34.4393	150.4306
2575	Renwick	NSW	-34.4484	150.4701
2576	Kangaloon	NSW	-34.546	150.544
2576	East Kangaloon	NSW	-34.5667	150.5833
2576	Glenquarry	NSW	-34.5263	150.4846
2576	Burradoo	NSW	-34.5032	150.409
2576	East Bowral	NSW	-34.5239	150.4883
2576	Bong Bong	NSW	-34.5239	150.4883
2576	Bowral	NSW	-34.4775	150.4204
2578	Bundanoon	NSW	-34.6566	150.2962
2580	Bungonia	NSW	-34.8485	149.9512
2580	Quialigo	NSW	-34.9281	149.7431
2580	Myrtleville	NSW	-34.4818	149.8179
2580	Richlands	NSW	-34.3167	149.8167
2580	Woodhouselee	NSW	-34.5731	149.6382
2580	Mcalister	NSW	-34.45	149.5833
2580	Run-O-Waters	NSW	-34.7665	149.6702
2580	Stonequarry	NSW	-34.3821	149.7671
2580	Six Mile Flat	NSW	-34.6821	149.7157
2580	Wowagin	NSW	-34.4167	149.7167
2580	Carrick	NSW	-34.7	149.8833
2580	Roslyn	NSW	-34.494	149.6274
2580	Tarago	NSW	-35.0978	149.526
2580	Wayo	NSW	-34.6154	149.6251
2580	Lake Bathurst	NSW	-35.0167	149.65
2580	Wiaborough	NSW	-34.6821	149.7157
2580	Spring Valley	NSW	-34.6821	149.7157
2580	Tarlo	NSW	-34.6	149.8
2580	Pomeroy	NSW	-34.6568	149.5012
2580	Yarra	NSW	-34.7833	149.6333
2580	Mount Fairy	NSW	-35.1833	149.6
2580	Goulburn North	NSW	-34.6821	149.7157
2580	Windellama	NSW	-35.022	149.8728
2580	Boxers Creek	NSW	-34.7501	149.8372
2580	Bannister	NSW	-34.5985	149.4929
2580	Towrang	NSW	-34.7	149.85
2580	Parkesbourne	NSW	-34.6821	149.7157
2580	Baw Baw	NSW	-34.75	149.6667
2580	Leighwood	NSW	-34.6821	149.7157
2580	Tirrannaville	NSW	-34.8167	149.6833
2580	Goulburn Dc	NSW	-34.6821	149.7157
2580	Middle Arm	NSW	-34.618	149.7248
2580	Lower Boro	NSW	-35.1667	149.7667
2580	Komungla	NSW	-34.85	149.65
2580	Brisbane Grove	NSW	-34.7987	149.7241
2580	Yalbraith	NSW	-34.3	149.75
2580	Paling Yards	NSW	-34.6821	149.7157
2580	Mount Rae	NSW	-34.6821	149.7157
2580	Currawang	NSW	-34.9833	149.5167
2580	Chatsbury	NSW	-34.5485	149.8179
2580	Bannaby	NSW	-34.45	149.9833
2580	Jerrong	NSW	-34.1711	149.8619
2580	Kingsdale	NSW	-34.6987	149.7005
2580	Mummel	NSW	-34.66	149.5449
2580	Wombeyan Caves	NSW	-34.3096	149.9954
2580	Mayfield	NSW	-36.1304	148.9225
2580	Gundary	NSW	-34.8318	149.7512
2580	Greenwich Park	NSW	-34.5818	149.9346
2580	Wiarborough	NSW	-34.2439	149.8833
2580	Curraweela	NSW	-34.2675	149.7994
2580	Golspie	NSW	-34.2985	149.6679
2580	Taralga	NSW	-34.404	149.8196
2580	Goulburn	NSW	-34.7515	149.7209
2568	Menangle	NSW	-34.1268	150.7387
2569	Douglas Park	NSW	-34.185	150.7145
2570	Camden Park	NSW	-34.1593	150.5565
2570	Glenmore	NSW	-36.3296	148.8673
2570	Orangeville	NSW	-34.0311	150.6018
2570	Mount Hunter	NSW	-34.0717	150.6378
2570	Cawdor	NSW	-34.1	150.6667
2570	Camden	NSW	-34.054	150.6962
2570	Ellis Lane	NSW	-34.0329	150.6782
2570	Elderslie	NSW	-34.0552	150.7137
2570	Belimbla Park	NSW	-34.0841	150.5398
2570	Werombi	NSW	-33.9833	150.5833
2570	Brownlow Hill	NSW	-34.0333	150.6667
2570	Camden South	NSW	-34.0831	150.6949
2570	Lefevres Corner	NSW	-34.1593	150.5565
2570	Theresa Park	NSW	-34.0068	150.6346
2570	Burragorang Valley	NSW	-34.1593	150.5565
2570	The Oaks	NSW	-34.0799	150.57
2570	Kirkham	NSW	-34.0388	150.7111
2570	Bickley Vale	NSW	-34.0733	150.6644
2570	Oakdale	NSW	-34.0793	150.5132
2570	Cobbitty	NSW	-34.0159	150.6785
2570	Nattai	NSW	-34.065	150.451
2570	Grasmere	NSW	-34.0539	150.666
2570	Spring Farm	NSW	-34.0685	150.7118
2570	Oran Park	NSW	-34.0056	150.7403
2572	Thirlmere	NSW	-34.2046	150.5677
2572	Lakesland	NSW	-34.1652	150.5346
2573	Tahmoor	NSW	-34.2225	150.5947
2745	Mulgoa	NSW	-33.838	150.6496
2745	Wallacia	NSW	-33.8658	150.6402
2745	Regentville	NSW	-33.7752	150.6655
2745	Glenmore Park	NSW	-33.7907	150.6693
2745	Luddenham	NSW	-33.8785	150.6886
2745	Greendale	NSW	-33.9274	150.663
2500	North Wollongong	NSW	-34.4057	150.8976
2500	Coniston	NSW	-34.45	150.8833
2500	West Wollongong	NSW	-34.4248	150.8642
2500	Mangerton	NSW	-34.4367	150.8717
2500	Keiraville	NSW	-34.4167	150.8667
2500	Wollongong	NSW	-34.424	150.8934
2500	Wollongong West	NSW	-34.4248	150.8642
2500	Mount Saint Thomas	NSW	-34.4433	150.8722
2500	Gwynneville	NSW	-34.4167	150.8875
2500	Wollongong North	NSW	-34.4057	150.8976
2500	Spring Hill	NSW	-33.3988	149.1525
2500	Mount Keira	NSW	-34.3968	150.8527
2500	Wollongong Dc	NSW	-34.337	150.7336
2502	Lake Heights	NSW	-34.4843	150.8665
2502	Cringila	NSW	-34.4713	150.8676
2502	Warrawong	NSW	-34.485	150.8883
2502	Primbee	NSW	-34.5036	150.8795
2505	Kemblawarra	NSW	-34.4944	150.89
2505	Port Kembla	NSW	-34.4818	150.9012
2506	Berkeley	NSW	-34.4833	150.85
2515	Clifton	NSW	-34.261	150.9695
2515	Coledale	NSW	-34.291	150.9447
2515	Wombarra	NSW	-34.2833	150.95
2515	Scarborough	NSW	-34.2624	150.9624
2515	Thirroul	NSW	-34.316	150.9214
2515	Austinmer	NSW	-34.3052	150.9334
2516	Bulli Tops	NSW	-34.3383	150.9135
2516	Bulli	NSW	-34.3383	150.9135
2517	Woonona	NSW	-34.3493	150.9144
2517	Russell Vale	NSW	-34.3554	150.8943
2517	Woonona East	NSW	-34.3524	150.9044
2518	East Corrimal	NSW	-34.3761	150.9108
2518	Bellambi	NSW	-34.3667	150.9167
2518	Towradgi	NSW	-34.3867	150.9028
2518	Tarrawanna	NSW	-34.3815	150.888
2518	Corrimal East	NSW	-34.3761	150.9108
2518	Corrimal	NSW	-34.3786	150.9036
2519	Reidtown	NSW	-34.3887	150.8938
2519	Mount Ousley	NSW	-34.4021	150.8879
2519	Balgownie	NSW	-34.3951	150.8805
2519	Fernhill	NSW	-34.3829	150.8857
2519	Fairy Meadow	NSW	-34.393	150.8928
2519	Mount Pleasant	NSW	-34.3953	150.8666
2520	Wollongong	NSW	-34.424	150.8934
2522	University Of Wollongong	NSW	-34.5321	150.8196
2525	Figtree	NSW	-34.4356	150.8583
2526	Stream Hill	NSW	-34.4455	150.823
2526	Unanderra Dc	NSW	-34.4455	150.823
2526	Kembla Grange	NSW	-34.4702	150.7968
2526	Kembla Heights	NSW	-34.4305	150.8069
2526	Unanderra	NSW	-34.4531	150.8475
2526	Cordeaux Heights	NSW	-34.4404	150.8375
2526	Mount Kembla	NSW	-34.4288	150.8216
2526	Farmborough Heights	NSW	-34.455	150.8131
2526	Cordeaux	NSW	-34.4404	150.8375
2528	Warilla	NSW	-34.5519	150.8583
2528	Lake Illawarra	NSW	-34.5466	150.8564
2528	Barrack Point	NSW	-34.5626	150.8709
2528	Windang	NSW	-34.5333	150.8667
2528	Mount Warrigal	NSW	-34.548	150.8375
2528	Barrack Heights	NSW	-34.5646	150.8569
2530	Horsley	NSW	-34.4876	150.778
2530	Marshall Mount	NSW	-34.55	150.75
2530	Huntley	NSW	-34.4976	150.7421
2530	Cleveland	NSW	-34.5017	150.7709
2530	Yallah	NSW	-34.5369	150.7852
2530	Haywards Bay	NSW	-34.543	150.793
2530	Dapto	NSW	-34.5039	150.7942
2530	Avondale	NSW	-34.5175	150.7501
2530	Brownsville	NSW	-34.4828	150.8111
2530	Koonawarra	NSW	-34.5021	150.8085
2530	Dombarton	NSW	-34.4586	150.7718
2530	Wongawilli	NSW	-34.4775	150.7568
2530	Kanahooka	NSW	-34.4916	150.8082
2560	Leumeah	NSW	-34.05	150.8333
2560	Kentlyn	NSW	-34.0604	150.8654
2560	Englorie Park	NSW	-34.0804	150.7961
2560	Ambarvale	NSW	-34.0894	150.7966
2560	Campbelltown	NSW	-34.0667	150.8167
2560	Glen Alpine	NSW	-34.086	150.7851
2560	Gilead	NSW	-34.1057	150.764
2560	Bradbury	NSW	-34.0854	150.8154
2560	Woodbine	NSW	-34.0459	150.8215
2560	Airds	NSW	-34.086	150.8332
2560	Ruse	NSW	-34.0698	150.8417
2560	Macarthur Square	NSW	-34.0896	150.8113
2560	St Helens Park	NSW	-34.1047	150.8137
2560	Rosemeadow	NSW	-34.1041	150.7928
2560	Appin	NSW	-34.2035	150.7864
2560	Wedderburn	NSW	-34.1333	150.8167
2560	Blair Athol	NSW	-34.0621	150.8014
2560	Campbelltown North	NSW	-34.0896	150.8113
2560	Cataract	NSW	-34.0896	150.8113
2574	Pheasants Nest	NSW	-34.2558	150.634
2574	Bargo	NSW	-34.293	150.5781
2574	Avon	NSW	-34.4271	150.7012
2574	Yanderra	NSW	-34.3196	150.5753
1350	Woollahra	NSW	-33.8878	151.2368
1360	Double Bay	NSW	-33.8778	151.2435
2023	Bellevue Hill	NSW	-33.879	151.251
2025	Woollahra	NSW	-33.8878	151.2368
2027	Point Piper	NSW	-33.8667	151.25
2027	Hmas Rushcutters	NSW	-33.8723	151.2419
2027	Darling Point	NSW	-33.8706	151.2389
2027	Edgecliff	NSW	-33.8795	151.2368
2028	Double Bay	NSW	-33.8778	151.2435
2584	Illalong Creek	NSW	-34.6717	148.6348
2584	Binalong	NSW	-34.6717	148.6348
2648	Mourquong	NSW	-34.1368	142.1592
2648	Cal Lal	NSW	-34.0452	141.0884
2648	Pomona	NSW	-34.023	141.8896
2648	Anabranch South	NSW	-33.7501	141.7274
2648	Para	NSW	-33.9716	141.8629
2648	Palinyewah	NSW	-33.9716	141.8629
2648	Ellerslie	NSW	-33.9716	141.8629
2648	Pan Ban	NSW	-33.9716	141.8629
2648	Anabranch North	NSW	-33.9716	141.8629
2648	Wentworth	NSW	-34.1073	141.9131
2648	Pine Camp	NSW	-33.9716	141.8629
2648	Moorara	NSW	-33.9716	141.8629
2648	Curlwaa	NSW	-34.1077	141.9669
2648	Pooncarie	NSW	-33.3853	142.5699
2648	Boeill Creek	NSW	-34.1432	142.1201
2648	Scotia	NSW	-33.9716	141.8629
2648	Rufus River	NSW	-33.9716	141.8629
2648	Rufus	NSW	-34.0457	141.3312
2836	Wilcannia	NSW	-31.5588	143.3769
2836	Gemville	NSW	-31.2054	143.2327
2836	White Cliffs	NSW	-30.8521	143.0886
2879	Copi Hollow	NSW	-32.329	142.3597
2879	Sunset Strip	NSW	-32.2652	142.3012
2879	Menindee	NSW	-32.3929	142.4182
2880	Broughams Gate	NSW	-30.8876	141.2535
2880	Milparinka	NSW	-29.7345	141.8849
2880	Stephens Creek	NSW	-31.8333	141.5102
2880	Burns	NSW	-32.0811	140.9996
2880	South Broken Hill	NSW	-31.9652	141.4512
2880	Broken Hill North	NSW	-31.268	141.6404
2880	Mutawintji	NSW	-31.1201	142.3886
2880	Cameron Corner	NSW	-31.268	141.6404
2880	Tibooburra	NSW	-29.4339	142.0102
2880	Broken Hill West	NSW	-31.268	141.6404
2880	Mount Gipps	NSW	-31.268	141.6404
2880	Broken Hill	NSW	-31.9652	141.4512
2880	Little Topar	NSW	-31.7755	142.2318
2880	Kinalung	NSW	-31.268	141.6404
2880	Fowlers Gap	NSW	-31.268	141.6404
2880	Packsaddle	NSW	-31.268	141.6404
2880	Silverton	NSW	-31.884	141.2233
2880	Euriowie	NSW	-31.268	141.6404
2898	Lord Howe Island	NSW	-32.3918	148.3941
3707	Bringenbrong	NSW	-36.1301	148.072
3500	Paringi	NSW	-34.3252	142.3505
3586	Mallan	NSW	-35.1252	143.6917
2406	Weemelah	NSW	-29.0185	149.2548
2618	Springrange	NSW	-35.076	149.0889
2618	Wallaroo	NSW	-35.1468	149.0128
2540	Hyams Beach	NSW	-35.1014	150.6924
2540	Worrowing Heights	NSW	-35.077	150.6406
2540	Burrier	NSW	-34.8755	150.4376
2540	Meroo Meadow	NSW	-34.8153	150.6084
2540	Numbaa	NSW	-34.8833	150.6833
2540	Comerong Island	NSW	-34.8654	150.7365
2540	Kinghorne	NSW	-34.9896	150.7837
2540	Callala Bay	NSW	-34.9967	150.7228
2540	Wandandian	NSW	-35.1	150.5
2540	Tomerong	NSW	-35.0523	150.5865
2540	Swanhaven	NSW	-35.1801	150.5727
2540	Myola	NSW	-35.0231	150.6758
2540	Comberton	NSW	-34.95	150.6052
2540	Jerrawangala	NSW	-35.1167	150.4833
2540	Parma	NSW	-34.9709	150.5408
2540	Yerriyong	NSW	-34.9874	150.4808
2540	Mayfield	NSW	-36.1304	148.9225
2540	Culburra Beach	NSW	-34.9279	150.7577
2540	Watersleigh	NSW	-34.8569	150.5206
2540	Callala Beach	NSW	-35.0056	150.6958
2540	Old Erowal Bay	NSW	-35.0846	150.6457
2540	Huskisson	NSW	-35.0401	150.668
2540	Hmas Albatross	NSW	-35.0036	150.586
2540	Mondayong	NSW	-35.0036	150.586
2540	Boolijah	NSW	-35.0036	150.586
2540	Illaroo	NSW	-34.8475	150.4864
2540	Bolong	NSW	-34.85	150.6667
2540	Basin View	NSW	-35.0883	150.5553
2540	Wrights Beach	NSW	-35.1157	150.6629
2540	Tullarwalla	NSW	-35.0036	150.586
2540	Tapitallee	NSW	-34.8298	150.5397
2540	Terara	NSW	-34.8696	150.6282
2540	Twelve Mile Peg	NSW	-35.0036	150.586
2540	Mundamia	NSW	-34.8766	150.5641
2540	Longreach	NSW	-35.0036	150.586
2540	Bewong	NSW	-35.0866	150.532
2540	St Georges Basin	NSW	-35.0036	150.586
2540	Cambewarra Village	NSW	-34.8233	150.5594
2540	Yalwal	NSW	-34.9333	150.4
2540	Erowal Bay	NSW	-35.0999	150.6505
2540	Sanctuary Point	NSW	-35.1036	150.6267
2540	Woollamia	NSW	-35.0167	150.65
2540	Worrigee	NSW	-34.9	150.6333
2540	Sussex Inlet	NSW	-35.1567	150.5853
2540	Nowra Naval Po	NSW	-35.0036	150.586
2540	Badagarang	NSW	-35.0036	150.586
2540	Brundee	NSW	-34.8924	150.6577
2540	Cudmirrah	NSW	-35.198	150.5562
2540	Orient Point	NSW	-34.9091	150.7497
2540	Bamarang	NSW	-34.8965	150.5232
2540	Tallowal	NSW	-35.0036	150.586
2540	Pyree	NSW	-34.9167	150.7
2540	Cambewarra	NSW	-34.8233	150.5594
2540	Barringella	NSW	-34.8986	150.4957
2540	Ettrema	NSW	-35.0036	150.586
2540	Berrara	NSW	-35.205	150.5525
2540	Moollattoo	NSW	-35.0036	150.586
2540	Beecroft Peninsula	NSW	-35.0431	150.8071
2540	Vincentia	NSW	-35.0682	150.6748
2540	Nowra Hill	NSW	-34.9284	150.5724
2540	Falls Creek	NSW	-34.9667	150.6
2540	Greenwell Point	NSW	-34.9075	150.7311
2540	Wollumboola	NSW	-34.9884	150.7436
2540	Browns Mountain	NSW	-34.7994	150.5342
2540	Bream Beach	NSW	-35.1106	150.6603
2540	Currarong	NSW	-35.0151	150.8269
2540	Buangla	NSW	-35.0036	150.586
2899	Norfolk Island	NSW	-32.3918	148.3941
0803	Wagait Beach	NT	-12.4348	130.7443
0852	Gulung Mardrulk	NT	-15.6762	132.6864
0852	Top Springs	NT	-16.5438	131.7977
0852	Dunmarra	NT	-16.6799	133.4122
0852	Venn	NT	-14.5928	132.4838
0852	Warumungu	NT	-15.6762	132.6864
0852	Pellew Islands	NT	-15.6762	132.6864
0852	Ngukurr	NT	-14.7308	134.731
0852	Kalkarindji	NT	-17.4476	130.8344
0852	Mataranka	NT	-14.9213	133.065
0852	Nutwood Downs	NT	-15.6762	132.6864
0852	Bradshaw	NT	-15.6762	132.6864
0852	Sturt Plateau	NT	-15.6762	132.6864
0852	Katherine	NT	-14.4652	132.2635
0852	Jilkminggan	NT	-14.9615	133.2928
0852	Timber Creek	NT	-15.6625	130.4804
0852	Mcarthur	NT	-16.45	136.1167
0852	Birdum	NT	-16.2357	133.1512
0852	Manbulloo	NT	-15.6762	132.6864
0852	Numbulwar	NT	-14.2761	135.7372
0852	Binjari	NT	-14.5501	132.1842
0852	Uralla	NT	-14.4911	132.2983
0852	Wilton	NT	-15.6762	132.6864
0852	Florina	NT	-14.5775	132.0263
0852	Miniyerri	NT	-15.6762	132.6864
0852	Beswick	NT	-14.558	133.1151
0852	Gurindji	NT	-15.6762	132.6864
0852	Larrimah	NT	-15.577	133.2152
0852	Gregory	NT	-15.6762	132.6864
0852	Elsey	NT	-15.6762	132.6864
0852	Victoria River	NT	-15.6762	132.6864
0852	Victoria River Downs	NT	-15.6762	132.6864
0852	Beswick Creek	NT	-15.6762	132.6864
0852	Edith River	NT	-15.6762	132.6864
0852	Elsey Station	NT	-15.6762	132.6864
0852	Edith	NT	-15.6762	132.6864
0852	Buchanan	NT	-15.6762	132.6864
0852	Tanami East	NT	-15.6762	132.6864
0852	Helen Springs Station	NT	-15.6762	132.6864
0852	Robinson River	NT	-15.6762	132.6864
0852	Kalkaringi	NT	-15.6762	132.6864
0852	Flying Fox	NT	-15.6762	132.6864
0852	Arnold	NT	-15.6762	132.6864
0852	Bulman Weemol	NT	-15.6762	132.6864
0852	Yarralin	NT	-16.4526	130.8419
0852	Miniyeri	NT	-15.2255	134.0798
0852	Delamere	NT	-15.75	131.55
0852	Wave Hill	NT	-17.4476	130.8344
0852	Pigeon Hole	NT	-15.6762	132.6864
0852	Daly Waters	NT	-16.2533	133.3693
0852	Daguragu	NT	-17.4193	130.8021
0852	Creswell	NT	-17.95	135.9167
0852	Maranboy	NT	-14.5333	132.7833
0852	Barunga	NT	-14.5196	132.8644
0852	Nitmiluk	NT	-14.1699	132.4058
0852	Limmen	NT	-15.5241	134.8004
0852	Lajamanu	NT	-18.3358	130.6383
0852	Baines	NT	-15.9828	129.4996
4825	Ranken	NT	-20.7507	139.5291
0872	Yuelamu	NT	-22.2617	132.1994
0872	Namatjira	NT	-22.2019	133.143
0872	Thangkenharenge	NT	-22.2019	133.143
0872	Ininti Store	NT	-22.2019	133.143
0872	Yuendumu	NT	-22.2558	131.7929
0872	Uluru	NT	-22.2019	133.143
0872	Hugh	NT	-22.2019	133.143
0872	Jay Creek	NT	-22.2019	133.143
0872	Simpson	NT	-22.2019	133.143
0872	Mount Liebig	NT	-23.2664	131.2732
0872	Papunya	NT	-23.2045	131.9122
0872	Nyirripi	NT	-22.6492	130.5639
0872	Willowra	NT	-21.2632	132.6191
0872	Finke	NT	-22.2019	133.143
0872	Tara	NT	-21.4833	133.9992
0872	Anangu Pitjantjatjara Yankunytjatjara	NT	-22.2019	133.143
0872	Kings Creek Station	NT	-22.2019	133.143
0872	Wutunugurra	NT	-20.4623	135.2505
0872	Murputja Homelands	NT	-22.2019	133.143
0872	Docker River	NT	-22.2019	133.143
0872	Imampa	NT	-22.2019	133.143
0872	Ayers Rock	NT	-22.2019	133.143
0872	Santa Teresa	NT	-22.2019	133.143
0872	Wilora	NT	-21.7443	133.7265
0872	Chilla Well	NT	-22.2019	133.143
0872	Amoonguna	NT	-22.2019	133.143
0872	Kunparrka	NT	-23.3611	131.6665
0872	Kaltukatjara	NT	-22.2019	133.143
0872	Alice Springs	NT	-22.2019	133.143
0872	Napperby Station	NT	-22.2019	133.143
0872	Telegraph Station	NT	-22.2019	133.143
0872	Anatye	NT	-22.2019	133.143
0872	Ti Tree	NT	-22.1338	133.4139
0872	Pitjantjatjara Homelands	NT	-22.2019	133.143
0872	Macdonnell Range	NT	-22.2019	133.143
0872	Mount Zeil	NT	-22.2019	133.143
0872	Davenport	NT	-22.2019	133.143
0872	Mereenie	NT	-22.2019	133.143
0872	Hale	NT	-22.2019	133.143
0872	Umpangara	NT	-22.2019	133.143
0872	Hart	NT	-22.2019	133.143
0872	Aherrenge	NT	-22.2019	133.143
0872	Ali Curung	NT	-21.0199	134.3249
0872	Antewenegerrde	NT	-22.2019	133.143
0872	Urapuntja	NT	-22.2019	133.143
0872	Erldunda	NT	-22.2019	133.143
0872	Anmatjere	NT	-22.2503	133.4152
0872	Hart Range	NT	-22.2019	133.143
0872	Wallace Rockhole	NT	-22.2019	133.143
0872	Mulga Bore	NT	-22.2019	133.143
0872	Canteen Creek	NT	-20.6403	135.5865
0872	Ghan	NT	-22.2019	133.143
0872	Laramba	NT	-22.2019	133.143
0872	Kulgera	NT	-22.2019	133.143
0872	Haasts Bluff	NT	-23.4525	131.8623
0872	Wanarn	NT	-22.2019	133.143
0872	Amata	NT	-22.2019	133.143
0872	Engawala	NT	-22.2019	133.143
0872	Sandover	NT	-21.9596	135.5128
0872	Barrow Creek	NT	-21.55	133.8833
0872	Yulara	NT	-22.2019	133.143
0872	Kintore	NT	-23.2754	129.3895
0872	Petermann	NT	-22.2019	133.143
0872	Lake Mackay	NT	-22.2019	133.143
0872	Burt Plain	NT	-23.3672	133.4503
0872	Areyonga	NT	-22.2019	133.143
0872	Mutitjulu	NT	-22.2019	133.143
0872	Costello	NT	-22.2019	133.143
0872	Titjikala	NT	-22.2019	133.143
0872	Imanpa	NT	-22.2019	133.143
0872	Tanami	NT	-22.2019	133.143
0872	Atitjere	NT	-22.9827	134.9342
0872	Ampilatwatja	NT	-21.657	135.2259
0872	Hermannsburg	NT	-22.2019	133.143
0870	Braitling	NT	-22.2676	133.1758
0870	Araluen	NT	-22.2676	133.1758
0870	Desert Springs	NT	-22.2676	133.1758
0870	Sadadeen	NT	-22.2676	133.1758
0870	East Side	NT	-22.2676	133.1758
0870	The Gap	NT	-22.2676	133.1758
0870	Ciccone	NT	-22.2676	133.1758
0870	Gillen	NT	-22.2676	133.1758
0870	Stuart	NT	-22.2676	133.1758
0870	Alice Springs	NT	-22.2676	133.1758
0870	White Gums	NT	-22.2676	133.1758
0871	Alice Springs	NT	-22.2676	133.1758
0874	Undoolya	NT	-23.6469	133.8648
0874	Irlpme	NT	-23.6469	133.8648
0874	Mount Johns	NT	-23.6469	133.8648
0875	Larapinta	NT	-22.2676	133.1758
0875	Flynn	NT	-22.2676	133.1758
0860	Tennant Creek	NT	-18.2216	134.2542
0861	Tennant Creek	NT	-18.2216	134.2542
0861	Brunchilly	NT	-18.2216	134.2542
0845	Batchelor	NT	-13.0505	131.0307
0846	Adelaide River	NT	-13.2379	131.1056
0801	Darwin	NT	-12.4611	130.8418
0804	Parap	NT	-12.4305	130.8414
0810	Nightcliff	NT	-12.383	130.8517
0810	Brinkin	NT	-12.3706	130.868
0810	Nakara	NT	-12.3705	130.8773
0810	Lyons	NT	-12.3591	130.8885
0810	Millner	NT	-12.3919	130.8625
0810	Rapid Creek	NT	-12.3804	130.8592
0810	Jingili	NT	-12.3889	130.8728
0810	Coconut Grove	NT	-12.396	130.8519
0810	Moil	NT	-12.3885	130.8809
0810	Casuarina	NT	-12.374	130.8822
0810	Lee Point	NT	-12.3415	130.8895
0810	Wagaman	NT	-12.3807	130.8854
0810	Muirhead	NT	-12.3586	130.8935
0810	Wanguri	NT	-12.3713	130.8881
0810	Tiwi	NT	-12.3588	130.878
0810	Alawa	NT	-12.3795	130.8732
0811	Casuarina	NT	-12.374	130.8822
0812	Woodleigh Gardens	NT	-12.382	130.9006
0812	Anula	NT	-12.3912	130.8905
0812	Malak	NT	-12.3929	130.904
0812	Holmes	NT	-12.382	130.9006
0812	Northlakes	NT	-12.382	130.9006
0812	Leanyer	NT	-12.3667	130.9
0812	Sanderson	NT	-12.382	130.9006
0812	Buffalo Creek	NT	-12.3368	130.9054
0812	Karama	NT	-12.4022	130.916
0812	Wulagi	NT	-12.3834	130.8954
0812	Marrara	NT	-12.4004	130.8929
0813	Karama	NT	-12.4022	130.916
0813	Sanderson	NT	-12.4022	130.916
0814	Nightcliff	NT	-12.383	130.8517
0815	Charles Darwin University	NT	-12.3779	130.883
0909	University	NT	-12.4292	130.8859
0909	Charles Darwin University	NT	-12.4292	130.8859
0800	Darwin City	NT	-12.4618	130.8437
0800	Darwin	NT	-12.4611	130.8418
0821	Winnellie	NT	-12.4292	130.8859
0880	Gunyangara	NT	-12.2165	136.7054
0880	Gove	NT	-12.1816	136.7784
0880	Yirrkala	NT	-12.2549	136.8899
0880	Gapuwiyak	NT	-12.5031	135.8105
0880	Nhulunbuy	NT	-12.1816	136.7784
0881	Nhulunbuy	NT	-12.1816	136.7784
0885	Alyangula	NT	-13.8541	136.4213
0906	Winnellie	NT	-12.4292	130.8859
0907	Winnellie	NT	-12.4292	130.8859
0851	Katherine	NT	-14.4652	132.2635
0853	Tindal Raaf	NT	-14.5312	132.3793
0853	Tindal	NT	-14.5312	132.3793
0830	Durack	NT	-12.4731	130.9721
0830	Shoal Bay	NT	-12.4905	130.9788
0830	Archer	NT	-12.5144	130.9688
0830	Moulden	NT	-12.5056	130.9731
0830	Gray	NT	-12.4904	130.9823
0830	Driver	NT	-12.486	130.9754
0830	Farrar	NT	-12.4803	130.9982
0830	Palmerston	NT	-12.486	130.9833
0830	Woodroffe	NT	-12.5017	130.9802
0830	Marlow Lagoon	NT	-12.4913	130.9641
0830	Yarrawonga	NT	-12.4763	130.9908
0834	Virginia	NT	-12.519	131.0284
0835	Howard Springs	NT	-12.4958	131.0445
0835	Virginia	NT	-12.519	131.0284
0835	Coolalinga	NT	-12.5231	131.0415
0836	Girraween	NT	-12.5253	131.0957
0836	Herbert	NT	-12.5341	131.162
0836	Humpty Doo	NT	-12.575	131.103
0837	Manton	NT	-12.813	131.19
0837	Noonamah	NT	-12.6312	131.0799
0838	Berry Springs	NT	-12.7004	131.0145
0839	Coolalinga	NT	-12.5231	131.0415
0841	Darwin River	NT	-12.8193	130.9697
0873	Heavitree Gap Cpa	NT	-22.2676	133.1758
0873	Arumbera	NT	-22.2676	133.1758
0873	Kilgariff	NT	-22.2676	133.1758
0873	Ross	NT	-22.2676	133.1758
0873	Connellan	NT	-22.2676	133.1758
0873	Ilparpa	NT	-22.2676	133.1758
0873	Amoonguna	NT	-22.2676	133.1758
0822	West Arnhem	NT	-12.2352	134.0603
0822	Nguiu	NT	-11.7604	130.636
0822	Wickham	NT	-12.5539	130.9223
0822	Pularumpi	NT	-11.4049	130.4156
0822	Mandorah	NT	-12.4444	130.7589
0822	Nauiyu	NT	-13.7425	130.6956
0822	Peppimenarti	NT	-14.1555	130.0815
0822	Tortilla Flats	NT	-13.0856	131.1241
0822	Coomalie Creek	NT	-13.0615	131.1066
0822	East Arm	NT	-12.477	130.9152
0822	Mcminns Lagoon	NT	-12.5477	131.0762
0822	Cox Peninsula	NT	-12.4268	130.6408
0822	Milyakburra	NT	-13.7794	136.2019
0822	Point Stephens	NT	-12.7282	131.665
0822	Blackmore	NT	-12.7593	130.9382
0822	Acacia Hills	NT	-12.7941	131.1254
0822	Mount Bundey	NT	-13.0505	131.7355
0822	Oenpelli	NT	-12.3237	133.0576
0822	Tivendale	NT	-12.4659	130.944
0822	Winnellie	NT	-12.4292	130.8859
0822	Douglas-Daly	NT	-13.7998	131.3516
0822	Murrumujuk	NT	-12.2609	131.0717
0822	Nemarluk	NT	-14.2768	130.3759
0822	Milikapiti	NT	-11.4255	130.6748
0822	Anindilyakwa	NT	-13.9169	136.5909
0822	Hughes	NT	-12.7007	131.0981
0822	Belyuen	NT	-12.5381	130.6982
0822	Thamarrurr	NT	-14.2032	129.7052
0822	Numbulwar	NT	-14.2761	135.7372
0822	Livingstone	NT	-12.6814	131.0741
0822	Maningrida	NT	-12.0674	134.0866
0822	Lloyd Creek	NT	-12.6767	131.1338
0822	Southport	NT	-12.7218	130.9514
0822	Middle Point	NT	-12.5752	131.3169
0822	Warruwi	NT	-11.6577	133.3782
0822	Wurrumiyanga	NT	-11.7608	130.6256
0822	Pirlangimpi	NT	-11.403	130.429
0822	Ramingining	NT	-12.7282	131.665
0822	Charles Darwin	NT	-12.4338	130.8737
0822	Millwood	NT	-12.7282	131.665
0822	Minjilang	NT	-11.1584	132.5453
0822	Freds Pass	NT	-12.5394	131.0569
0822	Black Jungle	NT	-12.5233	131.2071
0822	Bynoe Harbour	NT	-12.7282	131.665
0822	East Arnhem	NT	-12.7282	131.665
0822	Mapuru	NT	-12.7282	131.665
0822	Tiwi Islands	NT	-11.5602	130.8174
0822	Fleming	NT	-12.7282	131.665
0822	Mickett Creek	NT	-12.7282	131.665
0822	Pulumpa	NT	-12.7282	131.665
0822	Nganmarriyanga	NT	-14.335	129.8835
0822	Wishart	NT	-12.7282	131.665
0822	Hidden Valley	NT	-12.4424	130.9094
0822	Bees Creek	NT	-12.5795	131.0593
0822	Gunn Point	NT	-12.7282	131.665
0822	Daly River	NT	-13.7654	130.7123
0822	Collett Creek	NT	-12.9002	130.9155
0822	Umbakumba	NT	-12.7282	131.665
0822	Glyde Point	NT	-12.7282	131.665
0822	Camp Creek	NT	-12.7282	131.665
0822	Wak Wak	NT	-12.7282	131.665
0822	Hayes Creek	NT	-12.7282	131.665
0822	Elrundie	NT	-12.4789	130.9599
0822	Tipperary	NT	-12.7282	131.665
0822	Kakadu	NT	-12.8685	132.474
0822	Burrundie	NT	-12.7282	131.665
0822	Border Store	NT	-12.7282	131.665
0822	Fly Creek	NT	-12.776	131.0445
0822	Goulburn Island	NT	-11.65	133.3883
0822	Cobourg	NT	-11.3951	132.2683
0822	Bathurst Island	NT	-12.7282	131.665
0822	Sandpalms Roadhouse	NT	-12.7282	131.665
0822	Eva Valley	NT	-13.1212	131.0058
0822	Darwin Mc	NT	-12.7282	131.665
0822	Croker Island	NT	-12.7282	131.665
0822	Channel Island	NT	-12.5533	130.8685
0822	Maranunga	NT	-12.7282	131.665
0822	Marrakai	NT	-12.7505	131.4806
0822	Koolpinyah	NT	-12.7282	131.665
0822	Rum Jungle	NT	-12.7282	131.665
0822	Rakula	NT	-13.1243	130.6555
0822	Milingimbi	NT	-12.1019	134.919
0822	Wagait Beach	NT	-12.4348	130.7443
0822	Annie River	NT	-12.7282	131.665
0822	Litchfield Park	NT	-12.7282	131.665
0822	Daly	NT	-12.7282	131.665
0822	Hotham	NT	-12.7282	131.665
0822	Delissaville	NT	-12.7282	131.665
0822	Galiwinku	NT	-12.0281	135.5649
0822	Wadeye	NT	-14.2383	129.5218
0822	Numburindi	NT	-13.9293	135.704
0822	Lambells Lagoon	NT	-12.5845	131.2503
0822	Lake Bennett	NT	-12.9601	131.168
0822	Woolaning	NT	-12.7282	131.665
0822	Margaret River	NT	-12.7282	131.665
0822	Darwin River Dam	NT	-12.7282	131.665
0822	Charlotte	NT	-12.7282	131.665
0822	Gunbalanya	NT	-12.3247	133.0509
0822	Tumbling Waters	NT	-12.7685	130.95
0822	Micket Creek	NT	-12.7282	131.665
0822	Goulbourn Island	NT	-12.7282	131.665
0822	Weddell	NT	-12.7282	131.665
0822	Claravale	NT	-12.7282	131.665
0822	Finniss Valley	NT	-13.0225	130.9467
0822	Bynoe	NT	-12.802	130.6106
0822	Stapleton	NT	-12.7282	131.665
0822	Point Stuart	NT	-12.5778	131.7347
0822	Robin Falls	NT	-13.3073	131.1464
0822	Vernon Islands	NT	-12.7282	131.665
0822	Angurugu	NT	-13.9803	136.4614
0822	Virginia	NT	-12.519	131.0284
0828	Knuckey Lagoon	NT	-12.4266	130.9457
0828	Berrimah	NT	-12.4351	130.9261
0829	Holtze	NT	-12.4485	131.0056
0829	Pinelands	NT	-12.4576	130.9598
0831	Palmerston	NT	-12.486	130.9833
0832	Zuccoli	NT	-12.5073	131.0069
0832	Mitchell	NT	-12.5012	130.9961
0832	Rosebery	NT	-12.5105	130.9878
0832	Rosebery Heights	NT	-12.5012	130.9961
0832	Bellamack	NT	-12.5171	130.9836
0832	Gunn	NT	-12.4876	130.9932
0832	Bakewell	NT	-12.4968	130.9934
0832	Johnston	NT	-12.4876	131.0117
0850	Lansdowne	NT	-14.4314	132.3879
0850	Cossack	NT	-14.4555	132.1748
0850	Katherine	NT	-14.4652	132.2635
0850	Katherine East	NT	-14.466	132.2856
0850	Emungalan	NT	-14.4572	132.274
0850	Katherine South	NT	-14.4678	132.2585
0854	King Ash Bay	NT	-15.4478	132.6109
0854	Borroloola	NT	-15.4478	132.6109
0862	Pamayu	NT	-18.3056	133.8238
0862	Calvert	NT	-16.9206	137.2034
0862	Tennant Creek	NT	-19.6497	134.1915
0862	Warrego	NT	-19.4362	133.8208
0862	Muckaty Station	NT	-18.2216	134.2542
0862	Three Ways	NT	-18.2216	134.2542
0862	Avon Downs	NT	-18.2216	134.2542
0862	Wycliffe Well	NT	-18.2216	134.2542
0862	Nicholson	NT	-18.2216	134.2542
0862	Cresswell Downs	NT	-18.2216	134.2542
0862	Tablelands	NT	-18.2216	134.2542
0862	Phillip Creek Station	NT	-18.2216	134.2542
0862	Helen Springs	NT	-18.2216	134.2542
0862	Elliott	NT	-17.5507	133.5407
0862	Newcastle Waters	NT	-17.3697	133.4026
0862	Wollogorang Station	NT	-18.2216	134.2542
0862	Renner Springs	NT	-18.3184	133.7963
0847	Pine Creek	NT	-13.8208	131.8329
0886	Jabiru	NT	-12.6705	132.836
0820	Eaton	NT	-12.4124	130.8807
0820	Darwin International Airport	NT	-12.4309	130.8558
0820	The Gardens	NT	-12.4486	130.837
0820	Bagot	NT	-12.4153	130.8568
0820	East Point	NT	-12.4107	130.8225
0820	Stuart Park	NT	-12.4486	130.8425
0820	Fannie Bay	NT	-12.4227	130.8363
0820	Darwin Mc	NT	-12.4309	130.8558
0820	Parap	NT	-12.4305	130.8414
0820	Ludmilla	NT	-12.4203	130.8551
0820	Darwin Dc	NT	-12.4309	130.8558
0820	Cullen Bay	NT	-12.4309	130.8558
0820	Bayview	NT	-12.438	130.8571
0820	The Narrows	NT	-12.4264	130.8595
0820	Woolner	NT	-12.4378	130.8477
0820	Raaf Base Darwin	NT	-12.4309	130.8558
0820	Winnellie	NT	-12.4292	130.8859
0820	Larrakeyah	NT	-12.4553	130.8317
0820	Charles Darwin	NT	-12.4338	130.8737
0820	Coonawarra	NT	-12.4341	130.9098
0840	Dundee Downs	NT	-12.7617	130.4991
0840	Dundee Forest	NT	-12.8076	130.4481
0840	Dundee Beach	NT	-12.7847	130.4736
4007	Hamilton Central	QLD	-27.4229	153.0766
4007	Whinstanes	QLD	-27.4229	153.0766
4007	Doomben	QLD	-27.4264	153.0716
4007	Brisbane Airport	QLD	-27.3947	153.114
4007	Ascot	QLD	-27.4315	153.058
4007	Hamilton	QLD	-27.439	153.0629
4513	Wagtail Grove	QLD	-26.9621	152.8128
4513	Waraba	QLD	-26.9621	152.8128
4513	Corymbia	QLD	-26.9621	152.8128
4513	Lilywood	QLD	-26.9621	152.8128
4513	Greenstone	QLD	-26.9621	152.8128
4655	Ghost Hill	QLD	-25.3187	152.8297
4655	Bunya Creek	QLD	-25.3504	152.837
4655	Torquay	QLD	-25.285	152.8789
4655	Kingfisher Bay Resort	QLD	-25.3187	152.8297
4655	Toogoom	QLD	-25.2564	152.6902
4655	Pialba	QLD	-25.287	152.8437
4655	Great Sandy Strait	QLD	-25.3187	152.8297
4655	Booral	QLD	-25.3605	152.9081
4655	Hervey Bay Dc	QLD	-25.3187	152.8297
4655	Hervey Bay	QLD	-25.2876	152.7694
4655	Eli Waters	QLD	-25.2792	152.8091
4655	Dundowran	QLD	-25.295	152.774
4655	Sunshine Acres	QLD	-25.3581	152.7877
4655	Scarness	QLD	-25.2841	152.856
4655	Urangan	QLD	-25.2921	152.9053
4655	Urraween	QLD	-25.2952	152.8221
4655	Kingfisher Bay	QLD	-25.3914	153.0294
4655	Walligan	QLD	-25.3359	152.7618
4655	Wondunna	QLD	-25.3176	152.8591
4655	Happy Valley	QLD	-25.3376	153.2005
4655	Point Vernon	QLD	-25.2573	152.8173
4655	Dundowran Beach	QLD	-25.2693	152.7623
4655	River Heads	QLD	-25.4155	152.9131
4655	Walliebum	QLD	-25.406	152.683
4655	Takura	QLD	-25.318	152.6959
4655	Kawungan	QLD	-25.2988	152.846
4655	Susan River	QLD	-25.3888	152.7652
4655	Craignish	QLD	-25.2826	152.7243
4655	Nikenbah	QLD	-25.3194	152.8041
4670	Kepnock	QLD	-24.8761	152.3752
4670	Watalgan	QLD	-24.65	152.0333
4670	Elliott	QLD	-25.0063	152.2758
4670	Bargara	QLD	-24.8148	152.4626
4670	Fairymead	QLD	-24.7833	152.3667
4670	Calavos	QLD	-24.9364	152.4347
4670	Moore Park	QLD	-24.7165	152.2749
4670	Avenell Heights	QLD	-24.8896	152.3679
4670	Bundaberg East	QLD	-24.8586	152.38
4670	Welcome Creek	QLD	-24.7815	152.2825
4670	Windermere	QLD	-24.85	152.45
4670	South Bingera	QLD	-24.9673	152.223
4670	Walkervale	QLD	-24.8827	152.3589
4670	Meadowvale	QLD	-24.8161	152.2771
4670	Svensson Heights	QLD	-24.8857	152.3318
4670	Bundaberg Central	QLD	-24.8669	152.3509
4670	Avondale	QLD	-24.7383	152.1582
4670	Moore Park Beach	QLD	-24.7107	152.209
4670	Alloway	QLD	-24.9568	152.3598
4670	Pine Creek	QLD	-25.011	152.1697
4670	Burnett Heads	QLD	-24.7647	152.4127
4670	Santa Fe Heights	QLD	-24.8622	152.319
4670	Bundaberg West	QLD	-24.8727	152.3365
4670	Coonarr	QLD	-24.9699	152.4723
4670	Moorland	QLD	-24.7513	152.1886
4670	Avoca	QLD	-24.8782	152.3079
4670	Kensington	QLD	-24.9171	152.3182
4670	Kalkie	QLD	-24.8443	152.3853
4670	Coral Cove	QLD	-24.8831	152.4827
4670	Mon Repos	QLD	-24.8025	152.44
4670	Bundaberg Dc	QLD	-24.8622	152.319
4670	Rubyanna	QLD	-24.8158	152.3916
4670	Bundaberg South	QLD	-24.8728	152.3599
4670	Norville	QLD	-24.8931	152.3409
4670	Bundaberg	QLD	-24.8662	152.3479
4670	Burnett Downs	QLD	-24.8622	152.319
4670	Woongarra	QLD	-24.8987	152.4217
4670	Innes Park	QLD	-24.8683	152.4799
4670	South Kolan	QLD	-24.932	152.1679
4670	Winfield	QLD	-24.5535	152.0128
4670	Gooburrum	QLD	-24.8231	152.3315
4670	Sharon	QLD	-24.8759	152.2699
4670	Thabeban	QLD	-24.9	152.35
4670	Glenforest	QLD	-24.8622	152.319
4670	Millbank	QLD	-24.8754	152.3222
4670	Oakwood	QLD	-24.8667	152.3
4670	Ashfield	QLD	-24.8726	152.3954
4670	Mullett Creek	QLD	-24.8622	152.319
4670	Elliott Heads	QLD	-24.9162	152.4899
4670	Branyan	QLD	-24.9135	152.2725
4670	Bucca	QLD	-24.8667	152.1
4670	Electra	QLD	-24.9753	152.1163
4670	Bundaberg North	QLD	-24.8491	152.3464
4670	Abbotsford	QLD	-24.8622	152.319
4670	Kinkuna	QLD	-25.0303	152.3933
4670	Givelda	QLD	-24.9908	152.1516
4670	Qunaba	QLD	-24.8339	152.4213
4680	Beecher	QLD	-23.9	151.2
4680	Boynedale	QLD	-24.2144	151.245
4680	Glen Eden	QLD	-23.8974	151.2713
4680	Diglum	QLD	-24.2498	151.0831
4680	Tannum Sands	QLD	-23.9475	151.3675
4680	Callemondah	QLD	-23.8559	151.2275
4680	West Stowe	QLD	-23.9123	151.1302
4680	Gladstone Harbour	QLD	-23.7748	151.3265
4680	Barmundu	QLD	-24.1333	151.2
4680	New Auckland	QLD	-23.8836	151.2356
4680	Tablelands	QLD	-24.013	151.249
4680	Wurdong Heights	QLD	-23.9792	151.3011
4680	Burua	QLD	-23.95	151.2167
4680	Mount Alma	QLD	-24.0312	150.8779
4680	Boyne Island	QLD	-23.9483	151.3534
4680	Barney Point	QLD	-23.8479	151.2658
4680	West Gladstone	QLD	-23.8612	151.2453
4680	South End	QLD	-24.013	151.249
4680	O'Connell	QLD	-24.013	151.249
4680	Gladstone Bc	QLD	-24.013	151.249
4680	Curtis Island	QLD	-24.013	151.249
4680	Builyan	QLD	-24.525	151.3848
4680	Boyne Valley	QLD	-24.013	151.249
4680	Taragoola	QLD	-24.1003	151.2196
4680	Gladstone Dc	QLD	-24.013	151.249
4680	Gladstone South	QLD	-24.013	151.249
4680	Hetherington	QLD	-24.013	151.249
4680	O’Connell	QLD	-24.013	151.249
4680	Littlemore	QLD	-24.456	151.351
4680	Many Peaks	QLD	-24.543	151.3668
4680	Nagoorin	QLD	-24.356	151.2995
4680	Calliope	QLD	-24.007	151.2003
4680	Gladstone Central	QLD	-23.8428	151.2489
4680	South Trees	QLD	-23.869	151.2783
4680	South Gladstone	QLD	-23.8622	151.268
4680	Wooderson	QLD	-23.9966	151.0988
4680	Gladstone	QLD	-23.8485	151.2577
4680	Heron Island	QLD	-24.013	151.249
4680	Clinton	QLD	-23.8752	151.2179
4680	River Ranch	QLD	-23.982	151.1583
4680	Telina	QLD	-23.8883	151.2538
4680	Benaraby	QLD	-24.0042	151.3341
4680	Kirkwood	QLD	-23.9033	151.2354
4680	Kin Kora	QLD	-23.877	151.2472
4680	Sun Valley	QLD	-23.8752	151.2575
4680	Iveragh	QLD	-24.1333	151.45
4680	Toolooa	QLD	-23.885	151.2678
4680	Ubobo	QLD	-24.4046	151.3234
4680	Byellee	QLD	-23.874	151.1946
4702	Mackenzie	QLD	-23.6096	149.584
4702	Balcomba	QLD	-23.4	149.6333
4702	Rannes	QLD	-24.1167	150.1167
4702	Nine Mile	QLD	-23.6096	149.584
4702	Baralaba	QLD	-24.1745	149.8156
4702	Wooroona	QLD	-24.018	149.328
4702	Stanwell	QLD	-23.4833	150.3167
4702	Coorumbene	QLD	-24.5546	148.7538
4702	Alsace	QLD	-23.2806	149.3524
4702	Wycarbah	QLD	-23.55	150.2167
4702	Mount Chalmers	QLD	-23.3	150.65
4702	Jardine	QLD	-23.0584	150.3827
4702	Blackdown	QLD	-23.6096	149.584
4702	Dixalea	QLD	-23.9333	150.2833
4702	Willows	QLD	-23.6575	147.4807
4702	Stanage	QLD	-22.1434	150.0557
4702	Garnant	QLD	-23.1722	150.267
4702	South Yaamba	QLD	-23.2343	150.333
4702	Parkhurst	QLD	-23.3	150.5167
4702	Rewan	QLD	-24.9843	148.3466
4702	Alberta	QLD	-24.3158	149.8006
4702	Goovigen	QLD	-24.1459	150.2853
4702	Gracemere	QLD	-23.4379	150.4575
4702	Westwood	QLD	-23.5969	150.1675
4702	Boolburra	QLD	-23.7433	149.8169
4702	Keppel Sands	QLD	-23.3259	150.7873
4702	Wallaroo	QLD	-23.7	149.5667
4702	Sapphire Central	QLD	-23.4573	147.7244
4702	Kabra	QLD	-23.4667	150.4
4702	Gainsford	QLD	-23.837	149.8456
4702	Kunwarara	QLD	-22.8363	150.1051
4702	Milman	QLD	-23.1333	150.4
4702	Withersfield	QLD	-23.5667	147.5667
4702	Glenroy	QLD	-23.1857	149.8177
4702	Arcturus	QLD	-23.8529	148.2939
4702	Bouldercombe	QLD	-23.5705	150.4695
4702	Gindie	QLD	-23.7235	148.1419
4702	Gogango	QLD	-23.6667	150.0333
4702	Cheeseborough	QLD	-23.6096	149.584
4702	Plum Tree	QLD	-23.6096	149.584
4702	Bogantungan	QLD	-23.65	147.3
4702	Alton Downs	QLD	-23.3	150.35
4702	Gemfields	QLD	-23.5301	147.7968
4702	Dundula Creek	QLD	-23.6096	149.584
4702	Coorooman	QLD	-23.2667	150.7333
4702	Gordonstone	QLD	-23.6096	149.584
4702	Humboldt	QLD	-23.6096	149.584
4702	Central Queensland Mc	QLD	-23.6096	149.584
4702	Jellinbah	QLD	-23.3149	148.8705
4702	Anakie	QLD	-23.55	147.75
4702	Ridgelands	QLD	-23.25	150.2833
4702	Thompson Point	QLD	-23.4906	150.7539
4702	Rubyvale	QLD	-23.4182	147.6991
4702	Consuelo	QLD	-23.6096	149.584
4702	Dululu	QLD	-23.85	150.25
4702	Tarramba	QLD	-24.6296	150.2625
4702	Togara	QLD	-23.6096	149.584
4702	Dumpy Creek	QLD	-24.0605	150.1391
4702	The Gemfields	QLD	-23.5301	147.7968
4702	Woolein	QLD	-23.6096	149.584
4702	Coomoo	QLD	-23.8323	149.5093
4702	Dingo	QLD	-23.65	149.3333
4702	Kokotungo	QLD	-24.1486	149.9492
4702	Rolleston	QLD	-24.4645	148.6226
4702	Joskeleigh	QLD	-23.3801	150.7786
4702	Rossmoya	QLD	-23.0333	150.4833
4702	Tungamull	QLD	-23.3167	150.6833
4702	Canal Creek	QLD	-22.9626	150.4262
4702	Banana	QLD	-23.6096	149.584
4702	Etna Creek	QLD	-23.2167	150.4667
4702	Willows Gemfields	QLD	-23.7436	147.5425
4702	Bushley	QLD	-23.5333	150.25
4702	Moonmera	QLD	-23.5833	150.4
4702	Barnard	QLD	-23.9937	149.7264
4702	Mimosa	QLD	-23.6096	149.584
4702	Goowarra	QLD	-23.6667	149.4167
4702	Bluff	QLD	-23.5805	149.0685
4702	Midgee	QLD	-23.5167	150.55
4702	Argoon	QLD	-24.2527	150.4359
4702	Pheasant Creek	QLD	-23.6096	149.584
4702	The Caves	QLD	-23.1833	150.4667
4702	Comet	QLD	-23.6	148.55
4702	Yalleroi	QLD	-24.0682	145.7578
4702	Wowan	QLD	-23.9167	150.1833
4702	Dalma	QLD	-23.3404	150.2126
4702	Stewarton	QLD	-23.6096	149.584
4702	Shoalwater	QLD	-23.6096	149.584
4702	Morinish	QLD	-23.25	150.15
4702	Ulogie	QLD	-23.9462	150.5141
4702	Lowesby	QLD	-23.6096	149.584
4702	Cawarral	QLD	-23.2667	150.6667
4702	Marmor	QLD	-23.6833	150.7167
4702	Pink Lily	QLD	-23.35	150.4667
4702	Kalapa	QLD	-23.4511	150.2025
4702	Fernlees	QLD	-23.8667	148.1167
4702	Bingegang	QLD	-23.1316	149.1549
4702	Sapphire	QLD	-23.4573	147.7244
4702	Yaraka	QLD	-24.8842	144.08
4702	Jambin	QLD	-24.1948	150.3706
4702	Smoky Creek	QLD	-23.6096	149.584
4702	Morinish South	QLD	-23.6096	149.584
4702	Canoona	QLD	-23.0833	150.2667
4702	Goomally	QLD	-23.6096	149.584
4702	Coowonga	QLD	-23.2833	150.7167
4702	Anakie Siding	QLD	-23.6096	149.584
4702	Carnarvon Park	QLD	-23.6096	149.584
4850	Wallaman	QLD	-18.659	146.1522
4850	Macknade	QLD	-18.5873	146.2559
4850	Taylors Beach	QLD	-18.6327	146.3245
4850	Victoria Plantation	QLD	-18.6496	146.207
4850	Mount Fox	QLD	-18.8167	145.8333
4850	Orient	QLD	-18.7957	146.2495
4850	Bambaroo	QLD	-18.8667	146.2
4850	Toobanna	QLD	-18.7	146.15
4850	Abergowrie	QLD	-18.4382	145.9313
4850	Hawkins Creek	QLD	-18.6	146.1
4850	Trebonne	QLD	-18.6254	146.0792
4850	Braemeadows	QLD	-18.6308	146.2631
4850	Ingham	QLD	-18.6455	146.1625
4850	Long Pocket	QLD	-18.5181	145.9802
4850	Bemerside	QLD	-18.5667	146.2333
4850	Coolbie	QLD	-18.9167	146.2667
4850	Forrest Beach	QLD	-18.659	146.1522
4850	Cordelia	QLD	-18.6062	146.2473
4850	Wharps	QLD	-18.659	146.1522
4850	Helens Hill	QLD	-18.7667	146.1667
4850	Halifax	QLD	-18.5827	146.2855
4850	Foresthome	QLD	-18.6073	146.2026
4850	Dalrymple Creek	QLD	-18.5416	146.0426
4850	Valley Of Lagoons	QLD	-18.659	146.1522
4850	Lucinda	QLD	-18.5278	146.3313
4850	Garrawalt	QLD	-18.659	146.1522
4850	Upper Stone	QLD	-18.7333	145.9667
4850	Allingham	QLD	-18.6667	146.25
4850	Yuruga	QLD	-18.8333	146.1667
4850	Lannercost	QLD	-18.6085	145.9622
4850	Blackrock	QLD	-18.7085	146.2121
4850	Gairloch	QLD	-18.5952	146.1922
4850	Peacock Siding	QLD	-18.6833	146
4858	Comoon Loop	QLD	-17.5607	146.0337
4858	Mourilyan	QLD	-17.5826	146.0435
4858	Etty Bay	QLD	-17.5797	146.0723
4858	New Harbourline	QLD	-17.614	146.0637
4858	Martyville	QLD	-17.6175	146.036
4858	Mourilyan Harbour	QLD	-17.5963	146.1194
4875	Horn Island	QLD	-16.6282	145.2087
4875	Yam Island	QLD	-16.6282	145.2087
4875	Yorke Island	QLD	-16.6282	145.2087
4875	Kubin	QLD	-16.6282	145.2087
4875	Warraber Island	QLD	-16.6282	145.2087
4875	Murray Island	QLD	-16.6282	145.2087
4875	Erub	QLD	-16.6282	145.2087
4875	Talbot Island	QLD	-16.6282	145.2087
4875	Dowar Islet	QLD	-16.6282	145.2087
4875	Keriri Island	QLD	-16.6282	145.2087
4875	Coconut Island	QLD	-16.6282	145.2087
4875	Guijar Islet	QLD	-16.6282	145.2087
4875	Burrar Islet	QLD	-16.6282	145.2087
4875	Iama	QLD	-16.6282	145.2087
4875	Mabuiag Island	QLD	-16.6282	145.2087
4875	Darnley Island	QLD	-16.6282	145.2087
4875	Mulgrave Island	QLD	-16.6282	145.2087
4875	Jervis Island	QLD	-16.6282	145.2087
4875	Boigu	QLD	-16.6282	145.2087
4875	Banks Island	QLD	-16.6282	145.2087
4875	Erub Island	QLD	-16.6282	145.2087
4875	Iama Island	QLD	-16.6282	145.2087
4875	Mabuiag	QLD	-16.6282	145.2087
4875	Masig Island	QLD	-16.6282	145.2087
4875	Mer Island	QLD	-16.6282	145.2087
4875	Badu Island	QLD	-16.6282	145.2087
4875	Boigu Island	QLD	-16.6282	145.2087
4875	Dauan Island	QLD	-16.6282	145.2087
4875	Horn	QLD	-16.6282	145.2087
4875	Moa Island	QLD	-16.6282	145.2087
4875	Prince Of Wales	QLD	-16.6282	145.2087
4875	Warraber Islet	QLD	-16.6282	145.2087
4875	Waua Islet	QLD	-16.6282	145.2087
4875	Saibai Island	QLD	-16.6282	145.2087
4875	Ugar Island	QLD	-16.6282	145.2087
4875	Stephens Island	QLD	-16.6282	145.2087
4875	Kubin Village	QLD	-16.6282	145.2087
4875	Masig	QLD	-16.6282	145.2087
4875	Poruma Island	QLD	-16.6282	145.2087
4875	Thursday Island	QLD	-16.6282	145.2087
4385	Glenarbon	QLD	-28.5923	150.9224
4385	Texas	QLD	-28.8542	151.165
4385	Silver Spur	QLD	-28.8205	151.0759
4385	Maidenhead	QLD	-28.8205	151.0759
4385	Smithlea	QLD	-28.7896	151.0902
4385	Bonshaw	QLD	-28.8205	151.0759
4385	Watsons Crossing	QLD	-29.0812	151.2914
4385	Beebo	QLD	-28.7239	150.966
4385	Riverton	QLD	-28.8205	151.0759
4375	Fleurbaix	QLD	-28.5333	151.9167
4375	Cottonvale	QLD	-27.7167	152.4667
4377	Glen Niven	QLD	-28.6	151.9667
4377	The Summit	QLD	-28.5805	151.9533
4380	Thorndale	QLD	-28.7053	151.8588
4380	Nundubbermere	QLD	-28.7081	151.7822
4380	Greenlands	QLD	-28.6849	151.9102
4380	Severnlea	QLD	-28.7023	151.9027
4380	Cannon Creek	QLD	-28.6036	151.8722
4380	Stanthorpe	QLD	-28.6543	151.9339
4380	Diamondvale	QLD	-28.6634	151.9632
4380	Sugarloaf	QLD	-28.6978	152.0406
4380	Passchendaele	QLD	-28.5494	151.8359
4380	Dalcouth	QLD	-28.6585	151.9894
4380	Eukey	QLD	-28.7667	151.9833
4380	Pikedale	QLD	-28.65	151.6333
4380	Pikes Creek	QLD	-28.6849	151.9102
4380	Goldfields	QLD	-28.6849	151.9102
4380	Springdale	QLD	-28.6849	151.9102
4380	Kyoomba	QLD	-28.6949	151.9852
4380	Glenlyon	QLD	-28.6849	151.9102
4380	Broadwater	QLD	-28.6849	151.9102
4380	Amiens	QLD	-28.588	151.8074
4380	Storm King	QLD	-28.7291	151.9762
4380	Mount Tully	QLD	-28.7646	151.9481
4383	Wallangarra	QLD	-28.9239	151.9282
4874	Evans Landing	QLD	-12.6623	141.8526
4874	Mapoon	QLD	-12.019	141.9006
4874	Shelburne	QLD	-11.7544	142.8003
4874	Napranum	QLD	-12.6832	141.89
4874	Mission River	QLD	-12.5951	141.9576
4874	Weipa Airport	QLD	-12.5223	142.106
4874	Rocky Point	QLD	-12.5223	142.106
4874	Nanum	QLD	-12.6451	141.8622
4874	Weipa	QLD	-12.6235	141.8788
4874	Wenlock	QLD	-13.0841	142.9423
4874	Jardine River	QLD	-12.5223	142.106
4874	Trunding	QLD	-12.6342	141.8696
4486	Hebel	QLD	-28.9733	147.7948
4486	Dirranbandi	QLD	-28.5854	148.2255
4419	Roche Creek	QLD	-26.0546	150.1413
4419	Cockatoo	QLD	-26.1118	149.9403
4419	Wandoan	QLD	-26.1228	149.9603
4419	Woleebee	QLD	-26.2944	149.844
4419	Bungaban	QLD	-26.1118	149.9403
4419	Bundi	QLD	-26.1118	149.9403
4419	Grosmont	QLD	-25.9752	149.8154
4454	Upper Dawson	QLD	-25.4833	148.6622
4454	Hutton Creek	QLD	-25.6839	148.4102
4454	Westgrove	QLD	-25.6034	148.6919
4454	Simmie	QLD	-25.6034	148.6919
4454	Mount Howe	QLD	-25.6034	148.6919
4454	Injune	QLD	-25.8428	148.5679
4454	Beilba	QLD	-25.6034	148.6919
4454	Pony Hills	QLD	-25.9091	149.0258
4454	Arcadia Valley	QLD	-25.098	148.7933
4454	Durham Downs	QLD	-25.6034	148.6919
4454	Baffle West	QLD	-25.6034	148.6919
4454	Highland Plains	QLD	-25.6034	148.6919
4454	Mount Hutton	QLD	-25.6034	148.6919
4715	Orange Creek	QLD	-24.3394	150.4515
4715	Dumgree	QLD	-24.15	150.55
4715	Valentine Plains	QLD	-24.4167	150.5833
4715	Callide	QLD	-24.3004	150.4656
4715	Dakenba	QLD	-24.3485	150.4976
4715	Castle Creek	QLD	-24.3699	150.4594
4715	Biloela	QLD	-24.3959	150.515
4715	Greycliffe	QLD	-24.2357	150.2977
4715	Mount Murchison	QLD	-24.3711	150.5517
4715	Prospect	QLD	-24.5117	150.4189
4715	Tarramba	QLD	-24.6296	150.2625
4716	Lawgi Dawes	QLD	-24.6038	150.781
4716	Thangool	QLD	-24.4863	150.5736
4719	Theodore	QLD	-24.946	150.0742
4719	Camboon	QLD	-25.0306	150.4376
4719	Isla	QLD	-25.037	150.1602
4719	Cracow	QLD	-25.2989	150.309
4719	Glenmoral	QLD	-24.9806	149.9026
4719	Lonesome Creek	QLD	-24.9292	150.0777
4725	Patrick	QLD	-23.5434	145.1927
4725	Barcaldine Downs	QLD	-23.5434	145.1927
4725	Tara Station	QLD	-23.5434	145.1927
4725	Saltern	QLD	-23.5333	145.1
4725	Barcaldine	QLD	-23.5535	145.2854
4726	Aramac	QLD	-22.9683	145.245
4726	Pelican Creek	QLD	-22.9683	145.245
4726	Galilee	QLD	-22.9683	145.245
4728	Dunrobin	QLD	-22.6833	146.15
4728	Jericho	QLD	-23.6	146.1333
4728	Mexico	QLD	-23.8167	146.2167
4728	Garfield	QLD	-23.3	145.9667
4732	Muttaburra	QLD	-22.6	144.55
4732	Tablederry	QLD	-22.3956	144.5099
4481	Tanbar	QLD	-25.4222	142.6566
4481	Farrars Creek	QLD	-25.4222	142.6566
4481	Windorah	QLD	-25.4222	142.6566
4730	Longreach	QLD	-22.9833	144.4833
4730	Ernestina	QLD	-23.7316	143.9383
4730	Brixton	QLD	-23.5333	144.95
4730	Maneroo	QLD	-23.5025	143.6987
4730	Camoola	QLD	-22.9833	144.4833
4730	Vergemont	QLD	-23.5558	143.1897
4730	Chorregon	QLD	-22.6785	143.5619
4730	Tocal	QLD	-23.4021	143.9398
4730	Stonehenge	QLD	-24.3546	143.2873
4730	Morella	QLD	-22.9667	143.8667
4736	Jundah	QLD	-24.8331	143.0616
4829	Wills	QLD	-22.9114	139.9093
4829	Bedourie	QLD	-22.9114	139.9093
4829	Toko	QLD	-22.9114	139.9093
4829	Boulia	QLD	-22.9114	139.9093
4829	Min Min	QLD	-22.9114	139.9093
4829	Warenda	QLD	-22.9114	139.9093
4829	Sturt	QLD	-22.9114	139.9093
4829	Amaroo	QLD	-22.9114	139.9093
4472	Blackall	QLD	-24.4233	145.463
4472	Mount Enniskillen	QLD	-24.6	146.1833
4478	Tambo	QLD	-24.8819	146.2575
4478	Scrubby Creek	QLD	-25.0109	146.2196
4478	Caldervale	QLD	-25.0109	146.2196
4478	Bayrick	QLD	-25.0109	146.2196
4478	Yandarlo	QLD	-25.1244	146.4943
4478	Windeyer	QLD	-25.0109	146.2196
4478	Macfarlane	QLD	-25.0109	146.2196
4478	Lumeah	QLD	-25.0109	146.2196
4478	Lansdowne	QLD	-25.0109	146.2196
4478	Minnie Downs	QLD	-25.0265	145.907
4000	Petrie Terrace	QLD	-27.463	153.0131
4000	Brisbane City Dc	QLD	-27.4651	153.0231
4000	Brisbane City	QLD	-27.4679	153.0281
4000	Brisbane-City	QLD	-27.4651	153.0231
4000	Brisbane Adelaide Street	QLD	-27.4651	153.0231
4000	Spring Hill	QLD	-27.4614	153.0231
4000	Brisbane	QLD	-27.4679	153.0281
4000	Brisbane Gpo	QLD	-27.4651	153.0231
4000	Parliament House	QLD	-27.4651	153.0231
4001	Brisbane	QLD	-27.4679	153.0281
4002	Brisbane Albert Street Bc	QLD	-27.4412	153.0588
4002	Wintergarden	QLD	-27.4412	153.0588
4002	City East	QLD	-27.4412	153.0588
4005	New Farm	QLD	-27.4678	153.0483
4005	Teneriffe	QLD	-27.4559	153.047
4006	Fortitude Valley Bc	QLD	-27.4474	153.0335
4006	Newstead	QLD	-27.4444	153.0464
4006	Mayne	QLD	-27.4474	153.0335
4006	Fortitude Valley	QLD	-27.4571	153.0318
4006	Brisbane Exhibition	QLD	-27.4474	153.0335
4006	Bowen Bridge	QLD	-27.4474	153.0335
4006	Herston	QLD	-27.4445	153.0185
4006	Bowen Hills	QLD	-27.4437	153.0373
4008	Pinkenba	QLD	-27.428	153.1167
4008	Brisbane Airport	QLD	-27.3947	153.114
4008	Bulwer Island	QLD	-27.4099	153.116
4008	Myrtletown	QLD	-27.3833	153.1333
4008	Meeandah	QLD	-27.4333	153.1
4009	Eagle Farm Bc	QLD	-27.4306	153.0906
4009	Eagle Farm	QLD	-27.4306	153.0906
4010	Albion Bc	QLD	-27.4376	153.0431
4010	Albion Dc	QLD	-27.4376	153.0431
4010	Albion	QLD	-27.4336	153.0445
4010	Breakfast Creek	QLD	-27.4417	153.0417
4011	Clayfield	QLD	-27.4189	153.0582
4011	Eagle Junction	QLD	-27.4183	153.0642
4011	Hendra	QLD	-27.4177	153.0703
4012	Nundah	QLD	-27.4025	153.0617
4012	Wavell Heights	QLD	-27.3938	153.047
4012	Wavell Heights North	QLD	-27.402	153.0557
4012	Toombul	QLD	-27.4096	153.0584
4013	Northgate	QLD	-27.3901	153.0706
4013	Northgate Mc	QLD	-27.3901	153.0706
4014	Virginia Dc	QLD	-27.3703	153.0835
4014	Virginia Bc	QLD	-27.3703	153.0835
4014	Virginia	QLD	-27.3833	153.0667
4014	Banyo	QLD	-27.3824	153.079
4014	Nudgee	QLD	-27.3691	153.0847
4014	Nudgee Beach	QLD	-27.3462	153.1037
4017	Shorncliffe	QLD	-27.3276	153.0816
4017	Nashville	QLD	-27.3062	153.0497
4017	Brighton	QLD	-27.2958	153.0572
4017	Bracken Ridge	QLD	-27.3171	153.031
4017	Brighton Nathan Street	QLD	-27.3161	153.0584
4017	Sandgate	QLD	-27.322	153.0695
4017	Deagon	QLD	-27.3279	153.0613
4017	Sandgate Dc	QLD	-27.3161	153.0584
4017	Brighton Eventide	QLD	-27.3161	153.0584
4018	Taigum	QLD	-27.3426	153.0444
4018	Fitzgibbon	QLD	-27.3397	153.0292
4025	Tangalooma	QLD	-27.1794	153.3743
4025	Cowan Cowan	QLD	-27.1254	153.3665
4025	Moreton Island	QLD	-27.2198	153.3884
4025	Bulwer	QLD	-27.0787	153.3697
4025	Cape Moreton	QLD	-27.0313	153.4658
4025	Kooringal	QLD	-27.3514	153.4225
4029	Royal Brisbane Hospital	QLD	-27.1874	153.2577
4030	Eildon Hill	QLD	-27.4228	153.0388
4030	Lutwyche	QLD	-27.4227	153.0335
4030	Wooloowin	QLD	-27.4224	153.042
4030	Kalinga	QLD	-27.4096	153.0506
4030	Windsor	QLD	-27.4363	153.0288
4031	Kedron	QLD	-27.4029	153.0297
4031	Gordon Park	QLD	-27.419	153.0255
4031	Glen Kedron	QLD	-27.4109	153.0276
4032	Chermside South	QLD	-27.3843	153.0232
4032	Craigslea	QLD	-27.3843	153.0232
4032	Chermside Bc	QLD	-27.3843	153.0232
4032	Chermside West	QLD	-27.3838	153.0159
4032	Chermside	QLD	-27.3847	153.0306
4032	Chermside Centre	QLD	-27.3843	153.0232
4034	Aspley	QLD	-27.3667	153.0167
4034	Carseldine	QLD	-27.3475	153.0231
4034	Geebung	QLD	-27.3725	153.0471
4034	Boondall	QLD	-27.3532	153.0609
4034	Zillmere	QLD	-27.3559	153.0445
4035	Albany Creek	QLD	-27.3536	152.9685
4035	Bridgeman Downs	QLD	-27.3554	152.9943
4035	Cashs Crossing	QLD	-27.3545	152.9814
4036	Bald Hills	QLD	-27.3211	153.0086
4051	Wilston	QLD	-27.4322	153.019
4051	Alderley	QLD	-27.4255	153.001
4051	The Grange	QLD	-24.8167	152.4167
4051	Grange	QLD	-27.4225	153.0153
4051	Newmarket	QLD	-27.4353	153.0078
4051	Enoggera	QLD	-27.4167	153
4051	Gaythorne	QLD	-27.4167	152.9833
4054	Grovely	QLD	-27.4667	152.9667
4054	Keperra	QLD	-27.4138	152.947
4054	Arana Hills	QLD	-27.3981	152.958
4059	Kelvin Grove Bc	QLD	-27.451	153.0025
4059	Ballymore	QLD	-27.451	153.0025
4059	Kelvin Grove Dc	QLD	-27.451	153.0025
4059	Ithaca	QLD	-27.45	152.9833
4059	Normanby	QLD	-27.4531	153.0111
4059	Kelvin Grove	QLD	-27.4482	153.0134
4059	Red Hill	QLD	-27.4525	153.0021
4060	Dorrington	QLD	-27.4455	152.992
4060	Ashgrove West	QLD	-27.4455	152.992
4060	St Johns Wood	QLD	-27.4455	152.992
4060	Ashgrove	QLD	-27.4455	152.992
4060	Ashgrove East	QLD	-27.4455	152.992
4061	The Gap	QLD	-27.4419	152.9386
4064	Baroona	QLD	-27.3821	152.5661
4064	Paddington	QLD	-27.4594	152.9951
4064	Rosalie	QLD	-27.2167	151.7
4064	Milton Bc	QLD	-27.3821	152.5661
4064	Milton	QLD	-27.4704	153.0031
4065	Bardon	QLD	-27.461	152.9792
4065	Jubilee	QLD	-27.461	152.9792
4065	Rainworth	QLD	-27.461	152.9792
4065	Bardon West	QLD	-27.461	152.9792
4066	Toowong Dc	QLD	-27.4789	152.9877
4066	Toowong Bc	QLD	-27.4789	152.9877
4066	Mount Coot-Tha	QLD	-27.4789	152.9877
4066	Torwood	QLD	-27.4789	152.9877
4066	Toowong	QLD	-27.4833	152.9833
4066	Auchenflower	QLD	-27.4744	152.9921
4066	Stuartholme	QLD	-27.4789	152.9877
4067	St Lucia	QLD	-27.4752	152.8871
4067	St Lucia South	QLD	-27.4752	152.8871
4067	Ironside	QLD	-27.4752	152.8871
4068	Indooroopilly	QLD	-27.503	152.9752
4068	Indooroopilly Centre	QLD	-27.5023	152.9763
4068	Long Pocket	QLD	-27.5023	152.9763
4068	Taringa	QLD	-27.4906	152.9786
4068	Chelmer	QLD	-27.5133	152.9752
4069	Pullenvale	QLD	-27.5228	152.8865
4069	Brookfield	QLD	-27.5	152.9
4069	Chapel Hill	QLD	-27.5026	152.9501
4069	Kenmore	QLD	-27.5076	152.9388
4069	Kenmore Hills	QLD	-27.5042	152.9318
4069	Upper Brookfield	QLD	-27.4667	152.8667
4069	Kenmore East	QLD	-27.5088	152.9179
4069	Fig Tree Pocket	QLD	-27.5278	152.9619
4069	Pinjarra Hills	QLD	-27.5383	152.9074
4069	Lone Pine	QLD	-27.5088	152.9179
4069	Kenmore Dc	QLD	-27.5088	152.9179
4070	Priors Pocket	QLD	-27.5602	152.8704
4070	Bellbowrie	QLD	-27.5594	152.8828
4070	Moggill	QLD	-27.5833	152.8667
4070	Anstead	QLD	-27.5378	152.8619
4073	Sinnamon Park	QLD	-27.5444	152.9489
4073	Seventeen Mile Rocks	QLD	-27.5507	152.959
4074	Jamboree Heights	QLD	-27.5563	152.934
4074	Jindalee	QLD	-27.5345	152.9384
4074	Sumner	QLD	-27.5655	152.9334
4074	Sumner Park Bc	QLD	-27.5523	152.9263
4074	Middle Park	QLD	-27.556	152.9222
4074	Riverhills	QLD	-27.5593	152.9111
4074	Westlake	QLD	-27.5486	152.9128
4074	Mount Ommaney	QLD	-27.5461	152.9322
4075	Graceville	QLD	-27.522	152.9822
4075	Oxley	QLD	-27.55	152.9833
4075	Corinda	QLD	-27.5438	152.9821
4075	Graceville East	QLD	-27.5365	152.9825
4075	Sherwood	QLD	-27.5303	152.9822
4076	Wacol	QLD	-27.5833	152.9333
4076	Darra	QLD	-27.5669	152.9539
4076	Wacol East Immigration Centre	QLD	-27.5751	152.9436
4077	Doolandella	QLD	-27.6133	152.9855
4077	Inala Heights	QLD	-27.599	152.9747
4077	Durack	QLD	-27.5895	152.9858
4077	Inala East	QLD	-27.599	152.9747
4077	Inala	QLD	-27.5972	152.9743
4077	Serviceton	QLD	-27.599	152.9747
4077	Richlands Dc	QLD	-27.599	152.9747
4077	Richlands Bc	QLD	-27.599	152.9747
4077	Inala West	QLD	-27.599	152.9747
4077	Richlands	QLD	-27.5962	152.9532
4101	South Bank	QLD	-27.4777	153.0211
4101	West End	QLD	-27.4792	153.0096
4101	South Brisbane	QLD	-27.4803	153.0205
4101	Highgate Hill	QLD	-27.4891	153.0188
4101	South Brisbane Bc	QLD	-27.4816	153.0175
4101	Mater Hospital	QLD	-27.4816	153.0175
4101	Mater Hill	QLD	-27.4816	153.0175
4102	Woolloongabba	QLD	-27.4886	153.0365
4102	Dutton Park	QLD	-27.4966	153.028
4102	Buranda	QLD	-27.4926	153.0323
4102	Princess Alexandra Hospital	QLD	-27.4926	153.0323
4103	Fairfield Gardens	QLD	-27.5094	153.0286
4103	Annerley	QLD	-27.5123	153.0325
4103	Annerley Dc	QLD	-27.5094	153.0286
4103	Thompson Estate	QLD	-27.5094	153.0286
4103	Fairfield	QLD	-27.5064	153.0248
4104	Yeronga	QLD	-27.5157	153.0164
4104	Yeronga West	QLD	-27.5157	153.0164
4105	Tennyson	QLD	-27.526	152.9991
4105	Moorvale	QLD	-27.5304	153.011
4105	Clifton Hill	QLD	-27.5304	153.011
4105	Moorooka	QLD	-27.5344	153.0246
4105	Yeerongpilly	QLD	-27.531	153.0094
4106	Brisbane Market	QLD	-27.5392	153.004
4106	Rocklea	QLD	-27.5392	153.004
4106	Rocklea Dc	QLD	-27.5392	153.004
4107	Salisbury	QLD	-27.5514	153.0325
4107	Salisbury East	QLD	-27.5514	153.0325
4108	Archerfield Bc	QLD	-27.5659	153.0276
4108	Archerfield	QLD	-27.5671	153.0145
4108	Coopers Plains	QLD	-27.5646	153.0407
4109	Robertson	QLD	-27.5658	153.0574
4109	Sunnybank	QLD	-27.58	153.0606
4109	Macgregor	QLD	-27.5649	153.0665
4109	Sunnybank South	QLD	-27.5803	153.0596
4109	Altandi	QLD	-27.5803	153.0596
4109	Banoon	QLD	-27.5803	153.0596
4109	Sunnybank Hills	QLD	-27.6103	153.0539
4110	Acacia Ridge	QLD	-27.5833	153.0333
4110	Larapinta	QLD	-27.6426	153.0052
4110	Heathwood Df	QLD	-27.6157	153.008
4110	Acacia Ridge Bc	QLD	-27.6157	153.008
4110	Acacia Ridge Dc	QLD	-27.6157	153.008
4110	Willawong	QLD	-27.5972	153.0074
4110	Heathwood	QLD	-27.6345	152.9881
4110	Pallara	QLD	-27.6208	153.0058
4111	Nathan	QLD	-27.5589	153.0623
4111	Griffith University	QLD	-27.5589	153.0623
4112	Kuraby	QLD	-27.6068	153.0937
4113	Fruitgrove	QLD	-27.5904	153.0885
4113	Runcorn	QLD	-27.5976	153.077
4113	Eight Mile Plains	QLD	-27.5833	153.1
4115	Parkinson	QLD	-27.6434	153.0298
4115	Algester	QLD	-27.6128	153.0324
4116	Calamvale	QLD	-27.6233	153.0479
4116	Drewvale	QLD	-27.6477	153.0546
4116	Stretton	QLD	-27.6221	153.0661
4117	Karawatha	QLD	-27.6199	153.091
4117	Berrinba	QLD	-27.6585	153.0789
4120	Greenslopes	QLD	-27.5082	153.0495
4120	Loreto Hill	QLD	-27.5082	153.0495
4120	Stones Corner	QLD	-27.5082	153.0495
4121	Tarragindi	QLD	-27.5271	153.0456
4121	Mount Thompson	QLD	-27.5259	153.05
4121	Holland Park East	QLD	-27.5259	153.05
4121	Wellers Hill	QLD	-27.5333	153.05
4121	Holland Park	QLD	-27.5262	153.0605
4121	Holland Park West	QLD	-27.5262	153.0605
4121	Ekibin	QLD	-27.5167	153.0333
4122	Mansfield	QLD	-27.5393	153.099
4122	Upper Mount Gravatt	QLD	-27.5613	153.0845
4122	Mount Gravatt East	QLD	-27.5405	153.0822
4122	Mansfield Dc	QLD	-27.5458	153.09
4122	Mansfield Bc	QLD	-27.5458	153.09
4122	Wishart	QLD	-27.5545	153.1011
4122	Mount Gravatt	QLD	-27.5333	153.0833
4122	Upper Mount Gravatt Bc	QLD	-27.5458	153.09
4123	Rochedale South	QLD	-27.5952	153.1233
4123	Priests Gully	QLD	-27.5809	153.1283
4123	Rochedale	QLD	-27.5667	153.1333
4127	Daisy Hill	QLD	-27.6303	153.1578
4127	Slacks Creek	QLD	-27.65	153.15
4127	Springwood Bc	QLD	-27.623	153.1425
4127	Springwood	QLD	-27.6118	153.129
4127	Priestdale	QLD	-27.6	153.1333
4127	Chatswood Hills	QLD	-27.623	153.1425
4151	Coorparoo Bc	QLD	-27.4932	153.0583
4151	Coorparoo Dc	QLD	-27.4932	153.0583
4151	Coorparoo	QLD	-27.4932	153.0583
4152	Carina	QLD	-27.4873	153.0989
4152	Camp Hill	QLD	-27.4935	153.0763
4152	Carina Heights	QLD	-27.5072	153.0913
4152	Carindale	QLD	-27.5058	153.1024
4152	Carina North	QLD	-27.4985	153.0922
4152	Whites Hill	QLD	-27.4985	153.0922
4153	Belmont Heights	QLD	-27.4988	153.134
4153	Belmont	QLD	-27.4988	153.134
4154	Ransome	QLD	-27.4881	153.1793
4154	Gumdale	QLD	-27.4919	153.1532
4154	Wakerley	QLD	-27.483	153.1559
4155	Chandler	QLD	-27.514	153.1491
4156	Mackenzie	QLD	-27.5435	153.1206
4156	Burbank	QLD	-27.5558	153.147
4169	East Brisbane	QLD	-27.481	153.044
4169	Stanley Bridge	QLD	-27.4789	153.0404
4169	Kangaroo Point	QLD	-27.4768	153.0367
4170	Norman Park	QLD	-27.4792	153.0625
4170	Colmslie	QLD	-27.4741	153.0768
4170	Morningside	QLD	-27.4616	153.0751
4170	Seven Hills	QLD	-27.4834	153.0747
4170	Cannon Hill	QLD	-27.4724	153.0947
4171	Hawthorne	QLD	-27.467	153.0578
4171	Balmoral	QLD	-27.4534	153.0668
4171	Galloways Hill	QLD	-27.4568	153.0638
4171	Bulimba	QLD	-27.45	153.0667
4172	Murarrie	QLD	-27.4629	153.0981
4173	Tingalpa Bc	QLD	-27.4736	153.127
4173	Tingalpa	QLD	-27.4736	153.127
4173	Tingalpa Dc	QLD	-27.4736	153.127
4174	Doboy	QLD	-27.4478	153.1317
4174	Hemmant	QLD	-27.4478	153.1317
4179	Lota	QLD	-27.4692	153.1858
4179	Manly West	QLD	-27.4738	153.1664
4179	Manly	QLD	-27.454	153.186
4222	Griffith University	QLD	-28.1085	153.3582
4520	Kobble Creek	QLD	-27.25	152.8333
4520	Draper	QLD	-27.3526	152.9065
4520	Mount Samson	QLD	-27.3	152.85
4520	Jollys Lookout	QLD	-27.4001	152.8073
4520	Camp Mountain	QLD	-27.4	152.8833
4520	Yugar	QLD	-27.3457	152.8718
4520	Mount Nebo	QLD	-27.3974	152.7845
4520	Enoggera Reservoir	QLD	-27.4335	152.8705
4520	Mount Glorious	QLD	-27.3339	152.7668
4520	Wights Mountain	QLD	-27.3933	152.8554
4520	Closeburn	QLD	-27.327	152.8644
4520	Highvale	QLD	-27.3723	152.802
4520	Samsonvale	QLD	-27.2667	152.85
4520	Cedar Creek	QLD	-27.3335	152.8187
4520	Armstrong Creek	QLD	-27.2167	152.8333
4520	Samford Valley	QLD	-27.3727	152.867
4520	Samford Village	QLD	-27.3727	152.8866
4520	Samford	QLD	-27.3727	152.8866
9000	Brisbane	QLD	-27.4679	153.0281
9001	Brisbane	QLD	-27.4679	153.0281
9002	Brisbane	QLD	-27.4679	153.0281
9005	Brisbane	QLD	-27.4679	153.0281
9007	Brisbane	QLD	-27.4679	153.0281
9009	Brisbane	QLD	-27.4679	153.0281
9010	Brisbane	QLD	-27.4679	153.0281
9013	Brisbane	QLD	-27.4679	153.0281
9015	Brisbane	QLD	-27.4679	153.0281
4480	Eromanga	QLD	-26.6706	143.2664
4480	Quilpie	QLD	-26.6135	144.2695
4492	Durham	QLD	-27.4031	141.8161
4492	Noccundra	QLD	-27.8932	143.1355
4492	Bullawarra	QLD	-27.8932	143.1355
4492	Norley	QLD	-27.8932	143.1355
4492	Cameron Corner	QLD	-27.8932	143.1355
4492	Thargomindah	QLD	-27.995	143.8239
4492	Bulloo Downs	QLD	-27.8932	143.1355
4492	Dynevor	QLD	-28.3857	144.2721
4492	Nockatunga	QLD	-27.789	142.63
4003	George Street	QLD	-27.4412	153.0588
4630	Coominglah Forest	QLD	-24.8978	150.9715
4630	Monal	QLD	-24.6234	151.1265
4630	Coominglah	QLD	-24.7532	150.8356
4630	Cannindah	QLD	-24.7938	151.0454
4630	Monto	QLD	-24.8648	151.122
4630	Ventnor	QLD	-24.7938	151.0454
4630	Harrami	QLD	-24.7643	150.6951
4630	Kapaldo	QLD	-25.0425	151.1353
4630	Moonford	QLD	-24.7667	151.0333
4630	Three Moon	QLD	-24.9111	151.1265
4630	Kalpowar	QLD	-24.7	151.3
4630	Tellebang	QLD	-25.0667	151.2333
4630	Rawbelle	QLD	-25.0232	150.8271
4630	Selene	QLD	-25.0167	151.15
4630	Dalga	QLD	-24.7938	151.0454
4630	Yarrol	QLD	-24.7938	151.0454
4630	Splinter Creek	QLD	-24.9755	151.2055
4630	Bancroft	QLD	-24.7833	151.2333
4630	Mulgildie	QLD	-24.9605	151.1319
4630	Mungungo	QLD	-24.7658	151.1633
4630	Langley	QLD	-23.4655	150.4517
4630	Bukali	QLD	-24.8313	151.1466
4630	Glenleigh	QLD	-25.0295	151.0529
4630	Cania	QLD	-24.6333	150.9667
4673	Littabella	QLD	-24.6857	152.0781
4673	Yandaran	QLD	-24.7217	152.114
4673	Miara	QLD	-24.6877	152.1677
4673	Waterloo	QLD	-24.6984	152.1199
4674	Oyster Creek	QLD	-24.4661	151.8746
4674	Mount Maria	QLD	-24.5431	151.8194
4674	Deepwater	QLD	-24.5209	151.8889
4674	Euleilah	QLD	-24.4938	151.8592
4674	Rules Beach	QLD	-24.4975	152.0399
4674	Baffle Creek	QLD	-24.5	151.9333
4674	Rosedale	QLD	-24.629	151.9189
4674	Taunton	QLD	-24.4205	151.8218
4674	Berajondo	QLD	-24.6171	151.8441
4806	Wunjunga	QLD	-19.8016	147.5385
4806	Groper Creek	QLD	-19.6988	147.5468
4806	Fredericksfield	QLD	-19.735	147.3991
4806	Rangemore	QLD	-19.7239	147.423
4806	Down River	QLD	-19.7239	147.423
4806	Inkerman	QLD	-19.7239	147.423
4806	Home Hill	QLD	-19.6592	147.4123
4806	Groper Creek Reserve	QLD	-19.7239	147.423
4806	Wangaratta	QLD	-19.7239	147.423
4806	Arkendeith	QLD	-19.7167	147.3167
4806	Keebah	QLD	-19.7333	147.4667
4806	Kirknie	QLD	-19.7969	147.2479
4806	Carstairs	QLD	-19.6497	147.4561
4806	Osborne	QLD	-19.7239	147.423
4807	Airville	QLD	-19.6309	147.3455
4807	Mcdesme	QLD	-19.6167	147.3833
4807	Claredale	QLD	-19.7249	147.3717
4807	Dalbeg	QLD	-20.274	147.3036
4807	Swans Lagoon	QLD	-20.0317	147.2492
4807	Eight Mile Creek	QLD	-19.7249	147.3717
4807	Ayr	QLD	-19.5739	147.4067
4807	Mona Park	QLD	-19.7244	147.227
4807	Airdmillan	QLD	-19.5144	147.4983
4807	Maidavale	QLD	-19.7249	147.3717
4807	Mount Kelly	QLD	-19.7249	147.3717
4807	Parkside	QLD	-19.7249	147.3717
4807	Jarvisfield	QLD	-19.6167	147.4667
4807	Mulgrave	QLD	-19.7249	147.3717
4807	Kalamia	QLD	-19.5313	147.4219
4807	Rita Island	QLD	-19.6167	147.5333
4807	Rite Island	QLD	-19.7249	147.3717
4807	Millaroo	QLD	-20.0601	147.28
4807	Alva	QLD	-19.45	147.4833
4807	Clare	QLD	-19.7833	147.2333
4808	Brandon	QLD	-19.5539	147.353
4808	Colevale	QLD	-19.5002	147.354
4823	Julia Creek	QLD	-20.6558	141.7413
4823	Carpentaria	QLD	-21.1181	141.9437
4823	Nelia	QLD	-20.65	142.2333
4823	Taldora	QLD	-21.1181	141.9437
4823	Kynuna	QLD	-21.5833	141.9
4823	Stokes	QLD	-21.1181	141.9437
4823	Warburton	QLD	-21.1181	141.9437
4823	Mckinlay	QLD	-21.5833	141.9
4824	Four Ways	QLD	-20.8065	140.5483
4824	Selwyn	QLD	-21.5333	140.5
4824	Devoncourt Station	QLD	-20.8065	140.5483
4824	Gidya	QLD	-20.8065	140.5483
4824	Kuridala	QLD	-21.2833	140.5
4824	Three Rivers	QLD	-19.8255	140.1619
4824	Cloncurry	QLD	-20.7072	140.513
4824	Oorindi	QLD	-20.6833	141.0667
4830	Doomadgee	QLD	-17.9435	138.8272
4830	Nicholson	QLD	-17.8423	139.1875
4830	Gregory	QLD	-17.8423	139.1875
4830	Augustus Downs	QLD	-17.8423	139.1875
4830	Gregory Downs	QLD	-17.8423	139.1875
4830	Gangalidda	QLD	-17.8423	139.1875
4830	Burketown	QLD	-17.7411	139.5477
4861	Bartle Frere	QLD	-17.45	145.8833
4861	East Russell	QLD	-17.397	145.903
4861	Babinda	QLD	-17.3439	145.9227
4865	Kamma	QLD	-17.05	145.7667
4865	Packers Camp	QLD	-17.0228	145.8013
4865	Goldsborough	QLD	-17.1547	145.7372
4865	Little Mulgrave	QLD	-17.1388	145.7191
4865	Green Hill	QLD	-17.0454	145.8154
4865	Meringa	QLD	-17.0833	145.7833
4865	Pyramid	QLD	-17.1	145.8
4865	Gordonvale	QLD	-17.0996	145.7804
4868	Tarrawarra	QLD	-16.9682	145.7429
4868	Woree	QLD	-16.95	145.75
4868	White Rock	QLD	-16.9744	145.7633
4868	Bayview Heights	QLD	-16.9623	145.7258
4868	Mount Sheridan	QLD	-16.9861	145.7324
4869	Mount Peter	QLD	-17.0451	145.7398
4869	Wrights Creek	QLD	-17.0338	145.7712
4869	Centenary Park	QLD	-17.0255	145.7484
4869	Bentley Park	QLD	-17.0039	145.7382
4869	Tamarind Gardens	QLD	-17.0255	145.7484
4869	Edmonton	QLD	-17.019	145.7444
4870	Cairns Mc	QLD	-16.9194	145.7361
4870	Edge Hill	QLD	-16.9	145.75
4870	Lake Morris	QLD	-16.9194	145.7361
4870	Mackinnon	QLD	-16.9194	145.7361
4870	Cairns Orchid Plaza	QLD	-16.9194	145.7361
4870	Westcourt	QLD	-16.9304	145.753
4870	Lamb Range	QLD	-17.1186	145.7101
4870	Bungalow	QLD	-16.9385	145.7563
4870	Stratford	QLD	-16.8783	145.7284
4870	Brinsmead	QLD	-16.8992	145.7155
4870	Cairns	QLD	-16.9237	145.7661
4870	Earlville	QLD	-16.9508	145.7331
4870	Cairns Dc	QLD	-16.9194	145.7361
4870	Manoora	QLD	-16.9171	145.7367
4870	Redlynch	QLD	-16.9254	145.6956
4870	Cairns City	QLD	-16.9207	145.7736
4870	Martynvale	QLD	-16.9194	145.7361
4870	Cairns North	QLD	-16.9041	145.757
4870	North Cairns	QLD	-16.9041	145.757
4870	Cairns Mcleod Street	QLD	-16.9194	145.7361
4870	Earlville Bc	QLD	-16.9194	145.7361
4870	Manunda	QLD	-16.9172	145.7492
4870	Freshwater	QLD	-16.8833	145.7167
4870	Barron Gorge	QLD	-16.8613	145.6659
4870	Mooroobool	QLD	-16.9349	145.7314
4870	Kanimbla	QLD	-16.9231	145.7216
4870	Parramatta Park	QLD	-16.926	145.7664
4870	Kamerunga	QLD	-16.8732	145.7013
4870	Whitfield	QLD	-16.8951	145.7333
4870	Portsmith	QLD	-16.9404	145.7677
4870	Aeroglen	QLD	-16.8806	145.745
4870	Cairns Central	QLD	-16.9194	145.7361
4878	Lake Placid	QLD	-16.8704	145.6841
4878	Machans Beach	QLD	-16.8585	145.7447
4878	Barron	QLD	-16.8538	145.7063
4878	Caravonica	QLD	-16.8706	145.681
4878	Yorkeys Knob	QLD	-16.8028	145.7208
4878	Holloways Beach	QLD	-16.8421	145.7392
4878	Smithfield	QLD	-16.825	145.6917
4879	Trinity Park	QLD	-16.8068	145.7055
4879	Palm Cove	QLD	-16.75	145.6667
4879	Kewarra Beach	QLD	-16.7822	145.6845
4879	Buchan Point	QLD	-16.7356	145.6675
4879	Trinity Beach	QLD	-16.7888	145.6968
4879	Clifton Beach	QLD	-16.7631	145.6717
4879	Ellis Beach	QLD	-16.7356	145.6675
4825	Lanskey	QLD	-20.6892	139.498
4825	Mount Isa East	QLD	-20.7507	139.5291
4825	Mica Creek	QLD	-20.7519	139.4904
4825	Winston	QLD	-20.7037	139.4991
4825	Mary Kathleen	QLD	-20.7552	139.9459
4825	Breakaway	QLD	-20.7257	139.5318
4825	Menzies	QLD	-20.7181	139.4972
4825	Sunset	QLD	-20.7103	139.5082
4825	Mount Isa City	QLD	-20.725	139.4934
4825	Barkly	QLD	-20.7507	139.5291
4825	Dajarra	QLD	-21.6959	139.5163
4825	Bushy Park	QLD	-20.7507	139.5291
4825	Anthonys Lagoon	QLD	-20.7507	139.5291
4825	Osborne Mine	QLD	-20.7507	139.5291
4825	Pioneer	QLD	-20.7203	139.5081
4825	Healy	QLD	-20.746	139.5001
4825	Happy Valley	QLD	-20.7479	139.4906
4825	Mount Isa	QLD	-20.7252	139.4973
4825	Fisher	QLD	-20.7507	139.5291
4825	Kalkadoon	QLD	-20.6843	139.4907
4825	Spreadborough	QLD	-20.7624	139.5015
4825	The Gap	QLD	-20.7507	139.5291
4825	The Monument	QLD	-20.7507	139.5291
4825	Alpurrurulam	QLD	-20.7507	139.5291
4825	Mount Isa Dc	QLD	-20.7507	139.5291
4825	Ryan	QLD	-20.7009	139.5005
4825	Fielding	QLD	-20.7507	139.5291
4825	Lawn Hill	QLD	-20.7507	139.5291
4825	Soldiers Hill	QLD	-20.7053	139.4899
4825	Parkside	QLD	-20.7377	139.4886
4825	Alroy	QLD	-20.7507	139.5291
4825	Townview	QLD	-20.7325	139.5048
4825	Waverley	QLD	-20.7507	139.5291
4825	Mornington	QLD	-20.7342	139.4959
4825	Miles End	QLD	-20.7182	139.4862
4825	Carrandotta	QLD	-20.7507	139.5291
4825	Alexandria	QLD	-20.7507	139.5291
4825	Gunpowder	QLD	-19.7103	139.3839
4825	Mount Isa Bc	QLD	-20.7507	139.5291
4825	Piturie	QLD	-20.7507	139.5291
4825	Duchess	QLD	-21.3667	139.85
4825	Brunette Downs	QLD	-20.7507	139.5291
4825	Buckingham	QLD	-20.7507	139.5291
4825	Georgina	QLD	-20.7507	139.5291
4871	Strathmore	QLD	-17.2171	145.2114
4871	Sandy Pocket	QLD	-17.2171	145.2114
4871	Almaden	QLD	-17.3394	144.6776
4871	Petford	QLD	-17.35	144.9333
4871	Einasleigh	QLD	-18.5167	144.1
4871	Wangan	QLD	-17.5775	146.0067
4871	Mirriwinni	QLD	-17.4	145.9167
4871	Cowley Creek	QLD	-17.6967	146.0363
4871	Waugh Pocket	QLD	-17.4475	145.9456
4871	Woopen Creek	QLD	-17.4716	145.8726
4871	Fitzroy Island	QLD	-17.2171	145.2114
4871	Bulleringa	QLD	-17.6378	143.9408
4871	Germantown	QLD	-17.2171	145.2114
4871	Yarrabah	QLD	-16.9945	145.8972
4871	Camp Creek	QLD	-17.2171	145.2114
4871	Lakeland	QLD	-15.8585	144.8546
4871	Currajah	QLD	-17.2171	145.2114
4871	Southedge	QLD	-17.2171	145.2114
4871	Pormpuraaw	QLD	-17.2171	145.2114
4871	Bramston Beach	QLD	-17.3518	146.0231
4871	Lakeland Downs	QLD	-15.8585	144.8546
4871	Amber	QLD	-17.2171	145.2114
4871	Stockton	QLD	-17.2171	145.2114
4871	Mount Molloy	QLD	-16.6734	145.3298
4871	Mount Carbine	QLD	-16.5333	145.1333
4871	East Creek	QLD	-17.2171	145.2114
4871	Desailly	QLD	-17.2171	145.2114
4871	Mount Mulligan	QLD	-16.7809	144.8819
4871	Lower Cowley	QLD	-17.2171	145.2114
4871	Forsayth	QLD	-18.5833	143.6167
4871	Rookwood	QLD	-17.2171	145.2114
4871	Aurukun	QLD	-17.2171	145.2114
4871	Cowley Beach	QLD	-17.6953	146.1073
4871	Bellenden Ker	QLD	-17.2171	145.2114
4871	Wellesley Islands	QLD	-17.2171	145.2114
4871	Hurricane	QLD	-17.2171	145.2114
4871	Edward River	QLD	-17.2171	145.2114
4871	Portland Roads	QLD	-17.2171	145.2114
4871	Northhead	QLD	-17.2171	145.2114
4871	West Wellesley Islands	QLD	-17.2171	145.2114
4871	Coralie	QLD	-17.2171	145.2114
4871	Spurgeon	QLD	-17.2171	145.2114
4871	Mornington Island	QLD	-17.2171	145.2114
4871	Mamu	QLD	-17.2171	145.2114
4871	Talaroo	QLD	-17.2171	145.2114
4871	Fishery Falls	QLD	-17.1833	145.8833
4871	Helenvale	QLD	-15.7167	145.2333
4871	Conjuboy	QLD	-17.2171	145.2114
4871	Kidston	QLD	-17.2171	145.2114
4871	Four Mile Beach	QLD	-17.2171	145.2114
4871	Lockhart	QLD	-17.2171	145.2114
4871	Gilberton	QLD	-17.2171	145.2114
4871	Fossilbrook	QLD	-17.2171	145.2114
4871	Thornborough	QLD	-17.2171	145.2114
4871	Mena Creek	QLD	-17.65	145.9667
4871	Lyndhurst	QLD	-17.2171	145.2114
4871	Basilisk	QLD	-17.2171	145.2114
4871	Bombeeta	QLD	-17.6833	145.9667
4871	Blackbull	QLD	-17.2171	145.2114
4871	Mount Surprise	QLD	-18.1466	144.319
4871	Crystalbrook	QLD	-17.2171	145.2114
4871	Miriwinni	QLD	-17.4	145.9167
4871	Abingdon Downs	QLD	-17.2171	145.2114
4871	Utchee Creek	QLD	-17.6306	145.9157
4871	Claraville	QLD	-17.2171	145.2114
4871	Bolwarra	QLD	-17.2171	145.2114
4871	Green Island	QLD	-17.2171	145.2114
4871	Aloomba	QLD	-17.1099	145.8334
4871	Cowley	QLD	-17.6833	146.05
4871	Esmeralda	QLD	-17.2171	145.2114
4871	Macalister Range	QLD	-16.842	145.6794
4871	Coen	QLD	-13.9456	143.199
4871	Karron	QLD	-17.2171	145.2114
4871	Nychum	QLD	-17.2171	145.2114
4871	Julatten	QLD	-16.6072	145.3412
4871	Moresby	QLD	-17.6333	146.0333
4871	Deeral	QLD	-17.2167	145.9167
4871	Glen Boughton	QLD	-16.9417	145.8155
4871	Kurrimine Beach	QLD	-17.7751	146.1055
4871	Koah	QLD	-16.8857	145.5517
4871	Georgetown	QLD	-18.292	143.5458
4871	Chillagoe	QLD	-17.1539	144.5227
4871	Gununa	QLD	-17.2171	145.2114
4871	Boogan	QLD	-17.6111	146.0133
4871	Laura	QLD	-15.5217	144.1986
4871	Kowanyama	QLD	-17.2171	145.2114
4871	Warrubullen	QLD	-17.6913	146.0167
4871	Croydon	QLD	-18.2043	142.2446
4871	Gilbert River	QLD	-18.15	142.8667
4871	East Trinity	QLD	-16.8932	145.8267
4871	South Wellesley Islands	QLD	-17.2171	145.2114
4871	Springfield	QLD	-17.2171	145.2114
4891	Karumba	QLD	-17.4869	140.8426
4849	Rungoo	QLD	-18.4975	146.1756
4849	Lumholtz	QLD	-18.3617	146.1207
4849	Cardwell	QLD	-18.2669	146.028
4849	Hinchinbrook	QLD	-18.3511	146.2352
4849	Damper Creek	QLD	-18.3313	146.0442
4852	Mission Beach	QLD	-17.8688	146.1039
4852	Wongaling Beach	QLD	-17.9133	146.0961
4852	South Mission Beach	QLD	-17.95	146.0833
4852	Narragon Beach	QLD	-17.8879	146.091
4852	South Mission	QLD	-17.8879	146.091
4852	Midgeree Bar	QLD	-17.8008	146.0801
4852	Carmoo	QLD	-17.9473	146.0457
4852	Tam O'Shanter	QLD	-17.913	146.06
4852	Djiru	QLD	-17.8879	146.091
4852	Clump Point	QLD	-17.8879	146.091
4852	Dunk	QLD	-17.9518	146.1557
4852	Garners Beach	QLD	-17.8163	146.0977
4852	Bingil Bay	QLD	-17.8295	146.0965
4854	Walter Hill	QLD	-17.9597	145.9168
4854	Dingo Pocket	QLD	-17.9042	145.8111
4854	Murray Upper	QLD	-18.1	145.85
4854	Mount Mackay	QLD	-17.9597	145.9168
4854	Kooroomool	QLD	-17.9597	145.9168
4854	Midgenoo	QLD	-17.9	145.9667
4854	Hull Heads	QLD	-17.9987	146.0575
4854	Tully	QLD	-17.9326	145.9228
4854	Euramo	QLD	-18	145.9333
4854	Silky Oak	QLD	-17.9673	145.9392
4854	Merryburn	QLD	-17.9597	145.9168
4854	Cardstone	QLD	-17.7509	145.5993
4854	Jarra Creek	QLD	-17.9396	145.8921
4854	Munro Plains	QLD	-17.9409	145.7852
4854	Tully Heads	QLD	-18.0232	146.0558
4854	Bilyana	QLD	-18.1092	145.9267
4854	Bulgun	QLD	-17.8996	145.9282
4854	Warrami	QLD	-18.0898	145.8269
4854	Feluga	QLD	-17.8795	145.9516
4854	Murrigal	QLD	-18.0478	145.9116
4854	Djarawong	QLD	-17.8667	145.9833
4854	Rockingham	QLD	-18.0275	145.9746
4854	East Feluga	QLD	-17.8911	146.0068
4854	Birkalla	QLD	-17.921	145.9401
4854	Lower Tully	QLD	-17.9846	146.0144
4855	Daveson	QLD	-17.7854	146.0211
4855	El Arish	QLD	-17.8075	146.0072
4855	Jaffa	QLD	-17.7833	145.9944
4855	Granadilla	QLD	-17.8461	146.0274
4855	Maadi	QLD	-17.8318	145.9912
4855	Maria Creeks	QLD	-17.8083	145.9815
4855	Friday Pocket	QLD	-17.8559	146.0045
4855	Shell Pocket	QLD	-17.8125	145.9907
4855	Gulngai	QLD	-17.744	145.8156
4856	No. 5 Branch	QLD	-17.7351	145.983
4856	No 4 Branch	QLD	-17.7536	145.9718
4856	Silkwood	QLD	-17.7446	146.0171
4856	Japoonvale	QLD	-17.7167	145.9333
4856	No 5 Branch	QLD	-17.7351	145.983
4856	No. 4 Branch	QLD	-17.7536	145.9718
4856	Mccutcheon	QLD	-17.7351	145.983
4856	Goolboo	QLD	-17.7226	146.031
4856	Walter Lever Estate	QLD	-17.7196	145.9731
4857	Silkwood East	QLD	-18.1193	146.0404
4859	South Johnstone	QLD	-17.5972	145.9945
4859	No. 6 Branch	QLD	-17.6003	145.9741
4859	No 6 Branch	QLD	-17.6003	145.9741
4477	Nive	QLD	-25.735	146.7856
4477	Upper Warrego	QLD	-25.735	146.7856
4477	Caroline Crossing	QLD	-25.6737	146.9868
4477	Augathella	QLD	-25.7962	146.5845
4709	Tieri	QLD	-23.0383	148.3446
4717	Blackwater	QLD	-23.5835	148.8791
4720	Emerald	QLD	-23.523	148.1578
4720	Yamala	QLD	-23.5833	148.3667
4720	Lochington	QLD	-23.5531	148.2623
4721	Belyando	QLD	-22.4481	147.6036
4721	Pasha	QLD	-21.727	147.5588
4721	Frankfield	QLD	-22.2466	147.1142
4721	Wolfang	QLD	-22.652	147.8724
4721	Gemini Mountains	QLD	-22.4481	147.6036
4721	Laglan	QLD	-22.4481	147.6036
4721	Theresa Creek	QLD	-22.4481	147.6036
4721	Argyll	QLD	-22.4481	147.6036
4721	Elgin	QLD	-22.4481	147.6036
4721	Clermont	QLD	-22.8241	147.6364
4721	Peak Vale	QLD	-23.1058	147.1573
4721	Kilcummin	QLD	-22.4504	147.6995
4721	Winchester	QLD	-22.1309	148.1868
4722	Minerva	QLD	-23.9667	148.1167
4722	Buckland	QLD	-24.2198	147.9609
4722	Springsure	QLD	-24.1148	148.0885
4722	Orion	QLD	-24.2305	148.4136
4722	Mantuan Downs	QLD	-24.5178	147.0256
4722	Cona Creek	QLD	-24.2198	147.9609
4722	Cairdbeign	QLD	-24.269	148.1604
4722	Albinia	QLD	-24.2198	147.9609
4722	Nandowrie	QLD	-24.2198	147.9609
4722	Wealwandangie	QLD	-24.2198	147.9609
4723	Lowestoff	QLD	-22.8471	148.0802
4723	Bundoora	QLD	-23.0366	148.0131
4723	Wyuna	QLD	-23.0366	148.0131
4723	Mount Macarthur	QLD	-22.8921	148.2078
4723	Carbine Creek	QLD	-23.1871	147.7935
4723	Belcong	QLD	-23.0366	148.0131
4723	Capella	QLD	-23.0859	148.0221
4723	Chirnside	QLD	-23.1381	148.0463
4723	Fork Lagoons	QLD	-23.0366	148.0131
4723	Khosh Bulduk	QLD	-22.9766	147.9112
4723	Lilyvale	QLD	-23.0366	148.0131
4723	Cotherstone	QLD	-23.0366	148.0131
4723	Retro	QLD	-22.8498	147.915
4723	Hibernia	QLD	-23.1393	147.9071
4723	Crinum	QLD	-23.2135	148.2348
4817	Kirwan	QLD	-19.3032	146.7253
4817	Rangewood	QLD	-19.3114	146.6388
4817	Bohle Plains	QLD	-19.3137	146.6919
4817	Alice River	QLD	-19.3344	146.6139
4817	Hervey Range	QLD	-19.4857	146.6606
4817	Thuringowa Central	QLD	-19.3129	146.7263
4817	Stableford	QLD	-19.3435	146.6761
4817	Rupertswood	QLD	-19.3435	146.6761
4820	Campaspe	QLD	-20.0687	146.2115
4820	Seventy Mile	QLD	-20.597	146.6175
4820	Basalt	QLD	-19.7516	145.3892
4820	Toll	QLD	-20.05	146.2523
4820	Richmond Hill	QLD	-20.0687	146.2115
4820	Dotswood	QLD	-19.6238	146.2896
4820	Breddan	QLD	-19.9804	146.2904
4820	Black Jack	QLD	-20.159	146.0721
4820	Queenton	QLD	-20.0745	146.2817
4820	Broughton	QLD	-20.1167	146.4333
4820	Charters Towers City	QLD	-20.0777	146.2628
4820	Alabama Hill	QLD	-20.0823	146.2484
4820	Mosman Park	QLD	-20.0987	146.2603
4820	Columbia	QLD	-20.0455	146.2748
4820	Millchester	QLD	-20.0922	146.2788
4820	Balfes Creek	QLD	-20.2167	145.9167
4820	Charters Towers	QLD	-20.0767	146.2635
4820	Southern Cross	QLD	-20.0263	146.181
4820	Towers Hill	QLD	-20.0906	146.2503
4820	Grand Secret	QLD	-20.0763	146.2451
4820	Llanarth	QLD	-20.0687	146.2115
4816	Sellheim	QLD	-20.0167	146.4167
4816	Julago	QLD	-19.3695	146.8872
4816	Woodstock	QLD	-19.6	146.8333
4816	Majors Creek	QLD	-19.6338	147.0081
4816	Macrossan	QLD	-20	146.4667
4816	Crimea	QLD	-19.7307	146.8048
4816	Mingela	QLD	-19.8833	146.6333
4816	Reid River	QLD	-19.7667	146.8333
4816	Ross River	QLD	-19.3167	146.7333
4816	Nome	QLD	-19.3625	146.9467
4816	Calcium	QLD	-19.6395	146.8198
4816	Torrens Creek	QLD	-20.7667	145.0167
4816	Toomulla	QLD	-19.0828	146.4749
4816	Pentland	QLD	-20.5236	145.3969
4816	Crystal Creek	QLD	-19.0029	146.2689
4816	Palm Island	QLD	-18.7356	146.5779
4816	Hidden Valley	QLD	-19.4918	146.3831
4816	Balgal Beach	QLD	-19.0163	146.4083
4816	Rollingstone	QLD	-19.05	146.3833
4816	Mount Elliot	QLD	-19.4918	146.3831
4816	Paluma	QLD	-19.0098	146.2086
4816	Buchanan	QLD	-19.4918	146.3831
4816	Nelia	QLD	-19.4918	146.3831
4816	Maxwelton	QLD	-19.4918	146.3831
4816	Malpas-Trenton	QLD	-19.4918	146.3831
4816	Ellerbeck	QLD	-18.2336	145.9865
4816	Brookhill	QLD	-19.3833	146.8333
4816	Barringha	QLD	-19.55	146.8333
4816	Prairie	QLD	-20.8833	144.6
4816	Savannah	QLD	-19.4918	146.3831
4816	Greenvale	QLD	-19.4918	146.3831
4816	Homestead	QLD	-20.3631	145.6582
4816	Cungulla	QLD	-19.3921	147.1083
4816	Clemant	QLD	-19.092	146.4733
4816	Ravenswood	QLD	-20.1	146.8833
4816	Kennedy	QLD	-18.2048	145.9546
4816	Toonpan	QLD	-19.5039	146.8703
4816	Alligator Creek	QLD	-19.3918	146.9378
4816	Carruchan	QLD	-18.2167	145.9167
4816	Mutarnee	QLD	-18.95	146.3
4816	The Cape	QLD	-20.4592	145.1686
4890	Norman	QLD	-17.5664	141.1287
4890	Howitt	QLD	-17.461	141.1801
4890	Normanton	QLD	-17.6718	141.0772
4482	Birdsville	QLD	-27.4488	146.4958
4735	Middleton	QLD	-22.3514	141.5517
4735	Opalton	QLD	-23.25	142.7667
4735	Diamantina Lakes	QLD	-23.7636	141.1414
4735	Winton	QLD	-22.3818	143.0424
4873	Newell	QLD	-16.4264	145.406
4873	Whyanbeel	QLD	-16.384	145.3413
4873	Lower Daintree	QLD	-16.276	145.3821
4873	Shannonvale	QLD	-16.5026	145.3793
4873	Wonga	QLD	-16.346	145.412
4873	Wonga Beach	QLD	-16.346	145.412
4873	Cow Bay	QLD	-16.2254	145.4286
4873	Noah	QLD	-16.3416	145.3844
4873	Finlayvale	QLD	-16.4595	145.3509
4873	Stewart Creek Valley	QLD	-16.2949	145.3065
4873	Spurgeon	QLD	-16.3416	145.3844
4873	Dedin	QLD	-16.3416	145.3844
4873	Forest Creek	QLD	-16.2374	145.3658
4873	Diwan	QLD	-16.1902	145.415
4873	Daintree	QLD	-16.25	145.3193
4873	Miallo	QLD	-16.3946	145.3696
4873	Cassowary	QLD	-16.497	145.3965
4873	Rocky Point	QLD	-16.3907	145.4056
4873	Mossman Gorge	QLD	-16.4741	145.3482
4873	Upper Daintree	QLD	-16.2231	145.2919
4873	Low Isles	QLD	-16.3416	145.3844
4873	Bamboo	QLD	-16.3798	145.3859
4873	Thornton Beach	QLD	-16.1748	145.4409
4873	Finlay Vale	QLD	-16.3416	145.3844
4873	Cooya Beach	QLD	-16.4481	145.4057
4873	Bailey Creek	QLD	-16.3416	145.3844
4873	Bonnie Doon	QLD	-16.4728	145.3897
4873	Cape Tribulation	QLD	-16.0867	145.4618
4873	Syndicate	QLD	-16.3416	145.3844
4873	Dagmar	QLD	-16.3416	145.3844
4873	Mossman	QLD	-16.4629	145.3714
4873	Kimberley	QLD	-16.2562	145.4387
4877	Craiglie	QLD	-16.5379	145.4696
4877	Low Isles	QLD	-16.5552	145.4868
4877	Oak Beach	QLD	-16.5983	145.5177
4877	Port Douglas	QLD	-16.4838	145.4673
4877	Wangetti	QLD	-16.6593	145.5664
4877	Killaloe	QLD	-16.4918	145.4206
4877	Mowbray	QLD	-16.5602	145.4794
4895	Hope Vale	QLD	-15.387	145.14
4895	Wujal Wujal	QLD	-15.9456	145.3185
4895	Degarra	QLD	-15.9522	145.3473
4895	Rossville	QLD	-15.7	145.2541
4895	Bloomfield	QLD	-15.9333	145.3333
4895	Helenvale	QLD	-15.7167	145.2333
4895	Ayton	QLD	-15.9216	145.3525
4895	Starcke	QLD	-15.7528	145.2786
4895	Cooktown	QLD	-15.4657	145.2498
4822	Saxby	QLD	-20.4831	142.8984
4822	Burleigh	QLD	-20.4831	142.8984
4822	Victoria Vale	QLD	-20.4831	142.8984
4822	Nonda	QLD	-20.6833	142.4833
4822	Bellfield	QLD	-20.4831	142.8984
4822	Woolgar	QLD	-19.8	143.2833
4822	Cambridge	QLD	-20.4831	142.8984
4822	Richmond	QLD	-20.7324	143.1436
4822	Albion	QLD	-20.4831	142.8984
4822	Maxwelton	QLD	-20.7167	142.6833
4821	Hughenden	QLD	-20.844	144.2003
4821	Stamford	QLD	-21.2667	143.8167
4821	Marathon	QLD	-20.8667	143.5833
4821	Porcupine	QLD	-20.4611	144.4311
4821	Prairie	QLD	-20.8833	144.6
4821	Dutton River	QLD	-21.012	144.1441
4821	Tangorin	QLD	-21.75	144.2333
4570	Marodian	QLD	-25.8482	152.2932
4570	Scrubby Creek	QLD	-26.184	152.6411
4570	The Dawn	QLD	-26.2418	152.6792
4570	Beenaam Valley	QLD	-26.1853	152.8217
4570	Theebine	QLD	-25.9505	152.5409
4570	Pie Creek	QLD	-26.2299	152.6077
4570	Widgee	QLD	-26.2173	152.4308
4570	Downsfield	QLD	-26.0667	152.7333
4570	Neusa Vale	QLD	-26.1826	152.8362
4570	Corella	QLD	-26.1	152.6333
4570	Ross Creek	QLD	-26.184	152.6411
4570	Tuchekoi	QLD	-26.184	152.6411
4570	Kia Ora	QLD	-26.184	152.6411
4570	Sandy Creek	QLD	-26.8506	152.6377
4570	Coles Creek	QLD	-26.3587	152.7365
4570	Long Flat	QLD	-26.184	152.6411
4570	Curra	QLD	-26.0667	152.5833
4570	Woondum	QLD	-26.2507	152.7281
4570	Glanmire	QLD	-26.2294	152.6964
4570	Tandur	QLD	-26.2833	152.75
4570	Gympie Dc	QLD	-26.184	152.6411
4570	Brooloo	QLD	-26.5	152.7
4570	Banks Pocket	QLD	-26.1511	152.6707
4570	St Mary	QLD	-25.6988	152.4997
4570	Wallu	QLD	-25.9493	152.9065
4570	Neerdie	QLD	-26.0031	152.7553
4570	The Palms	QLD	-26.205	152.5865
4570	Gilldora	QLD	-26.3	152.6667
4570	Victory Heights	QLD	-26.1723	152.6895
4570	Glen Echo	QLD	-25.9069	152.3909
4570	Two Mile	QLD	-26.1689	152.641
4570	Wolvi	QLD	-26.1667	152.8333
4570	Kandanga Creek	QLD	-26.3993	152.6214
4570	Munna Creek	QLD	-25.8911	152.4655
4570	Coondoo	QLD	-26.1895	152.9024
4570	Glastonbury	QLD	-26.2115	152.5377
4570	Southside	QLD	-26.21	152.6472
4570	Upper Kandanga	QLD	-26.4167	152.5833
4570	Calico Creek	QLD	-26.304	152.6473
4570	East Deep Creek	QLD	-26.1976	152.7175
4570	Woolooga	QLD	-25.984	152.4028
4570	Gunalda	QLD	-25.9987	152.562
4570	Bollier	QLD	-26.4686	152.7181
4570	Upper Glastonbury	QLD	-26.25	152.5
4570	Mothar Mountain	QLD	-26.2499	152.7737
4570	Miva	QLD	-25.9606	152.4913
4570	Kanigan	QLD	-25.9485	152.5802
4570	Jones Hill	QLD	-26.2292	152.6688
4570	Tamaree	QLD	-26.1346	152.6636
4570	Dagun	QLD	-26.3167	152.6833
4570	Wilsons Pocket	QLD	-26.1204	152.8088
4570	Araluen	QLD	-26.1571	152.6522
4570	Mooloo	QLD	-26.3004	152.6145
4570	Marys Creek	QLD	-26.2472	152.5815
4570	Lagoon Pocket	QLD	-26.277	152.6815
4570	Canina	QLD	-26.1396	152.7483
4570	Glenwood	QLD	-26.184	152.6411
4570	Toolara Forest	QLD	-25.9966	152.8371
4570	Kybong	QLD	-26.3167	152.7167
4570	Greens Creek	QLD	-26.1705	152.7536
4570	Monkland	QLD	-26.2119	152.6824
4570	Cedar Pocket	QLD	-26.2172	152.7962
4570	Chatsworth	QLD	-26.144	152.615
4570	Widgee Crossing South	QLD	-26.1984	152.6077
4570	Nahrunda	QLD	-26.2063	152.6193
4570	Amamoor	QLD	-26.3492	152.6793
4570	Mcintosh Creek	QLD	-26.2656	152.6402
4570	Lower Wonga	QLD	-26.1198	152.4539
4570	Calgoa	QLD	-25.8632	152.2568
4570	Toolara	QLD	-25.9966	152.8371
4570	Widgee Crossing North	QLD	-26.1855	152.6207
4570	Amamoor Creek	QLD	-26.3816	152.505
4570	Bella Creek	QLD	-26.475	152.5644
4570	North Deep Creek	QLD	-26.0973	152.6889
4570	Bells Bridge	QLD	-26.1221	152.5548
4570	Imbil	QLD	-26.4596	152.6781
4570	Fishermans Pocket	QLD	-26.1621	152.606
4570	Lake Borumba	QLD	-26.5356	152.5132
4570	Kandanga	QLD	-26.3927	152.6767
4570	Anderleigh	QLD	-25.9905	152.6828
4570	Paterson	QLD	-25.8908	152.5438
4570	Scotchy Pocket	QLD	-25.9861	152.5421
4570	Sexton	QLD	-26	152.4333
4570	Veteran	QLD	-26.159	152.6898
4570	Goomboorian	QLD	-26.081	152.7912
4570	Langshaw	QLD	-26.3	152.5667
4570	Gympie	QLD	-26.1898	152.665
4570	Traveston	QLD	-26.3167	152.7833
4570	Melawondi	QLD	-26.4167	152.6667
4580	Cooloola	QLD	-25.9864	152.9935
4580	Cooloola Cove	QLD	-25.9864	152.9935
4580	Tin Can Bay	QLD	-25.9191	153.0032
4581	K'Gari	QLD	-25.5523	153.1496
4581	Inskip Point	QLD	-25.5523	153.1496
4581	Rainbow Beach	QLD	-25.9043	153.0917
4581	Fraser Island	QLD	-25.5523	153.1496
4581	Inskip	QLD	-25.8283	153.0675
4581	Eurong	QLD	-25.5092	153.125
4581	Orchid Beach	QLD	-24.9673	153.3144
4620	Brooweena	QLD	-25.6059	152.2611
4620	North Aramara	QLD	-25.5567	152.3211
4620	Doongul	QLD	-25.4978	152.3698
4620	Woocoo	QLD	-25.6887	152.3084
4620	Malarga	QLD	-25.7968	152.1153
4620	Gungaloon	QLD	-25.6605	152.2736
4620	Glenbar	QLD	-25.751	152.3497
4620	Gigoomgan	QLD	-25.7647	152.2304
4620	Teebar	QLD	-25.6734	152.1844
4620	Aramara	QLD	-25.6095	152.322
4621	Degilbo	QLD	-25.4833	152
4621	Dallarnil	QLD	-25.4	152.05
4621	Coalstoun Lakes	QLD	-25.6181	151.8937
4621	Woowoonga	QLD	-25.4776	152.0737
4621	Golden Fleece	QLD	-25.3486	152.1296
4621	Wateranga	QLD	-25.3904	151.8448
4621	Biggenden	QLD	-25.5086	152.0448
4621	Didcot	QLD	-25.4756	151.868
4621	Boompa	QLD	-25.5911	152.1861
4621	Coringa	QLD	-25.3717	151.986
4621	Lakeside	QLD	-25.5783	152.1251
4659	Howard	QLD	-25.3193	152.5599
4659	Burrum Heads	QLD	-25.1846	152.6126
4659	Burrum River	QLD	-25.2897	152.5847
4659	Burrum	QLD	-25.3315	152.5781
4659	Pacific Haven	QLD	-25.2658	152.5521
4659	Burrum Town	QLD	-25.2808	152.5884
4659	Burgowan	QLD	-25.2808	152.5884
4659	Beelbi Creek	QLD	-25.2937	152.6433
4660	Apple Tree Creek	QLD	-25.2167	152.2333
4660	Isis Central Mill	QLD	-25.1975	152.3239
4660	North Gregory	QLD	-25.069	152.2497
4660	Doolbi	QLD	-25.2333	152.3
4660	Redridge	QLD	-25.1699	152.3613
4660	Goodwood	QLD	-25.1457	152.4103
4660	Woodgate	QLD	-25.1083	152.5625
4660	Lynwood	QLD	-25.2	152.25
4660	Eureka	QLD	-25.1975	152.3239
4660	North Isis	QLD	-25.177	152.2643
4660	Abington	QLD	-25.1975	152.3239
4660	Promisedland	QLD	-25.1975	152.3239
4660	Gregory River	QLD	-25.1975	152.3239
4660	Kullogum	QLD	-25.2845	152.216
4660	Isis Central	QLD	-25.1975	152.3239
4660	Cordalba	QLD	-25.1606	152.2119
4660	Kowbi	QLD	-25.1833	152.2333
4660	Childers	QLD	-25.2371	152.2788
4660	Cherwell	QLD	-25.2859	152.4872
4660	Horton	QLD	-25.2333	152.3167
4660	Huxley	QLD	-25.2167	152.2667
4660	Buxton	QLD	-25.1989	152.5422
4660	Farnsfield	QLD	-25.1042	152.2955
4660	South Isis	QLD	-25.2666	152.2976
4660	Isis River	QLD	-25.2613	152.3759
4662	Torbanlea	QLD	-25.3453	152.5938
4676	Lowmead	QLD	-24.5295	151.7532
4676	Gindoran	QLD	-24.5295	151.7532
4677	Colosseum	QLD	-24.3902	151.6121
4677	Mount Tom	QLD	-24.3251	151.6631
4677	Eurimbula	QLD	-24.2839	151.7317
4677	Captain Creek	QLD	-24.2751	151.7649
4677	Round Hill	QLD	-24.2839	151.7317
4677	Miriam Vale	QLD	-24.3321	151.5629
4677	Seventeen Seventy	QLD	-24.1687	151.8839
4677	Agnes Water	QLD	-24.2119	151.9035
4678	Rodds Bay	QLD	-24.0855	151.6282
4678	Foreshores	QLD	-24.0997	151.4945
4678	Turkey Beach	QLD	-24.0824	151.6522
4678	Bororen	QLD	-24.2406	151.496
4694	Targinnie	QLD	-23.8	151.1
4694	Targinie	QLD	-23.8	151.1
4694	Aldoga	QLD	-23.8228	151.0693
4694	Yarwun	QLD	-23.8172	151.1487
4695	Darts Creek	QLD	-23.767	150.9408
4695	Bracewell	QLD	-23.9	150.9
4695	East End	QLD	-23.8233	150.938
4695	Ambrose	QLD	-23.8	150.9333
4695	Machine Creek	QLD	-23.8377	150.9371
4695	Mount Larcom	QLD	-23.8121	150.9789
4695	The Narrows	QLD	-23.8233	150.938
4697	Raglan	QLD	-23.7167	150.8167
4183	Amity Point	QLD	-27.3982	153.438
4183	Amity	QLD	-27.3982	153.438
4183	North Stradbroke Island	QLD	-27.4332	153.4627
4183	Point Lookout	QLD	-27.4273	153.5366
4183	Dunwich	QLD	-27.4984	153.402
4207	Eagleby	QLD	-27.6833	153.2167
4207	Edens Landing	QLD	-27.7027	153.1694
4207	Holmview	QLD	-27.7163	153.1705
4207	Cabbage Tree Point	QLD	-27.7376	153.3548
4207	Yellow Wood	QLD	-27.7465	153.2082
4207	Yarrabilba	QLD	-27.8086	153.1116
4207	Buccan	QLD	-27.75	153.1333
4207	Bannockburn	QLD	-27.7599	153.1922
4207	Yatala Dc	QLD	-27.7465	153.2082
4207	Kairabah	QLD	-27.7465	153.2082
4207	Cedar Creek	QLD	-27.8618	153.1999
4207	Beenleigh	QLD	-27.7114	153.2029
4207	Luscombe	QLD	-27.7755	153.2064
4207	Wolffdene	QLD	-27.7833	153.1833
4207	Stapylton	QLD	-27.7333	153.2333
4207	Logan Village	QLD	-27.7683	153.1076
4207	Woongoolba	QLD	-27.75	153.3333
4207	Bahrs Scrub	QLD	-27.7333	153.1667
4207	Yatala	QLD	-27.7167	153.2167
4207	Windaroo	QLD	-27.7459	153.1934
4207	Mount Warren Park	QLD	-27.7311	153.2055
4207	Steiglitz	QLD	-27.75	153.35
4207	Belivah	QLD	-27.7582	153.175
4207	Alberton	QLD	-27.7	153.25
4208	Kingsholme	QLD	-27.8254	153.2335
4208	Ormeau	QLD	-27.7679	153.2428
4208	Jacobs Well	QLD	-27.7799	153.3615
4208	Halfway Creek	QLD	-27.617	153.2336
4208	Gilberton	QLD	-27.7333	153.2833
4208	Ormeau Hills	QLD	-27.7965	153.2567
4208	Burnside	QLD	-26.6325	152.9406
4208	Norwell	QLD	-27.7833	153.3167
4209	Pimpama	QLD	-27.8167	153.3
4209	Canowindra	QLD	-27.8455	153.297
4209	Upper Coomera	QLD	-27.8768	153.2857
4209	Coomera	QLD	-27.8433	153.339
4209	Willow Vale	QLD	-27.845	153.2631
4210	Studio Village	QLD	-27.9135	153.2619
4210	Guanaba	QLD	-27.9381	153.2393
4210	Oxenford	QLD	-27.8903	153.3131
4210	Maudsland	QLD	-27.95	153.2667
4210	Wongawallan	QLD	-27.8755	153.2287
4212	Hope Island	QLD	-27.8704	153.3516
4212	Sanctuary Cove	QLD	-27.86	153.3719
4212	Helensvale Town Centre	QLD	-27.8767	153.3573
4212	Helensvale	QLD	-27.9183	153.3327
4212	Santa Barbara	QLD	-27.8573	153.3548
4212	Boykambil	QLD	-27.8775	153.3755
4212	Monterey Keys	QLD	-27.8767	153.3573
4213	Springbrook	QLD	-28.1917	153.263
4213	Mudgeeraba	QLD	-28.0833	153.3667
4213	Neranwood	QLD	-28.1168	153.3123
4213	Worongary	QLD	-28.05	153.35
4213	Tallai	QLD	-28.0641	153.3259
4213	Bonogin	QLD	-28.1393	153.353
4213	Austinville	QLD	-28.1545	153.3092
4214	Arundel	QLD	-27.9377	153.363
4214	Ashmore City	QLD	-27.9638	153.3658
4214	Arundel Dc	QLD	-27.9638	153.3658
4214	Molendinar	QLD	-27.9741	153.3607
4214	Ashmore	QLD	-27.9888	153.3765
4214	Parkwood	QLD	-27.9546	153.363
4214	Arundel Bc	QLD	-27.9638	153.3658
4215	Sundale	QLD	-27.9556	153.3981
4215	Southport Park	QLD	-27.9556	153.3981
4215	Labrador	QLD	-27.944	153.3982
4215	Southport Bc	QLD	-27.9556	153.3981
4215	Keebra Park	QLD	-27.9556	153.3981
4215	Australia Fair	QLD	-27.9556	153.3981
4215	Chirn Park	QLD	-27.9556	153.3981
4215	Southport	QLD	-27.9672	153.398
4216	Paradise Point	QLD	-27.8866	153.3933
4216	South Stradbroke	QLD	-27.8329	153.4207
4216	Coombabah	QLD	-27.9107	153.3709
4216	Paradise Point Keys	QLD	-27.8962	153.3965
4216	Sovereign Islands	QLD	-27.8962	153.3965
4216	Anglers Paradise	QLD	-27.8962	153.3965
4216	Currigee	QLD	-27.8962	153.3965
4216	Biggera Waters	QLD	-27.9324	153.4002
4216	Runaway Bay	QLD	-27.9139	153.3977
4216	Hollywell	QLD	-27.9008	153.3961
4217	Gold Coast Mc	QLD	-28.0001	153.4118
4217	Isle Of Capri	QLD	-28.0001	153.4118
4217	Surfers Paradise	QLD	-28.0027	153.43
4217	The Spit	QLD	-28.0001	153.4118
4217	Paradise Waters	QLD	-28.0001	153.4118
4217	Bundall Dc	QLD	-28.0001	153.4118
4217	Benowa	QLD	-28.0077	153.3858
4217	Bundall Bc	QLD	-28.0001	153.4118
4217	Chevron Island	QLD	-28.0001	153.4118
4217	Paradise Island	QLD	-28.0001	153.4118
4217	Sorrento	QLD	-28.0001	153.4118
4217	Bundall	QLD	-28.0111	153.4048
4217	Main Beach	QLD	-27.9788	153.4266
4218	Cypress Gardens	QLD	-27.9778	151.0312
4218	Florida Gardens	QLD	-28.0268	152.951
4218	Q Supercentre	QLD	-28.0268	152.951
4218	Rio Vista	QLD	-28.0268	152.951
4218	Broadbeach Waters	QLD	-28.035	153.425
4218	Mermaid Beach	QLD	-28.0441	153.4347
4218	Pacific Fair	QLD	-28.0268	152.951
4218	Mermaid Keys	QLD	-28.0268	152.951
4218	Moana Park	QLD	-28.0268	152.951
4218	Broadbeach	QLD	-28.0278	153.4334
4218	Rialto	QLD	-28.0268	152.951
4218	Nobby Beach	QLD	-28.0268	152.951
4218	Miami Keys	QLD	-28.0268	152.951
4218	Mermaid Waters	QLD	-28.0491	153.4308
4219	West Burleigh	QLD	-28.1124	153.4405
4220	Burleigh Bc	QLD	-28.0905	153.4387
4220	Burleigh Dc	QLD	-28.0905	153.4387
4220	Burleigh Town	QLD	-28.0905	153.4387
4220	Tally Valley	QLD	-28.0905	153.4387
4220	Miami	QLD	-28.0717	153.4416
4220	Burleigh Heads	QLD	-28.1	153.45
4220	Burleigh Waters	QLD	-28.0998	153.4246
4221	Palm Beach	QLD	-28.1169	153.4658
4221	Elanora	QLD	-28.1358	153.4493
4223	Currumbin Dc	QLD	-28.1677	153.439
4223	Currumbin Valley	QLD	-28.2081	153.3942
4223	Currumbin	QLD	-28.1407	153.45
4223	Currumbin Waters	QLD	-28.1544	153.4728
4224	Tugun	QLD	-28.15	153.5
4224	Tugun Heights	QLD	-28.15	153.5
4225	Rainbow Bay	QLD	-28.0407	152.984
4225	Bilinga	QLD	-28.1667	153.5167
4225	Kirra	QLD	-28.0407	152.984
4225	Coolangatta	QLD	-28.1694	153.5347
4225	Greenmount	QLD	-27.7858	151.9008
4226	Kerrydale	QLD	-28.0582	153.3882
4226	Robina Dc	QLD	-28.0582	153.3882
4226	Merrimac	QLD	-28.0509	153.3731
4226	Clear Island Waters	QLD	-28.0531	153.3981
4226	Robina	QLD	-28.0707	153.3933
4227	Reedy Creek	QLD	-28.0994	153.4043
4227	Varsity Lakes	QLD	-28.0894	153.4122
4228	Ingleside	QLD	-28.1647	153.3946
4228	Tallebudgera Valley	QLD	-28.1927	153.3549
4228	Tallebudgera	QLD	-28.15	153.4333
4229	Bond University	QLD	-28.1085	153.3582
4230	Robina Town Centre	QLD	-27.9596	153.1824
4271	Eagle Heights	QLD	-27.9193	153.1994
2406	Mungindi	QLD	-29.0185	149.2548
4352	Kulpi	QLD	-27.1901	151.6984
4352	Fifteen Mile	QLD	-27.4228	152.0624
4352	Karara	QLD	-28.2085	151.5647
4352	Peranga	QLD	-27.1469	151.6939
4352	Wutul	QLD	-27.0333	151.8
4352	Cement Mills	QLD	-28.3333	151.5
4352	Yalangur	QLD	-27.4167	151.8333
4352	Thornville	QLD	-27.0577	151.816
4352	Malling	QLD	-27.0709	151.5901
4352	Derrymore	QLD	-27.5975	152.053
4352	Spring Bluff	QLD	-27.4625	151.9698
4352	Vale View	QLD	-27.6619	151.899
4352	Toowoomba Mc	QLD	-27.5652	151.8726
4352	Blanchview	QLD	-27.5667	152.0333
4352	Pampas	QLD	-27.7929	151.4161
4352	Maclagan	QLD	-27.0867	151.6318
4352	Woodleigh	QLD	-27.5652	151.8726
4352	Ravensbourne	QLD	-27.3667	152.1667
4352	Nutgrove	QLD	-27.05	151.7667
4352	Iredale	QLD	-27.5799	152.1134
4352	Withcott	QLD	-27.5541	152.0243
4352	Lilyvale	QLD	-27.5652	151.8726
4352	Wyreema	QLD	-27.6558	151.8553
4352	Evergreen	QLD	-27.15	151.7333
4352	Upper Lockyer	QLD	-27.6667	152.2333
4352	Groomsville	QLD	-27.5652	151.8726
4352	Hampton	QLD	-27.35	152.0833
4352	Grapetree	QLD	-27.5652	151.8726
4352	Severnlea	QLD	-28.7023	151.9027
4352	North Maclagan	QLD	-27.5652	151.8726
4352	Gore	QLD	-28.2833	151.4833
4352	Whichello	QLD	-27.2936	151.9872
4352	St Aubyn	QLD	-27.0833	151.9167
4352	Kleinton	QLD	-27.4333	151.95
4352	Murphys Creek	QLD	-27.4637	152.0549
4352	Woolmer	QLD	-27.45	151.9167
4352	Tummaville	QLD	-27.8754	151.5056
4352	Narko	QLD	-27.1028	151.7015
4352	Doctor Creek	QLD	-27.5652	151.8726
4352	Gowrie Junction	QLD	-27.4833	151.8833
4352	Branchview	QLD	-27.5652	151.8726
4352	Kurrowah	QLD	-27.5652	151.8726
4352	Ballard	QLD	-27.4995	151.9807
4352	Cawdor	QLD	-27.461	151.8996
4352	Highgrove	QLD	-27.1333	151.7667
4352	Palmtree	QLD	-27.3981	152.1201
4352	Oman Ama	QLD	-28.4	151.3
4352	Palm Tree	QLD	-27.5652	151.8726
4352	Grape Tree	QLD	-27.5652	151.8726
4352	Condamine Plains	QLD	-27.5652	151.8726
4352	Meringandan	QLD	-27.4301	151.9136
4352	Rangemore	QLD	-27.5652	151.8726
4352	Mount Luke	QLD	-27.3858	152.0428
4352	Postmans Ridge	QLD	-27.5309	152.0528
4352	Bapaume	QLD	-28.5699	151.8438
4352	Cutella	QLD	-27.45	151.8167
4352	Ramsay	QLD	-27.7232	151.9886
4352	Highfields	QLD	-27.4634	151.9539
4352	Silver Ridge	QLD	-27.6097	152.0078
4352	Yandilla	QLD	-27.85	151.3667
4352	Gowrie Little Plain	QLD	-27.4306	151.846
4352	Glencoe	QLD	-27.5652	151.8726
4352	Meringandan West	QLD	-27.4161	151.8873
4352	Birnam	QLD	-27.4833	151.9167
4352	Pozieres	QLD	-28.5269	151.8829
4352	Coalbank	QLD	-27.1167	151.85
4352	Lyra	QLD	-28.829	151.8552
4352	Pechey	QLD	-27.3	152.05
4352	Djuan	QLD	-27.181	151.91
4352	Geham	QLD	-27.4	152.0167
4352	Muniganeen	QLD	-27.384	151.8678
4352	Cabarlah	QLD	-27.4333	152
4352	Amiens	QLD	-28.588	151.8074
4352	Merritts Creek	QLD	-27.3537	152.0434
4352	Perseverance	QLD	-27.3712	152.1049
4352	Preston	QLD	-27.6604	151.9866
4352	White Mountain	QLD	-27.4293	152.0991
4352	Umbiram	QLD	-27.6692	151.7663
4352	Hodgson Vale	QLD	-27.6652	151.9325
4357	Condamine Farms	QLD	-27.901	150.9479
4357	Canning Creek	QLD	-28.23	151.1573
4357	Millwood	QLD	-28.0262	151.2041
4357	Grays Gate	QLD	-27.9598	151.2816
4357	Lavelle	QLD	-28.0041	151.2828
4357	Woondul	QLD	-27.9982	151.1776
4357	Clontarf	QLD	-27.9667	151.2167
4357	Millmerran Downs	QLD	-27.9903	151.0617
4357	Lemontree	QLD	-27.9982	151.1776
4357	Turallin	QLD	-27.8333	151.2167
4357	Bulli Creek	QLD	-27.9982	151.1776
4357	Punchs Creek	QLD	-27.9982	151.1776
4357	Stonehenge	QLD	-27.9982	151.1776
4357	Mount Emlyn	QLD	-28.0393	151.3008
4357	Forest Ridge	QLD	-27.9629	151.0272
4357	Cypress Gardens	QLD	-27.9778	151.0312
4357	The Pines	QLD	-27.9982	151.1776
4357	Wattle Ridge	QLD	-27.9982	151.1776
4357	Domville	QLD	-27.9982	151.1776
4357	Captains Mountain	QLD	-27.9411	151.1639
4357	Millmerran	QLD	-27.8791	151.2706
4357	Kooroongarra	QLD	-28.1032	151.2586
4357	Rocky Creek	QLD	-28.0167	151.35
4357	Western Creek	QLD	-27.9982	151.1776
4357	Millmerran Woods	QLD	-28.0143	151.0577
4357	Bringalily	QLD	-28.1237	151.1901
4384	Limevale	QLD	-28.721	151.1824
4387	Inglewood	QLD	-28.4159	151.0807
4387	Mosquito Creek	QLD	-28.4997	151.186
4387	Bybera	QLD	-28.4997	151.186
4387	Greenup	QLD	-28.4997	151.186
4387	Warroo	QLD	-28.5408	151.3458
4387	Terrica	QLD	-28.5219	151.4786
4387	Whetstone	QLD	-28.5	150.9333
4387	Coolmunda	QLD	-28.4171	151.1449
4387	Brush Creek	QLD	-28.6025	151.1326
4388	Yelarbon	QLD	-28.5725	150.7513
4388	Kurumbul	QLD	-28.6167	150.55
4390	Calingunee	QLD	-27.9858	150.3789
4390	Wyaga	QLD	-28.1912	150.6307
4390	Lundavra	QLD	-28.0661	149.9691
4390	Callandoon	QLD	-28.4958	150.1831
4390	Wondalli	QLD	-28.3811	150.5919
4390	Yagaburne	QLD	-28.1267	150.5385
4390	Goondiwindi	QLD	-28.5471	150.3055
4390	Kindon	QLD	-28.2684	150.3494
4390	Billa Billa	QLD	-28.146	150.3006
4390	Goodar	QLD	-28.4761	150.2467
4406	Southwood	QLD	-27.7683	150.0713
4406	Kogan	QLD	-27.0333	150.7667
4406	Halliford	QLD	-27.3954	150.9745
4406	Macalister	QLD	-27.0457	151.081
4406	Weir River	QLD	-27.2747	150.769
4406	Moonie	QLD	-27.7184	150.3697
4406	Moola	QLD	-27.0977	151.5298
4406	Kaimkillenbun	QLD	-27.0627	151.4362
4406	Jimbour East	QLD	-27.2747	150.769
4406	Jimbour West	QLD	-27.2747	150.769
4406	Boondandilla	QLD	-27.2747	150.769
4406	Jimbour	QLD	-26.9627	151.2145
4406	The Gums	QLD	-27.3333	150.1833
4406	Hannaford	QLD	-27.3296	150.0631
4494	Tarawera	QLD	-28.2167	149.6667
4494	North Bungunya	QLD	-28.1823	149.5214
4494	Bungunya	QLD	-28.4294	149.6555
4496	South Talwood	QLD	-28.6124	149.3207
4496	North Talwood	QLD	-28.4858	149.4681
4496	Talwood	QLD	-28.4858	149.4681
4497	Thallon	QLD	-28.6379	148.8683
4497	Weengallon	QLD	-28.3586	149.0537
4497	Daymar	QLD	-28.6043	148.9792
4498	Kioma	QLD	-28.212	149.788
4498	Toobeah	QLD	-28.4206	149.8662
4563	Cooroy Mountain	QLD	-26.4252	152.9541
4563	Tinbeerwah	QLD	-26.4044	152.9826
4563	Cooroy	QLD	-26.4178	152.9115
4563	Lake Macdonald	QLD	-26.3848	152.9321
4563	Sunrise Hills	QLD	-26.4206	152.8896
4563	Ridgewood	QLD	-26.4605	152.7991
4563	Carters Ridge	QLD	-26.4525	152.772
4563	Black Mountain	QLD	-26.3989	152.8756
4574	Kenilworth	QLD	-26.5966	152.7281
4574	Obi Obi	QLD	-26.65	152.8
4574	Kidaman Creek	QLD	-26.6312	152.7675
4574	Coolabine	QLD	-26.5933	152.764
4574	Moy Pocket	QLD	-26.5276	152.7438
4574	Gheerulla	QLD	-26.5667	152.7667
4600	Oakview	QLD	-26.0833	152.3333
4600	Black Snake	QLD	-26.1788	152.2482
4600	Kilkivan	QLD	-26.0869	152.234
4600	Mudlo	QLD	-25.9627	152.2253
4600	Cinnabar	QLD	-26.1224	152.1854
4601	Kinbombi	QLD	-26.1981	152.1221
4601	Goomeribong	QLD	-26.139	152.0322
4601	Goomeri	QLD	-26.1838	152.0687
4601	Booubyjan	QLD	-25.9671	151.9455
4601	Boonara	QLD	-26.0802	152.0546
4601	Wrattens Forest	QLD	-26.1696	152.0783
4601	Barambah	QLD	-26.3112	152.1135
4601	Manyung	QLD	-26.2	152.0333
4601	Tansey	QLD	-26.0467	152.0514
4601	Manumbar	QLD	-26.4	152.2833
4605	Manyung	QLD	-26.2	152.0333
4605	Windera	QLD	-26.05	151.8333
4605	Murgon	QLD	-26.2417	151.9405
4605	Cloyna	QLD	-26.1112	151.8459
4605	Tablelands	QLD	-26.1653	151.9097
4605	Merlwood	QLD	-26.1419	151.8675
4605	Moffatdale	QLD	-26.3079	152.0125
4605	Redgate	QLD	-26.1653	151.9097
4605	Glenrock	QLD	-26.1653	151.9097
4605	Moondooner	QLD	-26.2333	152
4605	Oakdale	QLD	-26.1653	151.9097
4605	Crownthorpe	QLD	-26.1117	151.9266
4605	Wooroonden	QLD	-26.1653	151.9097
4605	Kitoba	QLD	-26.0679	151.862
4605	Cobbs Hill	QLD	-26.0648	151.9091
4605	Sunny Nook	QLD	-26.1179	151.893
4605	Warnung	QLD	-26.1554	151.8368
4605	Barlil	QLD	-26.2	151.8833
4605	Cherbourg	QLD	-26.2919	151.9521
4605	Byee	QLD	-26.1833	151.85
4605	Silverleaf	QLD	-26.1653	151.9097
4615	Maidenwell	QLD	-26.85	151.8
4615	Barker Creek Flat	QLD	-26.7587	151.981
4615	South East Nanango	QLD	-26.7224	152.0369
4615	Nanango	QLD	-26.6716	152.0021
4615	Elgin Vale	QLD	-26.4426	152.1924
4615	Runnymede	QLD	-26.7587	151.981
4615	Kunioon	QLD	-26.7587	151.981
4615	Johnstown	QLD	-26.4161	152.1203
4615	East Nanango	QLD	-26.6648	152.0418
4615	Sandy Ridges	QLD	-26.513	152.0118
4615	South Nanango	QLD	-26.75	151.9667
4615	Wengenville	QLD	-26.8333	151.7
4615	Glan Devon	QLD	-26.6	152.0167
4615	Wattle Camp	QLD	-26.4572	151.9623
4615	Bullcamp	QLD	-26.6359	152.1102
4615	Pimpimbudgee	QLD	-26.8941	151.7962
4615	Tarong	QLD	-26.7667	151.85
4615	Wyalla	QLD	-26.4783	152.0636
4615	Brooklands	QLD	-28.4426	152.0251
4650	Tuan Forest	QLD	-25.7283	152.794
4650	Granville	QLD	-25.5449	152.7335
4650	Island Plantation	QLD	-25.4927	152.7279
4650	Oakhurst	QLD	-25.5125	152.6358
4650	Maaroom	QLD	-25.6112	152.8718
4650	Grahams Creek	QLD	-25.5667	152.6
4650	Aldershot	QLD	-25.4631	152.6635
4650	St Mary	QLD	-25.6988	152.4997
4650	Yengarie	QLD	-25.5562	152.6082
4650	The Dimonds	QLD	-25.5419	152.8559
4650	Walkers Point	QLD	-25.513	152.749
4650	Tiaro	QLD	-25.7261	152.5827
4650	Tinnanbar	QLD	-25.7582	152.9565
4650	Gootchie	QLD	-25.8548	152.5544
4650	Magnolia	QLD	-25.6579	152.6933
4650	Tinana	QLD	-25.552	152.6659
4650	Prawle	QLD	-25.4965	152.7705
4650	Tinana South	QLD	-25.5885	152.6709
4650	Baddow	QLD	-25.5167	152.6833
4650	Dunmora	QLD	-25.5132	152.5454
4650	Big Tuan	QLD	-25.6795	152.6468
4650	Teddington	QLD	-25.6497	152.6653
4650	Bauple	QLD	-25.8121	152.6213
4650	Boonooroo	QLD	-25.6729	152.9026
4650	Netherby	QLD	-25.7752	152.5434
4650	Mount Steadman	QLD	-25.4578	151.793
4650	Owanyilla	QLD	-25.6674	152.6028
4650	Bidwill	QLD	-25.6077	152.7144
4650	St Helens	QLD	-28.4026	152.1501
4650	Pioneers Rest	QLD	-25.6726	152.5768
4650	Poona	QLD	-25.7154	152.9096
4650	Beaver Rock	QLD	-25.5184	152.7874
4650	Tuan	QLD	-25.6811	152.8735
4650	Ferney	QLD	-25.617	152.6202
4650	Thinoomba	QLD	-25.6025	152.4537
4650	Yerra	QLD	-25.61	152.5356
4650	Maryborough West	QLD	-25.5053	152.6664
4650	Dundathu	QLD	-25.4687	152.7245
4650	Glenorchy	QLD	-25.6795	152.6468
4650	Aubinville	QLD	-25.6795	152.6468
4650	Mungar	QLD	-25.6053	152.5923
4650	Bauple Forest	QLD	-25.6795	152.6468
4650	Pilerwa	QLD	-25.6069	152.5653
4650	Boonooroo Plains	QLD	-25.5634	152.7454
4650	Antigua	QLD	-25.6381	152.5989
4650	Maryborough	QLD	-25.5407	152.7049
4650	Gundiah	QLD	-25.8335	152.5405
4650	Tandora	QLD	-25.6795	152.6468
4650	Pallas Street Maryborough	QLD	-25.6795	152.6468
4650	Maryborough Dc	QLD	-25.6795	152.6468
4650	Little Tuan	QLD	-25.6795	152.6468
4650	Duckinwilla	QLD	-25.6795	152.6468
4650	Mount Urah	QLD	-25.6795	152.6468
4650	Talegalla Weir	QLD	-25.7799	152.7079
4650	Hillcrest Heights	QLD	-25.6795	152.6468
4650	Glendorf	QLD	-25.6795	152.6468
4001	Riverside Centre	QLD	-27.4679	153.0281
4001	Central Plaza	QLD	-27.4679	153.0281
4001	Waterfront Place	QLD	-27.4679	153.0281
4124	Boronia Heights	QLD	-27.6885	153.0196
4124	New Beith	QLD	-27.766	152.942
4124	Greenbank	QLD	-27.7167	152.9833
4124	Lyons	QLD	-27.775	152.855
4124	Silverbark Ridge	QLD	-27.7366	152.95
4300	Springfield	QLD	-27.6536	152.9172
4300	Brookwater	QLD	-27.6613	152.8967
4300	Augustine Heights	QLD	-27.6605	152.879
4300	Goodna East	QLD	-27.6475	152.9062
4300	Goodna Dc	QLD	-27.6475	152.9062
4300	Goodna	QLD	-27.6105	152.899
4300	Gailes	QLD	-27.6113	152.9132
4300	Carole Park	QLD	-27.6172	152.9316
4300	Opossum Creek	QLD	-27.6475	152.9062
4300	Springfield Lakes	QLD	-27.6676	152.9249
4300	Bellbird Park	QLD	-27.6367	152.8866
4300	Spring Mountain	QLD	-27.6892	152.8954
4300	Camira	QLD	-27.6346	152.9209
4300	Springfield Central	QLD	-27.6805	152.9042
4301	Collingwood Park	QLD	-27.6128	152.8601
4301	Redbank Plains	QLD	-27.6461	152.8596
4301	Redbank	QLD	-27.6	152.8667
4301	Greenwood Village	QLD	-27.6196	152.8621
4303	Riverview	QLD	-27.6	152.85
4303	Dinmore	QLD	-27.6	152.8333
4303	New Chum	QLD	-27.618	152.8326
4304	North Booval	QLD	-27.6039	152.7948
4304	Booval Fair	QLD	-27.6135	152.8027
4304	Booval Dc	QLD	-27.6135	152.8027
4304	Booval Bc	QLD	-27.6135	152.8027
4304	Ebbw Vale	QLD	-27.6083	152.8248
4304	Silkstone	QLD	-27.6213	152.7877
4304	Blackstone	QLD	-27.6251	152.8084
4304	Bundamba	QLD	-27.6095	152.8113
4304	Booval	QLD	-27.6133	152.7894
4307	Radford	QLD	-27.8522	152.6295
4307	Mutdapilly	QLD	-27.7667	152.65
4307	Harrisville	QLD	-27.811	152.6646
4307	Silverdale	QLD	-27.8993	152.6048
4307	Coleyville	QLD	-27.809	152.5668
4307	Wilsons Plains	QLD	-27.8409	152.6528
4307	Warrill View	QLD	-27.8241	152.6137
4707	Collaroy	QLD	-22.0333	149.1833
4707	St Lawrence	QLD	-22.3456	149.5353
4707	The Percy Group	QLD	-22.1895	149.3593
4724	Drummondslope	QLD	-23.8855	146.5455
4724	Hobartville	QLD	-23.6511	146.8555
4724	Port Wine	QLD	-23.6164	147.2897
4724	Surbiton	QLD	-23.6511	146.8555
4724	Quetta	QLD	-23.6511	146.8555
4724	Alpha	QLD	-23.6492	146.6398
4724	Sedgeford	QLD	-23.6511	146.8555
4724	Beaufort	QLD	-23.4545	146.8356
4724	Pine Hill	QLD	-23.65	146.9667
4737	Campwin Beach	QLD	-21.3742	149.3145
4737	Freshwater Point	QLD	-21.4217	149.3071
4737	Armstrong Beach	QLD	-21.4481	149.2882
4737	Sunnyside	QLD	-21.1667	148.8833
4737	Blue Mountain	QLD	-21.5833	149.0333
4737	Plane Creek West	QLD	-21.4335	149.1826
4737	Grasstree	QLD	-21.364	149.3061
4737	Sarina Beach	QLD	-21.3884	149.3086
4737	Colston Park	QLD	-21.5667	149.0833
4737	Sarina Range	QLD	-21.5533	149.1175
4737	Sarina	QLD	-21.4191	149.2168
4737	Shinfield	QLD	-21.4833	149.15
4738	Koumala	QLD	-21.6167	149.25
4738	Ilbilbie	QLD	-21.7	149.35
4739	Carmila	QLD	-21.9167	149.4167
4741	Kinchant Dam	QLD	-21.224	148.9154
4741	Brampton Island	QLD	-21.2423	148.9736
4741	Mackay Mc	QLD	-21.2423	148.9736
4741	Seaforth	QLD	-20.9004	148.9679
4741	Pinnacle	QLD	-21.15	148.7167
4741	Farleigh	QLD	-21.1057	149.1024
4741	Ball Bay	QLD	-21.2423	148.9736
4741	Pleystowe	QLD	-21.15	149.0333
4741	Hazledean	QLD	-21.3833	148.95
4741	Eungella Hinterland	QLD	-21.2423	148.9736
4741	Mount Ossa	QLD	-20.9667	148.8333
4741	Daydream Island	QLD	-21.2423	148.9736
4741	Kuttabul	QLD	-21.0333	148.9
4741	Coppabella	QLD	-21.9471	148.3005
4741	Brightly	QLD	-21.2575	148.9
4741	Owens Creek	QLD	-21.0833	148.7167
4741	South Molle	QLD	-21.2423	148.9736
4741	Mount Pelion	QLD	-20.9333	148.8167
4741	Hampden	QLD	-21.0667	148.9333
4741	Long Island	QLD	-21.2423	148.9736
4741	Gargett	QLD	-21.1667	148.75
4741	Kalarka	QLD	-22.1667	149.5333
4741	Eton	QLD	-21.2647	148.9724
4741	Lindeman Island	QLD	-20.4483	149.039
4741	Eton North	QLD	-21.2333	148.9667
4741	Flaggy Rock	QLD	-21.9667	149.4333
4741	Clairview	QLD	-22.1175	149.5347
4741	Hook Island	QLD	-20.1093	148.9228
4741	Epsom	QLD	-21.2423	148.9736
4741	North Eton	QLD	-21.2333	148.9667
4741	Mount Charlton	QLD	-21.0167	148.7333
4741	Yalboroo	QLD	-20.8333	148.65
4741	Mount Christian	QLD	-21.6667	149.3167
4741	Oakenden	QLD	-21.3	149.0167
4741	Orkabie	QLD	-21.8167	149.3667
4742	Elphinstone	QLD	-21.5	148.2333
4742	Strathfield	QLD	-21.746	148.4967
4742	Oxford	QLD	-21.8793	148.8156
4742	Valkyrie	QLD	-21.6117	148.4158
4742	Nebo	QLD	-21.6833	148.6833
4742	Hail Creek	QLD	-21.5684	148.4159
4742	Turrawulla	QLD	-21.6117	148.4158
4742	Mount Britton	QLD	-21.4054	148.642
4742	Eaglefield	QLD	-21.4833	147.7
4742	Mt Britton	QLD	-21.6117	148.4158
4742	Burton	QLD	-21.6117	148.4158
4742	Kemmis	QLD	-21.628	148.3392
4743	Glenden	QLD	-21.3544	148.1149
4743	Suttor	QLD	-21.3333	147.9833
4744	Moranbah	QLD	-22.0016	148.0466
4744	Peak Downs Mine	QLD	-22.0016	148.0466
4745	Norwich Park	QLD	-22.5882	148.3492
4745	Dysart	QLD	-22.5882	148.3492
4746	Middlemount	QLD	-22.8123	148.6993
4746	May Downs	QLD	-22.6167	148.8833
4746	German Creek	QLD	-22.9098	148.5584
4700	Great Keppel Island	QLD	-23.359	150.5384
4700	West Rockhampton	QLD	-23.3794	150.4818
4700	The Range	QLD	-23.392	150.4962
4700	Port Curtis	QLD	-23.4306	150.5186
4700	The Keppels	QLD	-23.0695	150.8913
4700	Rockhampton Hospital	QLD	-23.359	150.5384
4700	Fairy Bower	QLD	-23.4053	150.4654
4700	Depot Hill	QLD	-23.3902	150.521
4700	Wandal	QLD	-23.3688	150.4938
4700	Allenstown	QLD	-23.394	150.5039
4700	Rockhampton City	QLD	-23.3803	150.506
4700	Rockhampton	QLD	-23.3803	150.506
4701	Kawana	QLD	-23.3393	150.5049
4701	Nankin	QLD	-23.3833	150.6333
4701	Berserker	QLD	-23.3582	150.5204
4701	The Common	QLD	-23.3802	150.5325
4701	Rockhampton Shopping Fair	QLD	-23.3538	150.5527
4701	Frenchville	QLD	-23.3476	150.5445
4701	Lakes Creek	QLD	-23.3619	150.5763
4701	Park Avenue	QLD	-23.3533	150.5189
4701	Rockhampton North	QLD	-23.3538	150.5527
4701	Rockhampton Dc	QLD	-23.3538	150.5527
4701	Koongal	QLD	-23.3689	150.5492
4701	Rockyview	QLD	-23.3538	150.5527
4701	Mount Archer	QLD	-23.3386	150.5777
4701	Norman Gardens	QLD	-23.3304	150.5275
4701	Limestone Creek	QLD	-23.2839	150.5643
4701	Oasis Gardens	QLD	-23.3538	150.5527
4701	Kalka	QLD	-23.3538	150.5527
4701	Ironpot	QLD	-23.3538	150.5527
4701	Nerimbera	QLD	-23.4	150.5833
4701	Greenlake	QLD	-23.3538	150.5527
4701	Sandringham	QLD	-23.3538	150.5527
4701	North Rockhampton	QLD	-23.3538	150.5527
4701	Red Hill Rockhampton	QLD	-23.3538	150.5527
4701	Central Queensland University	QLD	-23.3538	150.5527
4703	Lake Mary	QLD	-23.099	150.6476
4703	Bungundarra	QLD	-23.049	150.6384
4703	Pacific Heights	QLD	-23.0981	150.7386
4703	Causeway Lake	QLD	-23.1978	150.7876
4703	Cobraball	QLD	-23.1634	150.6472
4703	Adelaide Park	QLD	-23.0968	150.6957
4703	Meikleville Hill	QLD	-23.1131	150.7447
4703	Mulara	QLD	-23.1802	150.6428
4703	Hidden Valley	QLD	-23.1053	150.717
4703	Kinka Beach	QLD	-23.2247	150.7968
4703	Stockyard	QLD	-22.8801	150.7321
4703	Tanby	QLD	-23.2333	150.75
4703	Barmaryee	QLD	-23.1333	150.7167
4703	Barlows Hill	QLD	-23.1076	150.7451
4703	Byfield	QLD	-22.8476	150.6502
4703	Taroomball	QLD	-23.1726	150.7438
4703	Barmoya	QLD	-23.1465	150.5467
4703	Woodbury	QLD	-22.9788	150.7052
4703	Maryvale	QLD	-23.1053	150.717
4703	Bangalee	QLD	-23.0747	150.7639
4703	Yeppoon	QLD	-23.1268	150.7441
4703	Bondoola	QLD	-23.1667	150.6833
4703	Kemp Beach	QLD	-23.1053	150.717
4703	Weerriba	QLD	-23.1053	150.717
4703	Lammermoor Beach	QLD	-23.1053	150.717
4703	Statue Bay	QLD	-23.1053	150.717
4703	Bayfield	QLD	-22.8476	150.6502
4703	Lammermoor	QLD	-23.1608	150.7608
4703	Rosslyn	QLD	-23.1661	150.7783
4703	Mulambin	QLD	-23.1876	150.7893
4703	Farnborough	QLD	-23.0912	150.7415
4703	Cooee Bay	QLD	-23.1443	150.7611
4703	Inverness	QLD	-23.1158	150.7231
4703	Taranganba	QLD	-23.1443	150.7514
4704	Yaamba	QLD	-23.1333	150.3667
4704	Wattlebank	QLD	-23.1333	150.3667
4705	Mount Gardiner	QLD	-22.6728	149.236
4705	Clarke Creek	QLD	-22.638	149.2512
4705	Mackenzie River	QLD	-22.919	148.7388
4705	Lotus Creek	QLD	-22.3174	149.0709
4705	Marlborough	QLD	-22.8167	149.8833
4706	Ogmore	QLD	-22.6167	149.65
4710	Emu Park	QLD	-23.2568	150.8268
4710	Zilzie	QLD	-23.2887	150.7982
4711	Glendale	QLD	-24.1689	150.2319
4711	Glenlee	QLD	-24.1689	150.2319
4072	University Of Queensland	QLD	-27.5656	152.943
4311	Patrick Estate	QLD	-27.4185	152.5819
4311	Lowood	QLD	-27.4655	152.5762
4311	Mount Tarampa	QLD	-27.4642	152.4781
4311	Clarendon	QLD	-27.4298	152.5254
4311	Buaraba South	QLD	-27.4536	152.4939
4311	Atkinsons Dam	QLD	-27.4214	152.4339
4311	Lockyer Waters	QLD	-27.4539	152.4058
4311	Brightview	QLD	-27.5	152.4833
4311	Lake Wivenhoe	QLD	-27.4536	152.4939
4311	Minden	QLD	-27.5596	152.5449
4311	Prenzlau	QLD	-27.5333	152.5167
4311	Coolana	QLD	-27.5159	152.5533
4311	Buaraba	QLD	-27.3667	152.3167
4311	Churchable	QLD	-27.4259	152.3698
4311	Rifle Range	QLD	-27.4595	152.5312
4311	Coominya	QLD	-27.3901	152.5006
4311	Tarampa	QLD	-27.4833	152.55
4311	Wivenhoe Hill	QLD	-27.3698	152.535
4341	Laidley Creek West	QLD	-27.668	152.3581
4341	Townson	QLD	-27.8833	152.3667
4341	Laidley	QLD	-27.6328	152.3929
4341	Kensington Grove	QLD	-27.5328	152.4721
4341	Thornton	QLD	-27.8167	152.3833
4341	Blenheim	QLD	-27.6667	152.3167
4341	Laidley Heights	QLD	-27.6469	152.3991
4341	Laidley South	QLD	-27.6737	152.387
4341	Mulgowie	QLD	-27.7333	152.3667
4341	Plainland	QLD	-27.5667	152.4167
4341	Regency Downs	QLD	-27.5336	152.4405
4341	Hatton Vale	QLD	-27.5667	152.4667
4341	Mount Berryman	QLD	-27.7167	152.3333
4341	Summerholm	QLD	-27.6167	152.45
4341	Kentville	QLD	-27.4833	152.4333
4341	Laidley North	QLD	-27.6134	152.4029
4343	Mount Sylvia	QLD	-27.7253	152.2222
4343	Caffey	QLD	-27.6997	152.2199
4343	Morton Vale	QLD	-27.4879	152.3856
4343	Vinegar Hill	QLD	-27.5011	152.2566
4343	Fordsdale	QLD	-27.7094	152.1277
4343	Gatton	QLD	-27.5587	152.2762
4343	Black Duck Creek	QLD	-27.8333	152.1833
4343	Lake Clarendon	QLD	-27.5167	152.3667
4343	East Haldon	QLD	-27.6758	152.2586
4343	Woodbine	QLD	-27.7771	152.2049
4343	Woodlands	QLD	-28.3827	152.2623
4343	Rockside	QLD	-27.7007	152.2857
4343	Lawes	QLD	-27.6758	152.2586
4343	Junction View	QLD	-27.8	152.1833
4343	Lefthand Branch	QLD	-27.7714	152.2523
4343	College View	QLD	-27.5576	152.3513
4343	Ingoldsby	QLD	-27.7006	152.2519
4343	Ropeley	QLD	-27.6667	152.2667
4343	Upper Tenthill	QLD	-27.6667	152.2333
4343	Placid Hills	QLD	-27.5613	152.2325
4343	Adare	QLD	-27.5127	152.2954
4343	Lower Tenthill	QLD	-27.6098	152.2415
4343	Spring Creek	QLD	-27.4532	152.332
4343	Ringwood	QLD	-27.6758	152.2586
4344	Helidon	QLD	-27.5532	152.124
4344	Silver Ridge	QLD	-27.6097	152.0078
4344	Egypt	QLD	-27.5932	152.178
4344	Upper Flagstone	QLD	-27.5932	152.178
4344	Lilydale	QLD	-27.6074	152.1308
4344	Rockmount	QLD	-27.6833	152.0333
4344	Helidon Spa	QLD	-27.5932	152.178
4344	Seventeen Mile	QLD	-27.5507	152.959
4344	Carpendale	QLD	-27.5845	152.1461
4344	Stockyard	QLD	-27.6333	152.0667
4344	Silver Pinch	QLD	-27.5932	152.178
4344	Flagstone Creek	QLD	-27.6167	152.1167
4344	Lockyer	QLD	-27.5135	152.0822
4344	Iredale	QLD	-27.5799	152.1134
4345	Gatton College	QLD	-27.6515	152.352
4347	Winwill	QLD	-27.6	152.2167
4347	Ma Ma Creek	QLD	-27.6323	152.187
4347	Veradilla	QLD	-27.5937	152.193
4347	Mount Whitestone	QLD	-27.6667	152.1667
4347	Grantham	QLD	-27.5792	152.2017
4359	Ascot	QLD	-27.4315	153.058
4359	Hirstglen	QLD	-27.8333	152.1
4359	Greenmount	QLD	-27.7858	151.9008
4359	West Haldon	QLD	-27.7103	152.2685
4359	Budgee	QLD	-27.7903	152.0151
4359	East Greenmount	QLD	-27.7103	152.2685
4359	Greenmount East	QLD	-27.7103	152.2685
4078	Forest Lake	QLD	-27.6256	152.9688
4078	Ellen Grove	QLD	-27.6153	152.9439
4114	Logan Central	QLD	-27.6438	153.1073
4114	Woodridge East	QLD	-27.6479	153.108
4114	Logan City Dc	QLD	-27.6479	153.108
4114	Kingston	QLD	-27.6667	153.1167
4114	Woodridge	QLD	-27.6333	153.1
4114	Logan City Bc	QLD	-27.6479	153.108
4114	Trinder Park	QLD	-27.6479	153.108
4118	Forestdale	QLD	-27.6633	153.0038
4118	Browns Plains Bc	QLD	-27.6708	153.0366
4118	Heritage Park	QLD	-27.6827	153.0608
4118	Brownsleigh	QLD	-27.6708	153.0366
4118	Regents Park	QLD	-27.6766	153.0417
4118	Hillcrest	QLD	-27.6686	153.0261
4118	Browns Plains	QLD	-27.6626	153.0506
4119	Underwood	QLD	-27.6089	153.1113
4125	Munruben	QLD	-27.7463	153.0312
4125	Park Ridge South	QLD	-27.7271	153.0332
4125	Park Ridge	QLD	-27.7167	153.0333
4128	Logan Hyperdome Bc	QLD	-27.6607	153.1739
4128	Kimberley Park	QLD	-27.6607	153.1739
4128	Shailer Park	QLD	-27.6498	153.1775
4128	Tanah Merah	QLD	-27.6715	153.1702
4129	Loganholme Bc	QLD	-27.6844	153.1864
4129	Logandale	QLD	-27.6844	153.1864
4129	Loganholme Dc	QLD	-27.6844	153.1864
4129	Loganholme	QLD	-27.6844	153.1864
4131	Meadowbrook	QLD	-27.664	153.1447
4131	Loganlea	QLD	-27.6754	153.1347
4132	Crestmead Dc	QLD	-27.6805	153.0909
4132	Marsden Postal Depot	QLD	-27.6805	153.0909
4132	Marsden	QLD	-27.6734	153.0973
4132	Crestmead	QLD	-27.6876	153.0844
4133	Chambers Flat	QLD	-27.7481	153.0776
4133	Waterford	QLD	-27.7053	153.1315
4133	Logan Reserve	QLD	-27.7241	153.09
4133	Waterford West	QLD	-27.6906	153.1332
4205	Bethania	QLD	-27.6833	153.1667
4270	Tamborine Village	QLD	-27.8833	153.1333
4270	Tamborine	QLD	-27.8833	153.1333
4280	Flagstone	QLD	-27.6167	152.1167
4280	Maclean	QLD	-27.7833	153.0167
4280	Jimboomba	QLD	-27.8312	153.0274
4280	North Maclean	QLD	-27.7676	153.0165
4280	Riverbend	QLD	-27.7596	152.8766
4280	Glenlogan	QLD	-27.7596	152.8766
4280	South Maclean	QLD	-27.7924	153.016
4280	Stockleigh	QLD	-27.7667	153.0667
4285	Monarch Glen	QLD	-28.0339	152.9361
4285	Cedar Grove	QLD	-27.8667	152.9833
4285	Josephville	QLD	-28.0377	152.9315
4285	Innisplain	QLD	-28.1742	152.9079
4285	Tabooba	QLD	-28.1266	152.945
4285	Veresdale	QLD	-27.9167	152.9833
4285	Knapp Creek	QLD	-28.0339	152.9361
4285	Tamrookum	QLD	-28.1242	152.9159
4285	Undullah	QLD	-27.8913	152.8376
4285	Gleneagle	QLD	-27.9333	152.9833
4285	Cedar Vale	QLD	-27.8892	153.0289
4285	Lamington	QLD	-28.245	152.9933
4285	Kagaru	QLD	-27.8657	152.9238
4285	Cryna	QLD	-28.032	152.9857
4285	Tabragalba	QLD	-28.0339	152.9361
4285	Allenview	QLD	-27.9062	152.9385
4285	Bromelton	QLD	-27.9833	152.9333
4285	Mundoolun	QLD	-27.8994	153.0715
4285	Nindooinbah	QLD	-28.0339	152.9361
4285	Flinders Lakes	QLD	-28.0339	152.9361
4285	Oaky Creek	QLD	-28.2001	152.939
4285	Kooralbyn	QLD	-28.0796	152.8397
4285	Tamrookum Creek	QLD	-28.0339	152.9361
4285	Chinghee Creek	QLD	-28.2723	152.9854
4285	Laravale	QLD	-28.0833	152.9365
4285	Ilbogan	QLD	-28.0339	152.9361
4285	Veresdale Scrub	QLD	-27.9168	153.0166
4285	Woodhill	QLD	-27.9	152.9667
4285	Kerry	QLD	-28.1052	153.0264
4285	Christmas Creek	QLD	-28.1638	152.9909
4285	Hillview	QLD	-28.2137	153.0123
4285	Darlington	QLD	-28.239	153.067
4285	Mount Gipps	QLD	-28.3224	153.0072
4285	Cainbable	QLD	-28.1253	153.0829
4285	Birnam	QLD	-27.4833	151.9167
4285	Beaudesert	QLD	-27.9869	152.9966
4727	Ilfracombe	QLD	-23.5	144.5
4731	Yaraka	QLD	-24.8842	144.08
4731	Isisford	QLD	-24.2597	144.4393
4740	Mcewens Beach	QLD	-21.2361	149.1707
4740	Blacks Beach	QLD	-21.0547	149.1897
4740	Belmunda	QLD	-20.9528	149.0271
4740	Richmond	QLD	-21.145	149.1313
4740	Half Tide Beach	QLD	-21.3	149.2839
4740	Cremorne	QLD	-21.1333	149.2
4740	Coningsby	QLD	-21.1	149.0667
4740	Foulden	QLD	-21.1386	149.1449
4740	Grasstree Beach	QLD	-21.364	149.3061
4740	Balnagowan	QLD	-21.1175	149.0085
4740	Dolphin Heads	QLD	-21.0406	149.1849
4740	Chelona	QLD	-21.2595	149.1424
4740	Mackay Harbour	QLD	-21.1088	149.2113
4740	Mackay	QLD	-21.1534	149.1655
4740	The Leap	QLD	-21.0833	149.0167
4740	Alligator Creek	QLD	-21.3333	149.2
4740	Rural View	QLD	-21.0645	149.1646
4740	Mount Pleasant	QLD	-21.1181	149.1596
4740	Homebush	QLD	-21.2833	149.05
4740	Yakapari	QLD	-21.0667	149
4740	Ooralea	QLD	-21.1739	149.148
4740	East Mackay	QLD	-21.1498	149.1964
4740	Bakers Creek	QLD	-21.2199	149.1468
4740	Coral Sea	QLD	-21.145	149.1313
4740	Paget	QLD	-21.1868	149.1722
4740	Rosella	QLD	-21.2377	149.1549
4740	Haliday Bay	QLD	-21.145	149.1313
4740	Caneland	QLD	-21.145	149.1313
4740	Mackay North	QLD	-21.145	149.1313
4740	North Mackay	QLD	-21.1201	149.1794
4740	Munbura	QLD	-21.3333	149.15
4740	Habana	QLD	-21.0333	149.0833
4740	Mackay South	QLD	-21.145	149.1313
4740	Slade Point	QLD	-21.075	149.225
4740	Erakala	QLD	-21.1282	149.1171
4740	Racecourse	QLD	-21.1665	149.1345
4740	Richanna Heights	QLD	-21.145	149.1313
4740	Te Kowai	QLD	-21.1667	149.1167
4740	Glenella	QLD	-21.1177	149.1445
4740	Planland	QLD	-21.145	149.1313
4740	Eimeo	QLD	-21.0377	149.1763
4740	Salonika Beach	QLD	-21.145	149.1313
4740	Telina Heights	QLD	-21.145	149.1313
4740	Mackay Caneland	QLD	-21.145	149.1313
4740	Beaconsfield	QLD	-21.0912	149.1654
4740	Cape Hillsborough	QLD	-21.145	149.1313
4740	Dumbleton	QLD	-21.1333	149.1
4740	West Mackay	QLD	-21.1547	149.1618
4740	South Mackay	QLD	-21.1629	149.1775
4740	Sandiford	QLD	-21.25	149.1
4740	Timberlands	QLD	-21.145	149.1313
4740	Noorlah	QLD	-20.6333	148.5833
4740	Planella	QLD	-21.145	149.1313
4740	Hay Point	QLD	-21.2965	149.2737
4740	Nindaroo	QLD	-21.0833	149.15
4740	Dundula	QLD	-21.145	149.1313
4740	Wundaru	QLD	-21.0833	149.0667
4740	Alexandra	QLD	-21.1667	149.1
4740	Andergrove	QLD	-21.0833	149.1833
4740	Mackay East	QLD	-21.145	149.1313
4740	Mackay West	QLD	-21.145	149.1313
4740	Balberra	QLD	-21.3	149.1167
4740	Mackay Dc	QLD	-21.145	149.1313
4740	Mackay Bc	QLD	-21.145	149.1313
4740	Louisa Creek	QLD	-21.145	149.1313
4740	Mount Jukes	QLD	-20.9826	148.9695
4740	Dunnrock	QLD	-21.2618	149.1686
4750	Shoal Point	QLD	-21.0048	149.1527
4750	Bucasia	QLD	-21.0349	149.1573
4751	Walkerston	QLD	-21.161	149.0581
4751	Palmyra	QLD	-21.1817	149.0359
4751	Victoria Plains	QLD	-21.2002	149.0155
4751	Greenmount	QLD	-21.1839	149.0342
4753	Devereux Creek	QLD	-21.1167	148.9167
4753	Marian	QLD	-21.1439	148.9421
4754	Mirani	QLD	-21.1573	148.8622
4754	Dows Creek	QLD	-21.1	148.7833
4754	Mount Martin	QLD	-21.1167	148.8167
4754	Benholme	QLD	-21.1667	148.8167
4754	Mia Mia	QLD	-21.1775	148.8119
4754	Pinevale	QLD	-21.2908	148.8258
4754	Septimus	QLD	-21.2333	148.7667
4756	Netherdale	QLD	-21.15	148.5333
4756	Finch Hatton	QLD	-21.1404	148.6288
4757	Crediton	QLD	-21.2048	148.5416
4757	Broken River	QLD	-21.146	148.5139
4757	Dalrymple Heights	QLD	-21.1	148.5167
4757	Eungella	QLD	-21.1333	148.4833
4757	Eungella Dam	QLD	-21.146	148.5139
4798	Wagoora	QLD	-20.85	148.7
4798	Pindi Pindi	QLD	-20.8667	148.7333
4798	Calen	QLD	-20.8975	148.7711
4798	St Helens Beach	QLD	-20.8564	148.8096
4798	Mentmore	QLD	-20.8677	148.7535
4799	Bloomsbury	QLD	-20.7167	148.6
4799	Midge Point	QLD	-20.7167	148.6
4800	Gregory River	QLD	-20.3681	148.561
4800	Hamilton Plains	QLD	-20.3894	148.5784
4800	Lethebrook	QLD	-20.3681	148.561
4800	Laguna Quays	QLD	-20.3681	148.561
4800	Dittmer	QLD	-20.45	148.4
4800	Wilson Beach	QLD	-20.4735	148.7261
4800	Crystal Brook	QLD	-20.3484	148.485
4800	Sugarloaf	QLD	-20.3681	148.561
4800	Conway	QLD	-20.4622	148.727
4800	Pauls Pocket	QLD	-20.4811	148.4425
4800	North Gregory	QLD	-20.3169	148.5516
4800	Preston	QLD	-20.3681	148.561
4800	Hideaway Bay	QLD	-20.0799	148.4824
4800	Dingo Beach	QLD	-20.0904	148.4959
4800	Goorganga Plains	QLD	-20.3681	148.561
4800	Glen Isla	QLD	-20.4111	148.6164
4800	Myrtlevale	QLD	-20.3205	148.5548
4800	Mount Julian	QLD	-20.3833	148.6167
4800	Gunyarra	QLD	-20.4964	148.565
4800	Cape Conway	QLD	-20.3681	148.561
4800	Breadalbane	QLD	-20.3681	148.561
4800	Lake Proserpine	QLD	-20.3681	148.561
4800	Brandy Creek	QLD	-20.3681	148.561
4800	Erlando Beach	QLD	-20.3681	148.561
4800	Silver Creek	QLD	-20.4753	148.4786
4800	Cannon Valley	QLD	-20.3172	148.6522
4800	Andromache	QLD	-20.5607	148.484
4800	Palm Grove	QLD	-20.3927	148.7007
4800	Riordanvale	QLD	-20.2866	148.6427
4800	Foxdale	QLD	-20.3667	148.55
4800	Strathdickie	QLD	-20.3333	148.6167
4800	Mount Marlow	QLD	-20.3523	148.6302
4800	Proserpine	QLD	-20.4011	148.5802
4800	Mount Pluto	QLD	-20.3151	148.4815
4800	Conway Beach	QLD	-20.4745	148.7458
4800	Goorganga Creek	QLD	-20.5212	148.4629
4800	Kelsey Creek	QLD	-20.4333	148.45
4800	Thoopara	QLD	-20.55	148.5667
4800	Cape Gloucester	QLD	-20.1101	148.5024
4801	Hayman Island	QLD	-20.0511	148.8849
4803	Hamilton Island	QLD	-20.346	148.9519
4417	Weribone	QLD	-27.2039	148.8696
4417	Warkon	QLD	-27.2329	149.0775
4417	Oberina	QLD	-27.2329	149.0775
4417	Surat	QLD	-27.1529	149.0681
4417	Parknook	QLD	-27.3915	149.1722
4417	Noorindoo	QLD	-27.1833	149.2
4417	Wellesley	QLD	-27.2329	149.0775
4426	Jackson South	QLD	-26.5465	149.6419
4426	Jackson North	QLD	-26.4479	149.6577
4426	Jackson	QLD	-26.6452	149.626
4455	Bungeworgorai	QLD	-26.4647	148.6108
4455	Orange Hill	QLD	-26.5056	148.7982
4455	Orallo	QLD	-26.276	148.5434
4455	Bungil	QLD	-26.503	148.6049
4455	Mount Bindango	QLD	-26.503	148.6049
4455	Angellala	QLD	-26.4145	146.8895
4455	Cornwall	QLD	-26.503	148.6049
4455	Mount Abundance	QLD	-26.6794	148.493
4455	Ballaroo	QLD	-26.503	148.6049
4455	Roma	QLD	-26.5674	148.7875
4455	Blythdale	QLD	-26.581	148.9559
4455	Mooga	QLD	-26.3548	149.0149
4455	Hodgson	QLD	-26.5667	148.6167
4455	Tingun	QLD	-26.7948	148.8806
4455	Eumamurrin	QLD	-26.1801	148.8169
4455	Bymount	QLD	-26.0943	148.6232
4455	Gunnewin	QLD	-25.9884	148.5586
4455	Euthulla	QLD	-26.527	148.7582
4455	Wycombe	QLD	-27.502	148.6
4455	Dargal Road	QLD	-26.5505	148.7319
4461	Muckadilla	QLD	-26.5896	148.3919
4462	Amby	QLD	-26.55	148.1833
4462	Eurella	QLD	-26.5833	148.25
4462	Walhallow	QLD	-26.5667	148.2167
4465	Womblebank	QLD	-26.5368	147.851
4465	Mount Moffatt	QLD	-26.5368	147.851
4465	Bargunyah	QLD	-27.2354	147.4362
4465	Dunkeld	QLD	-26.5368	147.851
4465	Mitchell	QLD	-26.4849	147.9742
4465	Womalilla	QLD	-26.5	147.8333
4465	Kilmorey Falls	QLD	-26.1168	148.1789
4465	Forestvale	QLD	-25.998	147.8855
4465	V Gate	QLD	-26.8855	147.7977
4487	St George	QLD	-28.0369	148.58
4487	Begonia	QLD	-27.4947	148.3255
4488	Nebine	QLD	-27.6308	147.4516
4488	Bindebango	QLD	-27.6237	147.4352
4488	Bargunyah	QLD	-27.2354	147.4362
4488	Bollon	QLD	-28.0333	147.4833
4872	Kairi	QLD	-17.2144	145.544
4872	Danbulla	QLD	-17.2008	145.6461
4872	Barrine	QLD	-17.238	145.6165
4872	Mutchilba	QLD	-17.1389	145.2085
4872	Innot Hot Springs	QLD	-17.6667	145.25
4872	Lakeside Estate	QLD	-17.2789	145.4074
4872	Kowrowa	QLD	-16.8057	145.5788
4872	Glen Ruth	QLD	-17.2789	145.4074
4872	Munderra	QLD	-17.2789	145.4074
4872	Kirrama	QLD	-17.2789	145.4074
4872	Minnamoolka	QLD	-17.2789	145.4074
4872	Cairns Mc	QLD	-17.2789	145.4074
4872	Forty Mile	QLD	-17.2789	145.4074
4872	Myola	QLD	-16.8042	145.6086
4872	Kuranda	QLD	-16.8198	145.6382
4872	Tinaroo	QLD	-17.1693	145.5479
4872	Koombooloomba	QLD	-17.7415	145.4971
4872	Wairuna	QLD	-17.2789	145.4074
4872	Lake Tinaroo	QLD	-17.2789	145.4074
4872	Barwidgi	QLD	-17.2789	145.4074
4872	Dimbulah	QLD	-17.1475	145.1097
4872	Gunnawarra	QLD	-17.7984	145.0389
4872	Walkamin	QLD	-17.1368	145.4172
4872	Mount Garnet	QLD	-17.6766	145.1143
4872	Silver Valley	QLD	-17.6245	145.2958
4880	Mareeba	QLD	-16.991	145.4231
4880	Chewko	QLD	-17.0667	145.3833
4880	Arriga	QLD	-16.8884	145.3378
4880	Biboohra	QLD	-16.8647	145.434
4880	Paddys Green	QLD	-16.9176	145.2825
4880	Glen Russell	QLD	-16.9507	145.2061
4880	Maryfarms	QLD	-16.5755	145.1858
4880	Bilwon	QLD	-16.8526	145.4498
4881	Speewah	QLD	-16.8893	145.6134
4881	Kuranda	QLD	-16.8198	145.6382
4881	Mona Mona	QLD	-16.7126	145.5368
4881	Koah	QLD	-16.8857	145.5517
4887	Irvinebank	QLD	-17.4333	145.2167
4887	Herberton	QLD	-17.3736	145.3845
4887	Watsonville	QLD	-17.3833	145.3167
4887	Kalunga	QLD	-17.45	145.3833
4887	Moomin	QLD	-17.3639	145.4103
4887	Wondecla	QLD	-17.4167	145.4
4019	Clontarf	QLD	-27.2534	153.0783
4019	Humpybong	QLD	-27.2524	153.0936
4019	Woody Point	QLD	-27.2561	153.1043
4019	Scotts Point	QLD	-27.2524	153.0936
4019	Margate	QLD	-27.2476	153.0981
4019	Clontarf Dc	QLD	-27.2524	153.0936
4019	Clontarf Beach	QLD	-27.2524	153.0936
4019	Margate Beach	QLD	-27.2524	153.0936
4020	Redcliffe North	QLD	-27.2117	153.1057
4020	Redcliffe	QLD	-27.2265	153.1065
4020	Scarborough	QLD	-27.2012	153.1094
4020	Newport	QLD	-27.2073	153.1013
4021	Kippa-Ring	QLD	-27.2259	153.0835
4022	Rothwell	QLD	-27.2143	153.0468
4037	Eatons Hill	QLD	-27.3392	152.9599
4053	Stafford Heights	QLD	-27.3935	153.0105
4053	Everton Hills	QLD	-27.3891	152.9713
4053	Stafford	QLD	-27.4104	153.0111
4053	Brookside Centre	QLD	-27.4	152.9866
4053	Stafford Dc	QLD	-27.4	152.9866
4053	Somerset Hills	QLD	-27.4	152.9866
4053	Everton Park	QLD	-27.4073	152.9884
4053	Oxford Park	QLD	-27.4	152.9667
4053	Mitchelton	QLD	-27.4167	152.9667
4053	Mcdowall	QLD	-27.3827	152.9919
4053	Stafford City	QLD	-27.4	152.9866
4053	Stafford Bc	QLD	-27.4	152.9866
4055	Ferny Grove	QLD	-27.4008	152.9348
4055	Ferny Hills Dc	QLD	-27.4007	152.9302
4055	Ferny Hills	QLD	-27.3959	152.9374
4055	Bunya	QLD	-27.3694	152.9433
4055	Kedron Upper	QLD	-27.4188	152.9178
4055	Upper Kedron	QLD	-27.4188	152.9178
4500	Strathpine	QLD	-27.3041	152.9898
4500	Warner	QLD	-27.3122	152.9498
4500	Bray Park	QLD	-27.2925	152.9678
4500	Clear Mountain	QLD	-27.3052	152.883
4500	Brendale Dc	QLD	-27.3013	152.9465
4500	Joyner	QLD	-27.2761	152.9447
4500	Strathpine Centre	QLD	-27.3013	152.9465
4500	Brendale Bc	QLD	-27.3013	152.9465
4500	Brendale	QLD	-27.3211	152.9839
4500	Strathpine City	QLD	-27.3013	152.9465
4500	Cashmere	QLD	-27.2977	152.9066
4501	Lawnton	QLD	-27.2833	152.9833
4502	Frenchs Forest	QLD	-27.2667	152.9833
4502	Petrie	QLD	-27.2667	152.9833
4503	Kurwongbah	QLD	-27.2325	152.9762
4503	Kallangur	QLD	-27.252	152.9923
4503	Whiteside	QLD	-27.2571	152.9116
4503	Dohles Rocks	QLD	-27.2511	152.9868
4503	Murrumba Downs	QLD	-27.2673	153.0105
4503	Griffin	QLD	-27.2715	153.0394
4503	Dakabin	QLD	-27.2259	152.991
4504	Narangba	QLD	-27.2034	152.9592
4505	Burpengary	QLD	-27.1575	152.9576
4505	Burpengary East	QLD	-27.1445	152.9997
4505	Burpengary Dc	QLD	-27.151	152.9786
4506	Moorina	QLD	-27.1491	152.873
4506	Morayfield	QLD	-27.1088	152.9491
4508	Deception Bay	QLD	-27.1935	153.0263
4509	Mango Hill	QLD	-27.2435	153.0238
4509	North Lakes	QLD	-27.2243	153.0208
4510	Moodlu	QLD	-27.0547	152.9104
4510	Caboolture South	QLD	-27.0939	152.9487
4510	Caboolture	QLD	-27.0846	152.9511
4510	Donnybrook	QLD	-27.005	153.0673
4510	Caboolture Bc	QLD	-27.0732	152.9707
4510	Bellmere	QLD	-27.0844	152.89
4510	Balingool	QLD	-27.0732	152.9707
4510	Meldale	QLD	-27.0323	153.0724
4510	Rocksberg	QLD	-27.1	152.8333
4510	Beachmere	QLD	-27.1281	153.0524
4510	Toorbul	QLD	-27.0322	153.0983
4510	Upper Caboolture	QLD	-27.1167	152.8833
4511	Godwin Beach	QLD	-27.0861	153.0986
4511	Sandstone Point	QLD	-27.0837	153.1324
4511	Ningi	QLD	-27.0611	153.0788
4512	Wamuran	QLD	-27.0391	152.8654
4512	Wamuran Basin	QLD	-27.0475	152.8262
4512	Bracalba	QLD	-27.0033	152.8343
4516	Elimbah	QLD	-27.0167	152.95
4521	Mount Pleasant	QLD	-27.1489	152.7636
4521	Rush Creek	QLD	-27.2086	152.8642
4521	Laceys Creek	QLD	-27.2319	152.7313
4521	Ocean View	QLD	-27.1271	152.8053
4521	Dayboro	QLD	-27.1963	152.8225
4521	Mount Mee	QLD	-27.0806	152.7702
4521	King Scrub	QLD	-27.1732	152.8215
4521	Campbells Pocket	QLD	-27.0767	152.805
4552	Balmoral Ridge	QLD	-26.7445	152.8922
4552	Crystal Waters	QLD	-26.7429	152.7986
4552	Booroobin	QLD	-26.8224	152.7666
4552	Harper Creek	QLD	-26.7623	152.7117
4552	Conondale	QLD	-26.7364	152.7199
4552	North Maleny	QLD	-26.7521	152.8583
4552	Cambroon	QLD	-26.6394	152.6853
4552	Baroon Pocket	QLD	-26.7429	152.7986
4552	Mountain View	QLD	-26.7429	152.7986
4552	Elaman Creek	QLD	-26.7204	152.7788
4552	Witta	QLD	-26.7	152.8167
4552	Reesville	QLD	-26.7595	152.7879
4552	Maleny	QLD	-26.76	152.8493
4552	Bald Knob	QLD	-26.779	152.9118
4552	Curramore	QLD	-26.6937	152.803
4552	Wootha	QLD	-26.7882	152.8009
4828	Camooweal	QLD	-19.9215	138.1201
4467	Redford	QLD	-26.6071	147.4952
4467	Mungallala	QLD	-26.4491	147.5418
4467	Tyrconnel	QLD	-26.6071	147.4952
4467	Mungallala South	QLD	-26.765	147.4487
4468	Clara Creek	QLD	-26.0907	146.9225
4468	Boatman	QLD	-26.2542	147.0182
4468	Morven	QLD	-26.4177	147.1139
4470	Riversleigh	QLD	-26.4481	146.1413
4470	Murweh	QLD	-26.936	145.744
4470	Ward	QLD	-26.4481	146.1413
4470	Sommariva	QLD	-26.4191	146.6031
4470	Charleville	QLD	-26.4054	146.2427
4470	Langlo	QLD	-26.0395	145.7271
4470	Bakers Bend	QLD	-26.7322	146.0984
4470	Gowrie Station	QLD	-26.1566	146.4326
4479	Cooladdi	QLD	-26.6426	145.4644
4892	Staaten	QLD	-14.6095	142.5487
4892	Highbury	QLD	-14.6095	142.5487
4892	Yarraden	QLD	-14.3019	143.3133
4892	Lakefield	QLD	-14.6095	142.5487
4892	Bellevue	QLD	-14.6095	142.5487
4892	Red River	QLD	-14.6095	142.5487
4892	Maramie	QLD	-14.6095	142.5487
4892	Holroyd River	QLD	-14.6095	142.5487
4892	Ravensworth	QLD	-14.6095	142.5487
4892	Gamboola	QLD	-14.6095	142.5487
4892	West Wellesley Islands	QLD	-14.6095	142.5487
4892	Iron Range	QLD	-12.7	143.3
4892	Palmer	QLD	-14.6095	142.5487
4892	Abingdon Downs	QLD	-14.6095	142.5487
4892	Archer River	QLD	-13.4384	142.9403
4892	Coen	QLD	-13.9456	143.199
4892	Arbouin	QLD	-14.6095	142.5487
4892	Lockhart River	QLD	-12.7872	143.3435
4892	Yagoonya	QLD	-14.6095	142.5487
4892	South Wellesley Islands	QLD	-17.0909	139.5656
4892	Wrotham	QLD	-14.6095	142.5487
4892	Groganville	QLD	-14.6095	142.5487
4892	Lyndside	QLD	-14.6095	142.5487
4892	Mount Mulgrave	QLD	-14.6095	142.5487
4892	Kowanyama	QLD	-15.4736	141.7457
4892	Dixie	QLD	-15.1139	143.3136
4892	Lizard	QLD	-14.6641	145.464
4892	Wellesley Islands	QLD	-16.6318	139.4014
4892	Edward River	QLD	-14.6095	142.5487
4892	Laura	QLD	-15.5217	144.1986
4892	Pormpuraaw	QLD	-14.8988	141.6212
4892	Gununa	QLD	-14.6095	142.5487
4892	Aurukun	QLD	-13.3558	141.7271
4562	Verrierdale	QLD	-26.4821	152.9986
4562	Eerwah Vale	QLD	-26.4794	152.9112
4562	Eumundi	QLD	-26.4774	152.9512
4562	Belli Park	QLD	-26.5085	152.8212
4562	Weyba Downs	QLD	-26.4495	153.0472
4562	Doonan	QLD	-26.4396	152.992
4565	Teewah	QLD	-26.3347	153.0014
4565	Lake Cootharaba	QLD	-26.3347	153.0014
4565	Boreen Point	QLD	-26.2861	152.9882
4565	Boreen	QLD	-26.2861	152.9882
4565	Noosa North Shore	QLD	-26.3704	153.0404
4565	Cooroibah	QLD	-26.3632	152.986
4565	Tewantin	QLD	-26.391	153.0343
4565	Cootharaba	QLD	-26.2667	152.9667
4565	North Shore	QLD	-26.3704	153.0404
4565	Ringtail Creek	QLD	-26.3439	152.9668
4566	Noosaville Bc	QLD	-26.4	153.0667
4566	Munna Point	QLD	-26.4	153.0667
4566	Noosaville	QLD	-26.4	153.0667
4566	Noosaville Dc	QLD	-26.4	153.0667
4567	Sunshine Beach	QLD	-26.4058	153.1078
4567	Little Cove	QLD	-26.4116	153.0997
4567	Sunrise Beach	QLD	-26.4165	153.103
4567	Noosa Heads	QLD	-26.3943	153.0901
4567	Castaways Beach	QLD	-26.4299	153.0979
4568	Pomona	QLD	-26.3668	152.8557
4568	Pinbarren	QLD	-26.3333	152.85
4568	Federal	QLD	-26.3942	152.8076
4569	Cooran	QLD	-26.3369	152.8225
4571	Como	QLD	-26.2045	152.9656
4571	Wahpunga	QLD	-26.2377	152.9215
4571	Kin Kin	QLD	-26.2709	152.8773
4573	Peregian Beach	QLD	-26.481	153.096
4573	Mount Coolum	QLD	-26.5658	153.0914
4573	Peregian Beach South	QLD	-26.5162	153.0928
4573	Peregian Springs	QLD	-26.488	153.0758
4573	Coolum Beach	QLD	-26.5283	153.0881
4573	Point Arkwright	QLD	-26.5461	153.1006
4573	Yaroomba	QLD	-26.5513	153.097
4573	Marcus Beach	QLD	-26.4531	153.1006
4625	Stockhaven	QLD	-25.6696	151.8879
4625	Gooroolba	QLD	-25.5139	151.8083
4625	Reids Creek	QLD	-25.5291	151.5643
4625	Yenda	QLD	-25.4531	151.659
4625	Wilson Valley	QLD	-25.5683	151.8665
4625	Wetheron	QLD	-25.5457	151.7187
4625	Ban Ban	QLD	-25.6983	151.8231
4625	Deep Creek	QLD	-25.5946	151.6672
4625	Blairmore	QLD	-25.5946	151.6672
4625	Mingo	QLD	-25.5946	151.6672
4625	Harriet	QLD	-25.7495	151.5831
4625	Toondahra	QLD	-25.5946	151.6672
4625	Gayndah	QLD	-25.6252	151.6114
4625	Binjour	QLD	-25.5151	151.4562
4625	Branch Creek	QLD	-25.4389	151.4069
4625	Ginoondan	QLD	-25.5946	151.6672
4625	Ideraway	QLD	-25.5778	151.6178
4625	Bon Accord	QLD	-25.5832	151.6583
4625	Humphery	QLD	-25.6033	151.4803
4625	Dirnbir	QLD	-25.6076	151.5603
4625	Aranbanga	QLD	-25.5946	151.6672
4625	Ban Ban Springs	QLD	-25.6773	151.8177
4625	Woodmillar	QLD	-25.6511	151.5925
4625	Campbell Creek	QLD	-25.6198	151.7081
4625	Mount Debateable	QLD	-25.6223	151.5679
4625	Wahoon	QLD	-25.5946	151.6672
4625	Dundarrah	QLD	-25.6592	151.934
4625	Byrnestown	QLD	-25.5254	151.761
4625	The Limits	QLD	-25.6797	151.6608
4625	Barlyne	QLD	-25.5946	151.6672
4625	Mount Steadman	QLD	-25.4578	151.793
4625	Pile Gully	QLD	-25.7551	151.4891
4625	Mount Lawless	QLD	-25.5395	151.6533
4625	Penwhaupell	QLD	-25.5946	151.6672
4626	Boynewood	QLD	-25.6432	151.2753
4626	Brovinia	QLD	-25.95	151.15
4626	Cattle Creek	QLD	-25.6523	151.2129
4626	Derri Derra	QLD	-25.7306	151.2983
4626	Glenrae	QLD	-25.6114	151.3368
4626	Dykehead	QLD	-25.657	151.0612
4626	Coonambula	QLD	-25.5209	151.1095
4626	Beeron	QLD	-25.8305	151.2627
4626	O’Bil Bil	QLD	-25.5193	151.2187
4626	Riverleigh	QLD	-25.5766	151.2001
4626	Gurgeena	QLD	-25.4576	151.3949
4626	Obil Bil	QLD	-25.5193	151.2187
4626	Philpott	QLD	-25.6	151.3667
4626	Mundubbera	QLD	-25.5927	151.3022
4626	Hawkwood	QLD	-25.7761	150.8109
4626	Old Cooranga	QLD	-25.6523	151.2129
4626	Monogorilby	QLD	-26.0585	151.0135
4626	Mundowran	QLD	-25.527	151.3817
4626	O'Bil Bil	QLD	-25.5193	151.2187
4627	Ceratodus	QLD	-25.2916	151.1395
4627	Malmoe	QLD	-25.4774	151.2019
4627	Abercorn	QLD	-25.1347	151.1294
4627	Grosvenor	QLD	-25.4292	151.1738
4627	Eidsvold West	QLD	-25.3796	150.6909
4627	Wuruma Dam	QLD	-25.1314	150.9749
4627	Eidsvold	QLD	-25.3717	151.1215
4627	Cynthia	QLD	-25.2123	151.1287
4627	Eidsvold East	QLD	-25.3487	151.1889
4627	Cheltenham	QLD	-25.3085	151.0833
4671	Maroondan	QLD	-24.9667	152.0167
4671	Gaeta	QLD	-24.8333	151.6
4671	Dalysford	QLD	-25.0167	151.8833
4671	Gin Gin	QLD	-24.9936	151.9581
4671	Drinan	QLD	-25.05	152.0167
4671	New Moonta	QLD	-25.0478	151.7389
4671	Bungadoo	QLD	-24.9833	152.0709
4671	Wallaville	QLD	-25.0765	151.9952
4671	Wonbah Forest	QLD	-25.0285	151.8653
4671	Wonbah	QLD	-25.1	151.65
4671	Skyring Reserve	QLD	-25.049	151.9617
4671	Mcilwraith	QLD	-24.9833	152
4671	Tirroan	QLD	-25.0167	151.9333
4671	Booyal	QLD	-25.2164	152.0399
4671	Duingal	QLD	-25.0285	151.8653
4671	Lake Monduran	QLD	-25.0285	151.8653
4671	Redhill Farms	QLD	-25.0218	151.9512
4671	Delan	QLD	-25.0171	152.0505
4671	St Agnes	QLD	-25.0285	151.8653
4671	St Kilda	QLD	-25.0285	151.8653
4671	Damascus	QLD	-24.9514	151.9604
4671	Morganville	QLD	-25.181	151.9583
4671	Mount Perry	QLD	-25.1792	151.6471
4671	Monduran	QLD	-24.8881	151.9088
4671	Nearum	QLD	-25.1004	151.8363
4671	Mungy	QLD	-25.2536	151.4462
4671	Kolonga	QLD	-24.7618	151.7228
4671	Bullyard	QLD	-24.95	152.0667
4671	Good Night	QLD	-25.25	151.9858
4671	Molangul	QLD	-24.75	151.55
4671	Doughboy	QLD	-25.1386	151.8386
4671	Moolboolaman	QLD	-25.0167	151.8167
4671	Horse Camp	QLD	-25.0714	151.8769
4671	Takilberan	QLD	-24.9066	151.7936
4671	Boolboonda	QLD	-25.0833	151.6833
4471	Claverton	QLD	-27.3726	145.9577
4471	Nardoo Siding	QLD	-27.3726	145.9577
4489	Wyandra	QLD	-27.2478	145.9805
4490	Cuttaburra	QLD	-28.709	145.3944
4490	Barringun	QLD	-28.8584	145.7219
4490	Coongoola	QLD	-27.6536	145.9022
4490	Tuen	QLD	-28.5667	145.7167
4490	Yowah	QLD	-28.0667	144.7833
4490	Cunnamulla	QLD	-28.0677	145.6844
4490	Jobs Gate	QLD	-28.2531	145.5832
4490	Linden	QLD	-28.2531	145.5832
4490	Humeburn	QLD	-27.4	145.2333
4490	Noorama	QLD	-28.703	146.2293
4490	Widgeegoara	QLD	-28.2531	145.5832
4491	Eulo	QLD	-28.1599	145.0471
4493	Hungerford	QLD	-28.9963	144.407
4474	Adavale	QLD	-25.9073	144.6008
4475	Cheepie	QLD	-26.6333	145.0167
4130	Carbrook	QLD	-27.6833	153.25
4130	Cornubia	QLD	-27.6667	153.2167
4157	Capalaba Dc	QLD	-27.5638	153.2016
4157	Capalaba Bc	QLD	-27.5638	153.2016
4157	Capalaba	QLD	-27.5433	153.2029
4157	Capalaba West	QLD	-27.5638	153.2016
4157	Sheldon	QLD	-27.5844	153.2004
4158	Thorneside	QLD	-27.4878	153.1982
4159	Birkdale	QLD	-27.4833	153.2167
4160	Wellington Point	QLD	-27.4833	153.25
4160	Erobin	QLD	-27.5	153.25
4160	Ormiston	QLD	-27.5167	153.25
4161	Alexandra Hills	QLD	-27.5322	153.2289
4163	Cleveland Dc	QLD	-27.5268	153.2652
4163	Cleveland	QLD	-27.5268	153.2652
4164	Pinklands	QLD	-27.5575	153.2648
4164	Thornlands	QLD	-27.5575	153.2648
4165	Mount Cotton	QLD	-27.6333	153.2333
4165	Victoria Point	QLD	-27.5833	153.3117
4165	Point Talburpin	QLD	-27.64	153.3138
4165	Redland Bay	QLD	-27.6113	153.3002
4165	Victoria Point West	QLD	-27.617	153.2898
4165	Point Halloran	QLD	-27.617	153.2898
4178	Wynnum Plaza	QLD	-27.4323	153.1642
4178	Wynnum	QLD	-27.4453	153.1581
4178	Port Of Brisbane	QLD	-27.3847	153.1754
4178	Lindum	QLD	-27.4323	153.1642
4178	Wynnum Central	QLD	-27.45	153.1833
4178	Wynnum North	QLD	-27.4323	153.1642
4178	Wynnum West	QLD	-27.4582	153.1532
4178	Lytton	QLD	-27.423	153.1511
4184	Lamb Island	QLD	-27.6248	153.3802
4184	Macleay Island	QLD	-27.6109	153.36
4184	Peel Island	QLD	-27.4985	153.3553
4184	Karragarra Island	QLD	-27.6368	153.3681
4184	Coochiemudlo Island	QLD	-27.5736	153.3302
4184	Russell Island	QLD	-27.6487	153.3812
4184	Perulpa Island	QLD	-27.5989	153.3625
4699	Port Alma	QLD	-23.5831	150.8608
4699	Bajool	QLD	-23.6667	150.65
4714	Moongan	QLD	-23.6	150.4
4714	Walterhall	QLD	-23.6275	150.3834
4714	Walmul	QLD	-23.7167	150.3833
4714	Boulder Creek	QLD	-23.6816	150.3518
4714	Oakey Creek	QLD	-23.7539	150.3531
4714	Johnsons Hill	QLD	-23.667	150.3862
4714	Trotter Creek	QLD	-23.667	150.3862
4714	Limestone	QLD	-23.667	150.3862
4714	Leydens Hill	QLD	-23.6164	150.416
4714	Mount Morgan	QLD	-23.6453	150.389
4714	Fletcher Creek	QLD	-23.667	150.3862
4714	Baree	QLD	-23.6197	150.3898
4714	Struck Oil	QLD	-23.6213	150.4457
4714	Nine Mile Creek	QLD	-23.7029	150.4094
4714	Horse Creek	QLD	-23.6639	150.3826
4714	Wura	QLD	-23.7884	150.3322
4714	The Mine	QLD	-23.629	150.3704
4714	Hamilton Creek	QLD	-23.6717	150.3998
4211	Pacific Pines	QLD	-27.9399	153.3144
4211	Nerang Dc	QLD	-28.0393	153.2817
4211	Southern Lamington	QLD	-28.0393	153.2817
4211	Gilston	QLD	-28.0333	153.3
4211	Mount Nathan	QLD	-27.9643	153.272
4211	Nerang	QLD	-27.9894	153.3363
4211	Clagiraba	QLD	-27.9939	153.2424
4211	Highland Park	QLD	-28.0139	153.3331
4211	Nerang Bc	QLD	-28.0393	153.2817
4211	Gaven	QLD	-27.9565	153.3345
4211	Natural Bridge	QLD	-28.2212	153.236
4211	Carrara	QLD	-28.0215	153.3664
4211	Lower Beechmont	QLD	-28.0475	153.2457
4211	Pindari Hills	QLD	-28.0393	153.2817
4211	Binna Burra	QLD	-28.0393	153.2817
4211	Beechmont	QLD	-28.1214	153.192
4211	Latimer	QLD	-28.0393	153.2817
4211	Advancetown	QLD	-28.0667	153.2667
4211	Numinbah Valley	QLD	-28.1417	153.2231
4272	Mount Tamborine	QLD	-27.9695	153.1994
4272	Tamborine Mountain	QLD	-27.9695	153.1994
4272	North Tamborine	QLD	-27.9276	153.1848
4275	Lamington National Park	QLD	-28.0477	153.1498
4275	Wonglepong	QLD	-27.9669	153.1638
4275	Boyland	QLD	-27.95	153.1333
4275	Flying Fox	QLD	-28.0477	153.1498
4275	O’Reilly	QLD	-28.0477	153.1498
4275	Bloomfleet	QLD	-28.0477	153.1498
4275	Sarabah	QLD	-28.0918	153.1131
4275	O'Reillys	QLD	-28.0477	153.1498
4275	Benobble	QLD	-27.9833	153.1667
4275	Biddaddaba	QLD	-27.9976	153.1147
4275	Ferny Glen	QLD	-28.0682	153.166
4275	Canungra	QLD	-28.0169	153.1653
4275	O'Reilly	QLD	-28.2316	153.1356
4275	Witheren	QLD	-28.0392	153.1916
4275	Illinbah	QLD	-28.1313	153.1483
4287	Mount Barney	QLD	-28.2328	152.7474
4287	Palen Creek	QLD	-28.2584	152.824
4287	Rathdowney	QLD	-28.2108	152.8641
4287	Running Creek	QLD	-28.2393	152.804
4287	Mount Lindesay	QLD	-28.2393	152.804
4287	Barney View	QLD	-28.2552	152.7805
4305	Tivoli	QLD	-27.5928	152.768
4305	West Ipswich	QLD	-27.6213	152.7482
4305	Woodend	QLD	-27.6055	152.7531
4305	Yamanto	QLD	-27.6603	152.7386
4305	Eastern Heights	QLD	-27.6285	152.7783
4305	Leichhardt	QLD	-27.6228	152.7337
4305	Brassall Heights	QLD	-27.6263	152.757
4305	Raymonds Hill	QLD	-27.6263	152.757
4305	North Tivoli	QLD	-27.5761	152.7877
4305	North Ipswich	QLD	-27.6029	152.7615
4305	Raceview	QLD	-27.6347	152.7752
4305	Bremer	QLD	-27.6263	152.757
4305	Newtown	QLD	-27.6163	152.7768
4305	Coalfalls	QLD	-27.6084	152.7468
4305	Basin Pocket	QLD	-27.5999	152.7713
4305	One Mile	QLD	-27.629	152.7377
4305	Churchill	QLD	-27.6423	152.7502
4305	Flinders View	QLD	-27.6505	152.7745
4305	Ipswich	QLD	-27.6234	152.7607
4305	East Ipswich	QLD	-27.6064	152.7723
4305	Wulkuraka	QLD	-27.6143	152.7219
4305	Moores Pocket	QLD	-27.5978	152.7773
4305	Brassall	QLD	-27.5975	152.7476
4305	Sadliers Crossing	QLD	-27.6125	152.7458
4305	Limestone Ridges	QLD	-27.8365	152.726
4306	Fairney View	QLD	-27.4833	152.6667
4306	Mount Stanley	QLD	-26.6595	152.2027
4306	Wanora	QLD	-27.5167	152.6667
4306	Chuwar	QLD	-27.5662	152.7784
4306	Lake Manchester	QLD	-27.4895	152.7452
4306	Ripley	QLD	-27.7167	152.8333
4306	Benarkin	QLD	-26.8821	152.1372
4306	Vernor	QLD	-27.4667	152.6167
4306	Wivenhoe Pocket	QLD	-27.4219	152.6217
4306	Moore	QLD	-26.9005	152.2934
4306	Muirlea	QLD	-27.5667	152.7167
4306	Karrabin	QLD	-27.6	152.7167
4306	Banks Creek	QLD	-27.4131	152.7237
4306	Split Yard Creek	QLD	-27.3699	152.5526
4306	Goolman	QLD	-27.7333	152.75
4306	Haigslea	QLD	-27.5725	152.6294
4306	Peak Crossing	QLD	-27.7837	152.726
4306	Dundas	QLD	-27.3	152.6167
4306	Fernvale	QLD	-27.4548	152.6532
4306	South Ripley	QLD	-27.7174	152.8164
4306	Mount Binga	QLD	-26.9972	151.9889
4306	Lark Hill	QLD	-27.5265	152.6031
4306	Karana Downs	QLD	-27.5486	152.8073
4306	Forest Glade	QLD	-27.3699	152.5526
4306	Walloon	QLD	-27.6055	152.6643
4306	Deebing Heights	QLD	-27.6672	152.7487
4306	Bellhaven	QLD	-27.3699	152.5526
4306	Benarkin North	QLD	-26.8464	152.1544
4306	Wivenhoe	QLD	-27.3699	152.5526
4306	Loamside	QLD	-27.6667	152.7333
4306	Monsildale	QLD	-27.3699	152.5526
4306	Swanbank	QLD	-27.6569	152.8072
4306	Colinton	QLD	-26.9333	152.3167
4306	England Creek	QLD	-27.389	152.6752
4306	Holts Hill	QLD	-27.3699	152.5526
4306	Amberley	QLD	-27.6333	152.7
4306	Blackbutt North	QLD	-26.8662	152.1173
4306	Mount Crosby	QLD	-27.5395	152.8058
4306	West Amberley	QLD	-27.3699	152.5526
4306	White Rock	QLD	-27.3699	152.5526
4306	Barellan Point	QLD	-27.572	152.8438
4306	Cherry Creek	QLD	-26.9255	152.1091
4306	Kholo	QLD	-27.4958	152.7608
4306	Avoca Vale	QLD	-27.3699	152.5526
4306	Linville	QLD	-26.8443	152.276
4306	Purga	QLD	-27.6592	152.7158
4306	Blacksoil	QLD	-27.577	152.7052
4306	Pine Mountain	QLD	-27.55	152.7
4306	Willowbank	QLD	-27.6821	152.6741
4306	Mount Marrow	QLD	-27.6039	152.6209
4306	Googa Creek	QLD	-26.9695	152.0665
4306	Nukku	QLD	-26.8678	152.0788
4306	Thagoona	QLD	-27.6333	152.6333
4306	Glamorgan Vale	QLD	-27.5167	152.6333
4306	Borallon	QLD	-27.4975	152.7033
4306	Blackbutt South	QLD	-26.902	152.1059
4306	Washpool	QLD	-27.3699	152.5526
4306	Taromeo	QLD	-26.8276	152.1204
4306	Karalee	QLD	-27.5648	152.8245
4306	Harlin	QLD	-26.9803	152.358
4306	Blackbutt	QLD	-26.8863	152.1017
4306	Ironbark	QLD	-27.5564	152.6716
4306	Blackwall	QLD	-27.3699	152.5526
4306	Teelah	QLD	-27.3699	152.5526
4309	Milora	QLD	-27.8319	152.693
4309	Aratula	QLD	-27.9833	152.5333
4309	Frazerview	QLD	-27.9611	152.6003
4309	Tarome	QLD	-27.9611	152.6003
4309	Moogerah	QLD	-28.0886	152.5223
4309	Fassifern	QLD	-27.9667	152.6
4309	Washpool	QLD	-27.9611	152.6003
4309	Mount Edwards	QLD	-28.0167	152.5167
4309	Obum Obum	QLD	-27.9158	152.652
4309	Fassifern Valley	QLD	-27.9667	152.6
4309	Kalbar	QLD	-27.9417	152.6237
4309	Munbilla	QLD	-27.8751	152.6592
4309	Charlwood	QLD	-28.0117	152.572
4309	Teviotville	QLD	-27.95	152.6833
4309	Clumber	QLD	-28.0667	152.4667
4309	Kulgun	QLD	-27.9333	152.6833
4309	Morwincha	QLD	-27.9701	152.5799
4309	Kents Lagoon	QLD	-27.8987	152.6186
4310	Roadvale	QLD	-27.9177	152.6882
4310	Maroon	QLD	-28.1742	152.7201
4310	Kents Pocket	QLD	-27.9891	152.6561
4310	Coochin	QLD	-28.0989	152.643
4310	Wyaralong	QLD	-27.9401	152.7729
4310	Blantyre	QLD	-27.9039	152.678
4310	Dugandan	QLD	-28.0211	152.6714
4310	Croftby	QLD	-28.1429	152.5624
4310	Cannon Creek	QLD	-28.0627	152.7241
4310	Frenches Creek	QLD	-28.019	152.6327
4310	Woolooman	QLD	-27.8747	152.7657
4310	Mount Alford	QLD	-28.068	152.5957
4310	Burnett Creek	QLD	-28.2372	152.5902
4310	Coulson	QLD	-27.9551	152.7177
4310	Allandale	QLD	-28.0121	152.7482
4310	Carneys Creek	QLD	-28.2107	152.5533
4310	Lake Moogerah	QLD	-28.0204	152.6714
4310	Maroon Dam	QLD	-28.0204	152.6714
4310	Anthony	QLD	-27.8779	152.6828
4310	Boonah	QLD	-27.9972	152.6811
4310	Milford	QLD	-28.0252	152.7093
4310	Mount French	QLD	-28.0027	152.6349
4310	Bunburra	QLD	-28.0669	152.6868
4310	Templin	QLD	-27.9714	152.6478
4310	Milbong	QLD	-27.8833	152.7333
4310	Wallaces Creek	QLD	-28.0705	152.6535
4310	Hoya	QLD	-27.9667	152.6833
4310	Bunjurgen	QLD	-28.0412	152.6236
4340	Lower Mount Walker	QLD	-27.7146	152.5293
4340	Mount Walker	QLD	-27.7833	152.5333
4340	Ebenezer	QLD	-27.6833	152.6333
4340	The Bluff	QLD	-27.6235	152.5355
4340	Ashwell	QLD	-27.6299	152.5586
4340	Rosewood	QLD	-27.6335	152.5895
4340	Woolshed	QLD	-27.5995	152.506
4340	Grandchester	QLD	-27.664	152.462
4340	Tallegalla	QLD	-27.6	152.5667
4340	Jeebropilly	QLD	-27.6461	152.6586
4340	Calvert	QLD	-27.6667	152.5167
4340	Mount Mort	QLD	-27.8167	152.4167
4340	Mount Forbes	QLD	-27.7333	152.6167
4340	Mount Walker West	QLD	-27.7738	152.5007
4340	Rosevale	QLD	-27.8701	152.4852
4340	Merryvale	QLD	-27.7925	152.4928
4340	Moorang	QLD	-27.9167	152.4667
4340	Lanefield	QLD	-27.65	152.55
4373	The Falls	QLD	-28.317	152.3841
4373	Killarney	QLD	-28.3327	152.2942
4373	The Head	QLD	-28.2833	152.4167
4312	Eskdale	QLD	-27.2171	152.5052
4312	Glen Esk	QLD	-27.2574	152.4682
4312	Moombra	QLD	-27.2703	152.4965
4312	Caboonbah	QLD	-27.1493	152.4692
4312	Mount Hallen	QLD	-27.3167	152.4167
4312	Somerset Dam	QLD	-27.1214	152.5497
4312	Redbank Creek	QLD	-27.2171	152.5052
4312	Mount Byron	QLD	-27.1543	152.6542
4312	Coal Creek	QLD	-27.2171	152.5052
4312	Esk	QLD	-27.239	152.4222
4312	Crossdale	QLD	-27.1895	152.5317
4312	Murrumba	QLD	-27.204	152.4621
4312	Bryden	QLD	-27.2692	152.5813
4313	Braemore	QLD	-27.0417	152.384
4313	Ivory Creek	QLD	-27.0556	152.3311
4313	Mount Beppo	QLD	-27.1061	152.44
4313	Toogoolawah	QLD	-27.0866	152.3764
4313	Scrub Creek	QLD	-27.0426	152.4134
4313	Yimbun	QLD	-27.0333	152.3667
4313	Fulham	QLD	-27.0667	152.45
4313	Lower Cressbrook	QLD	-27.0833	152.4833
4313	Gregors Creek	QLD	-27.0013	152.4006
4313	Biarra	QLD	-27.0714	152.4127
4313	Cressbrook	QLD	-27.0788	152.4323
4313	Ottaba	QLD	-27.15	152.3833
4313	Cooeeimbardi	QLD	-27.1102	152.4918
4342	Forest Hill	QLD	-27.5926	152.3557
4342	Lynford	QLD	-27.4743	152.4538
4342	Lockrose	QLD	-27.489	152.46
4342	Glen Cairn	QLD	-27.6117	152.3273
4342	Glenore Grove	QLD	-27.5333	152.4
4342	Crowley Vale	QLD	-27.5486	152.3734
4346	Marburg	QLD	-27.5661	152.597
4514	Neurum	QLD	-26.9667	152.7
4514	D’Aguilar	QLD	-26.9833	152.8
4514	Mount Delaney	QLD	-27.0147	152.7148
4514	D'Aguilar	QLD	-26.9833	152.8
4514	Westvale	QLD	-27.0268	152.6087
4514	Bellthorpe	QLD	-26.8554	152.7609
4514	Commissioners Flat	QLD	-26.9492	152.7422
4514	Delaneys Creek	QLD	-27.0002	152.7955
4514	Woodford	QLD	-26.9529	152.7775
4514	Stony Creek	QLD	-26.9272	152.7124
4514	Stanmore	QLD	-26.8814	152.788
4514	Cedarton	QLD	-26.85	152.8167
4514	Mount Archer	QLD	-26.9492	152.7422
4514	Villeneuve	QLD	-26.9484	152.6324
4515	Kilcoy	QLD	-26.943	152.5654
4515	Royston	QLD	-26.95	152.65
4515	Glenfern	QLD	-26.9589	152.5998
4515	Sheep Station Creek	QLD	-26.8569	152.5085
4515	Hazeldean	QLD	-27.0321	152.5404
4515	Winya	QLD	-26.9424	152.5764
4515	Monsildale	QLD	-26.8574	152.5507
4515	Jimna	QLD	-26.6606	152.4661
4515	Sandy Creek	QLD	-26.8506	152.6377
4515	Kingaham	QLD	-26.5375	152.3845
4515	Woolmar	QLD	-26.8574	152.5507
4515	Mount Kilcoy	QLD	-26.8426	152.5787
4405	Malakoff	QLD	-27.2463	151.3099
4405	Tipton	QLD	-27.4636	151.2637
4405	Broadwater	QLD	-27.2463	151.3099
4405	Kumbarilla	QLD	-27.3165	150.8783
4405	Kupunn	QLD	-27.2286	151.1141
4405	Yamsion	QLD	-26.9833	151.5833
4405	Weranga	QLD	-27.3051	150.7262
4405	St Ruth	QLD	-27.2463	151.3099
4405	Pirrinuan	QLD	-27.2463	151.3099
4405	Grassdale	QLD	-27.2463	151.3099
4405	Marmadua	QLD	-27.2463	151.3099
4405	Braemar Forest	QLD	-27.2463	151.3099
4405	Nandi	QLD	-27.2158	151.1715
4405	Beelbee	QLD	-27.2463	151.3099
4405	Daandine	QLD	-27.2463	151.3099
4405	Ranges Bridge	QLD	-27.2463	151.3099
4405	Bunya Mountains	QLD	-26.8801	151.5656
4405	Mowbullan	QLD	-26.8942	151.6079
4405	Ducklo	QLD	-27.2552	151.011
4405	Dalby	QLD	-27.1817	151.2621
4405	Blaxland	QLD	-27.217	151.4
4405	Springvale	QLD	-28.014	152.135
4606	Chelmsford	QLD	-26.2817	151.8112
4606	Leafdale	QLD	-26.2466	151.7862
4606	Fairdale	QLD	-26.2833	151.7833
4606	Greenview	QLD	-26.3178	151.8173
4606	Mp Creek	QLD	-26.3085	151.746
4606	Mount Mceuen	QLD	-26.243	151.722
4606	Wondai	QLD	-26.3177	151.8724
4606	Wheatlands	QLD	-26.2812	151.8034
4606	Ficks Crossing	QLD	-26.2508	151.8889
4608	Charlestown	QLD	-26.3694	151.7578
4608	Wilkesdale	QLD	-26.3667	151.65
4608	Wooroolin	QLD	-26.4167	151.8167
4608	Cushnie	QLD	-26.3278	151.7479
4608	Tingoora	QLD	-26.3667	151.8167
4610	Haly Creek	QLD	-26.6833	151.75
4610	Kingaroy Dc	QLD	-26.5817	151.7114
4610	Corndale	QLD	-26.5817	151.7114
4610	Gordonbrook	QLD	-26.5817	151.7114
4610	Hodgleigh	QLD	-26.6333	151.9333
4610	Mannuem	QLD	-26.5917	151.6182
4610	Alice Creek	QLD	-26.7627	151.5944
4610	Coolabunia	QLD	-26.6	151.9
4610	Ironpot	QLD	-26.5817	151.7114
4610	Wattle Grove	QLD	-26.5817	151.7114
4610	Goodger	QLD	-26.6667	151.8167
4610	Boonenne	QLD	-26.6167	151.8
4610	Chahpingah	QLD	-26.5817	151.7114
4610	Taabinga	QLD	-26.5833	151.8333
4610	Kingaroy	QLD	-26.5399	151.8373
4610	Boyneside	QLD	-26.7167	151.55
4610	Durong South	QLD	-26.3333	151.25
4610	Kumbia	QLD	-26.6947	151.6551
4610	Inverlaw	QLD	-26.5816	151.7487
4610	Ellesmere	QLD	-26.7331	151.7428
4610	Taabinga Village	QLD	-26.5833	151.8333
4610	Dangore	QLD	-26.45	151.5833
4610	Booie	QLD	-26.5368	151.9418
4610	Crawford	QLD	-26.5	151.8167
4610	Ballogie	QLD	-26.5817	151.7114
4610	Durong	QLD	-26.3333	151.25
4610	Memerambi	QLD	-26.4623	151.8219
4610	Benair	QLD	-26.6131	151.6614
4611	Mondure	QLD	-26.1837	151.7724
4611	Marshlands	QLD	-26.1543	151.75
4612	Stonelands	QLD	-26.182	151.712
4612	Keysland	QLD	-26.182	151.712
4612	Hivesville	QLD	-26.1807	151.6907
4612	Kawl Kawl	QLD	-26.1833	151.7333
4612	Wigton	QLD	-26.182	151.712
4613	Okeden	QLD	-26.1633	151.5018
4613	Stalworth	QLD	-26.1438	151.6146
4613	Boondooma	QLD	-26.3036	151.262
4613	Coverty	QLD	-26.2851	151.4761
4613	Speedwell	QLD	-26.0303	151.5263
4613	Manar	QLD	-26.0309	151.3906
4613	Brigooda	QLD	-26.2534	151.4158
4613	Kinleymore	QLD	-26.1833	151.65
4613	Melrose	QLD	-28.3531	152.2489
4613	Proston	QLD	-26.1607	151.6004
4613	Abbeywood	QLD	-26.1139	151.6294
4614	Neumgna	QLD	-26.8661	151.9437
4614	Yarraman	QLD	-26.8417	151.9814
4614	Upper Yarraman	QLD	-26.8906	151.906
4361	Clifton	QLD	-27.9337	151.9066
4361	Pilton	QLD	-27.8701	152.0458
4361	Ellangowan	QLD	-27.9415	151.7273
4361	Upper Pilton	QLD	-27.8701	152.0458
4361	Sandy Camp	QLD	-27.9656	151.8371
4361	Missen Flat	QLD	-27.9134	151.9138
4361	Nevilton	QLD	-27.8845	151.9715
4361	Spring Creek	QLD	-27.957	151.986
4361	Victoria Hill	QLD	-27.9134	151.9138
4361	Ryeford	QLD	-27.9324	151.8167
4361	Back Plains	QLD	-27.9	151.7833
4361	Mount Molar	QLD	-27.8816	151.8517
4361	Headington Hill	QLD	-27.909	152.011
4361	Kings Creek	QLD	-27.9	151.9167
4361	Elphinstone	QLD	-27.973	151.9023
4361	Manapouri	QLD	-27.8688	151.9916
4362	Goomburra	QLD	-28.05	152.1197
4362	Old Talgai	QLD	-27.9864	151.7704
4362	Mount Marshall	QLD	-28.085	152.0415
4362	Allora	QLD	-28.0348	151.9806
4362	Talgai	QLD	-28.0506	151.8588
4362	Forest Springs	QLD	-28.0554	151.962
4362	Hendon	QLD	-28.0772	151.9492
4362	Ellinthorp	QLD	-28.0512	151.9221
4362	Deuchar	QLD	-28.1176	151.9575
4362	Berat	QLD	-28.0453	152.058
4370	Clintonvale	QLD	-28.0962	152.1254
4370	Loch Lomond	QLD	-28.3137	152.2024
4370	Wheatvale	QLD	-28.1667	151.8833
4370	Womina	QLD	-28.1833	152.05
4370	Upper Wheatvale	QLD	-28.1384	151.8828
4370	Leslie	QLD	-28.1787	151.9217
4370	Wiyarra	QLD	-28.2752	152.2135
4370	Canningvale	QLD	-28.2441	152.0564
4370	Greymare	QLD	-28.1667	151.7667
4370	Massie	QLD	-28.1478	151.9556
4370	Mount Sturt	QLD	-28.1684	152.2077
4370	Elbow Valley	QLD	-28.3821	152.1466
4370	Sladevale	QLD	-28.1667	152.0667
4370	Warwick	QLD	-28.219	152.0344
4370	Murrays Bridge	QLD	-28.3321	152.1351
4370	Wildash	QLD	-28.3392	152.0289
4370	The Hermitage	QLD	-28.2079	152.1016
4370	Cunningham	QLD	-28.1613	151.8421
4370	Maryvale	QLD	-28.0687	152.2436
4370	Tregony	QLD	-28.0649	152.3424
4370	Danderoo	QLD	-28.25	152.2333
4370	Bony Mountain	QLD	-28.1333	151.8333
4370	Silverwood	QLD	-28.3239	152.0051
4370	Allan	QLD	-28.2017	151.9512
4370	The Glen	QLD	-28.3574	151.9244
4370	Thane	QLD	-28.1621	151.7012
4370	Pratten	QLD	-28.0892	151.7827
4370	Rosenthal Heights	QLD	-28.2401	152.0133
4370	Leslie Dam	QLD	-28.2403	151.8984
4370	Mount Colliery	QLD	-28.2503	152.3738
4370	Swan Creek	QLD	-28.1987	152.1374
4370	Junabee	QLD	-28.25	152.1333
4370	Montrose	QLD	-28.1585	151.7839
4370	Cherry Gully	QLD	-28.4339	152.0596
4370	Rosehill	QLD	-28.1833	152
4370	Upper Freestone	QLD	-28.1371	152.1949
4370	Gladfield	QLD	-28.0734	152.1846
4370	Willowvale	QLD	-28.1232	152.0334
4370	North Branch	QLD	-28.0368	152.3298
4370	Glengallan	QLD	-28.1999	152.0329
4370	Toolburra	QLD	-28.1667	151.9667
4370	Thanes Creek	QLD	-28.1167	151.6833
4370	Mount Tabor	QLD	-28.207	152.0676
4370	Freestone	QLD	-28.1242	152.14
4370	Glennie Heights	QLD	-28.1999	152.0329
4370	Warwick Dc	QLD	-28.1999	152.0329
4370	Rosenthal	QLD	-28.2401	152.0133
4370	Morgan Park	QLD	-28.2562	152.0454
4370	Rodgers Creek	QLD	-28.2187	151.8153
4371	Yangan	QLD	-28.1932	152.2069
4371	Emu Vale	QLD	-28.2229	152.2471
4371	Swanfels	QLD	-28.1696	152.2714
4372	Tannymorel	QLD	-28.2909	152.2461
4374	Dalveen	QLD	-28.4871	151.9674
4374	Palgrave	QLD	-28.4871	151.9674
4376	Thulimbah	QLD	-28.5506	151.9486
4378	Applethorpe	QLD	-28.6193	151.9601
4381	Fletcher	QLD	-28.774	151.8637
4381	Glen Aplin	QLD	-28.7338	151.8797
4382	Lyra	QLD	-28.829	151.8552
4382	Somme	QLD	-28.7872	151.8147
4382	Ballandean	QLD	-28.798	151.8401
4382	Girraween	QLD	-28.5483	151.7372
4382	Sundown	QLD	-27.4654	151.3113
4382	Wyberba	QLD	-28.8619	151.8646
4507	Woorim	QLD	-27.0693	153.2043
4507	Welsby	QLD	-26.9714	153.1292
4507	Bribie Island North	QLD	-27.0432	153.1524
4507	White Patch	QLD	-27.0307	153.1282
4507	Bongaree	QLD	-27.0837	153.1594
4507	Bribie Island Dc	QLD	-27.0432	153.1524
4507	Bellara	QLD	-27.0639	153.1496
4507	Bribie Island	QLD	-27.0432	153.1524
4507	Banksia Beach	QLD	-27.0403	153.1439
4517	Beerburrum	QLD	-26.9613	152.9544
4518	Glass House Mountains	QLD	-26.8976	152.9532
4519	Coochin Creek	QLD	-26.8902	153.0537
4519	Crohamhurst	QLD	-26.807	152.8617
4519	Peachester	QLD	-26.8455	152.884
4519	Beerwah	QLD	-26.8588	152.9614
4550	Landsborough	QLD	-26.8067	152.961
4550	Mount Mellum	QLD	-26.816	152.9335
4551	Baringa	QLD	-26.796	153.1146
4551	Caloundra Bc	QLD	-26.796	153.1146
4551	Aroona	QLD	-26.7817	153.1165
4551	Caloundra Dc	QLD	-26.796	153.1146
4551	Nirimba	QLD	-26.796	153.1146
4551	Corbould Park	QLD	-26.796	153.1146
4551	Diamond Head	QLD	-26.796	153.1146
4551	Gagalba	QLD	-26.796	153.1146
4551	Battery Hill	QLD	-26.7788	153.1289
4551	Meridan Plains	QLD	-26.7735	153.0619
4551	Little Mountain	QLD	-26.7844	153.0922
4551	Banya	QLD	-26.796	153.1146
4551	Kings Beach	QLD	-26.8017	153.1426
4551	Caloundra West	QLD	-26.8063	153.1089
4551	Caloundra	QLD	-26.8035	153.1219
4551	Bells Creek	QLD	-26.8185	153.0654
4551	Pelican Waters	QLD	-26.8335	153.1001
4551	Currimundi	QLD	-26.7693	153.1224
4551	Moffat Beach	QLD	-26.7905	153.14
4551	Golden Beach	QLD	-26.8218	153.1197
4551	Shelly Beach	QLD	-26.7965	153.1458
4551	Dicky Beach	QLD	-26.7836	153.1377
4553	Palmview	QLD	-26.746	153.0599
4553	Diamond Valley	QLD	-26.7552	152.9293
4553	Mooloolah	QLD	-26.7655	152.9587
4553	Mooloolah Valley	QLD	-26.7655	152.9587
4553	Glenview	QLD	-26.7667	153.0167
4554	Eudlo	QLD	-26.7296	152.954
4554	Ilkley	QLD	-26.731	152.9977
4555	Landers Shoot	QLD	-26.7134	152.9267
4555	Chevallum	QLD	-26.7007	152.9935
4555	Hunchy	QLD	-26.6799	152.9109
4555	Palmwoods	QLD	-26.6858	152.9613
4556	Sippy Downs	QLD	-26.7179	153.0547
4556	Kunda Park	QLD	-26.6643	153.0354
4556	Forest Glen	QLD	-26.6886	153.0045
4556	Mons	QLD	-26.6916	153.025
4556	Buderim	QLD	-26.6844	153.0571
4556	Tanawha	QLD	-26.7198	153.0302
4557	Mooloolaba	QLD	-26.6816	153.1192
4557	Mountain Creek	QLD	-26.7028	153.1013
4558	Kuluin	QLD	-26.6578	153.0561
4558	Maroochydore Dc	QLD	-26.6571	153.0856
4558	Maroochydore Bc	QLD	-26.6571	153.0856
4558	Sunshine Plaza	QLD	-26.6571	153.0856
4558	Maroochydore	QLD	-26.6601	153.0995
4558	Maroochydore South	QLD	-26.6571	153.0856
4558	Cotton Tree	QLD	-26.6535	153.1012
4559	Kiels Mountain	QLD	-26.6565	153.0081
4559	Woombye	QLD	-26.6605	152.9695
4559	West Woombye	QLD	-26.6664	152.9256
4559	Diddillibah	QLD	-26.6417	153.0496
4560	Kiamba	QLD	-26.5727	152.9241
4560	Parklands	QLD	-26.5955	152.9789
4560	Nambour Dc	QLD	-26.6199	152.9313
4560	Kulangoor	QLD	-26.5833	152.9667
4560	Sunshine Coast Mc	QLD	-26.6199	152.9313
4560	Kureelpa	QLD	-26.6067	152.891
4560	Bli Bli	QLD	-26.6172	153.0367
4560	Coes Creek	QLD	-26.6472	152.9494
4560	Highworth	QLD	-26.6174	152.9344
4560	Nambour	QLD	-26.6261	152.9594
4560	Flaxton	QLD	-26.6571	152.8641
4560	Image Flat	QLD	-26.601	152.933
4560	Nambour Bc	QLD	-26.6199	152.9313
4560	Mapleton	QLD	-26.6243	152.8678
4560	Nambour West	QLD	-26.6199	152.9313
4560	Rosemount	QLD	-26.6303	152.9997
4560	Montville	QLD	-26.6833	152.8833
4560	Towen Mountain	QLD	-26.6468	152.9284
4560	Dulong	QLD	-26.6339	152.9062
4560	Burnside	QLD	-26.6325	152.9406
4560	Perwillowen	QLD	-26.6333	152.9167
4560	Cooloolabin	QLD	-26.55	152.8833
4561	Yandina Creek	QLD	-26.5387	153.0389
4561	North Arm	QLD	-26.5248	152.9552
4561	Valdora	QLD	-26.5459	153.0068
4561	Yandina	QLD	-26.5616	152.9559
4561	Maroochy River	QLD	-26.5777	153.0188
4561	Bridges	QLD	-26.5333	152.95
4561	Ninderry	QLD	-26.5409	152.9752
4564	Mudjimba	QLD	-26.615	153.0989
4564	Marcoola	QLD	-26.5845	153.0947
4564	Pacific Paradise	QLD	-26.6181	153.0778
4564	Twin Waters	QLD	-26.6342	153.0811
4572	Alexandra Headland	QLD	-26.6715	153.1006
4575	Kawana Waters	QLD	-26.706	153.1316
4575	Buddina	QLD	-26.6956	153.133
4575	Birtinya	QLD	-26.7432	153.1191
4575	Minyama	QLD	-26.6957	153.1235
4575	Parrearra	QLD	-26.7115	153.122
4575	Wurtulla	QLD	-26.7565	153.128
4575	Warana Beach	QLD	-26.7212	153.1268
4575	Bokarina	QLD	-26.7384	153.1305
4575	Warana	QLD	-26.7227	153.1269
4860	Sundown	QLD	-17.4931	146.0222
4860	Stoters Hill	QLD	-17.5354	145.9728
4860	East Palmerston	QLD	-17.6062	145.8486
4860	Goondi Bend	QLD	-17.5171	146.0111
4860	Coquette Point	QLD	-17.5197	146.0642
4860	Eubenangee	QLD	-17.455	145.9768
4860	Cullinane	QLD	-17.5114	146.0241
4860	Coconuts	QLD	-17.5044	146.0633
4860	Wooroonooran	QLD	-17.4486	145.8617
4860	Mighell	QLD	-17.5398	146.0221
4860	Flying Fish Point	QLD	-17.4967	146.076
4860	Garradunga	QLD	-17.4546	146.007
4860	Eaton	QLD	-17.503	146.052
4860	Coorumba	QLD	-17.5681	145.9208
4860	Webb	QLD	-17.5301	146.0442
4860	O'Briens Hill	QLD	-17.5118	145.9904
4860	Palmerston	QLD	-17.5155	145.9973
4860	Hudson	QLD	-17.5247	146.0007
4860	Bamboo Creek	QLD	-17.5625	145.9901
4860	Wanjuru	QLD	-17.5155	145.9973
4860	Upper Daradgee	QLD	-17.5184	145.9607
4860	Innisfail	QLD	-17.5221	146.031
4860	Cooroo Lands	QLD	-17.5155	145.9973
4860	O’Briens Hill	QLD	-17.5155	145.9973
4860	Daradgee	QLD	-17.485	146.0057
4860	Jubilee Heights	QLD	-17.4721	146.0228
4860	Innisfail Estate	QLD	-17.5183	146.0447
4860	South Innisfail	QLD	-17.5449	146.0296
4860	Ngatjan	QLD	-17.5155	145.9973
4860	East Innisfail	QLD	-17.5332	146.0349
4860	Pin Gin Hill	QLD	-17.5155	145.9973
4860	Fitzgerald Creek	QLD	-17.4847	145.9729
4860	Goondi Hill	QLD	-17.5284	146.0169
4860	Belvedere	QLD	-17.522	145.988
4860	Vasa Views	QLD	-17.4657	145.9693
4860	Mundoo	QLD	-17.5626	146.0166
4860	Goondi	QLD	-17.5096	145.9924
4860	Nerada	QLD	-17.5466	145.8817
4860	Njatjan	QLD	-17.5155	145.9973
4860	Valettas Estate	QLD	-17.5155	145.9973
4882	Tolga	QLD	-17.1856	145.4771
4883	East Barron	QLD	-17.3167	145.5333
4883	Upper Barron	QLD	-17.3508	145.576
4883	Carrington	QLD	-17.3155	145.514
4883	Wongabel	QLD	-17.3259	145.4714
4883	Atherton	QLD	-17.2686	145.4752
4884	Lake Eacham	QLD	-17.3007	145.635
4884	Lake Barrine	QLD	-17.241	145.6549
4884	Gadgarra	QLD	-17.1932	145.6972
4884	Yungaburra	QLD	-17.2706	145.5833
4885	Butchers Creek	QLD	-17.3241	145.6895
4885	Peeramon	QLD	-17.3103	145.6113
4885	Tarzali	QLD	-17.4333	145.6
4885	Glen Allyn	QLD	-17.3848	145.6895
4885	Topaz	QLD	-17.4167	145.7167
4885	North Johnstone	QLD	-17.3262	145.6611
4885	Jaggan	QLD	-17.4	145.6
4885	Kureen	QLD	-17.338	145.5889
4885	Malanda	QLD	-17.3523	145.5953
4886	Maalan	QLD	-17.6056	145.5731
4886	Mungalli	QLD	-17.5488	145.6981
4886	Ellinjaa	QLD	-17.5112	145.6488
4886	Minbun	QLD	-17.4787	145.5464
4886	Millaa Millaa	QLD	-17.5139	145.6129
4886	Beatrice	QLD	-17.5517	145.5848
4886	Moregatta	QLD	-17.5	145.6
4886	Middlebrook	QLD	-17.5619	145.6259
4888	Millstream	QLD	-17.6532	145.414
4888	Kaban	QLD	-17.5167	145.4167
4888	Tumoulin	QLD	-17.5805	145.4635
4888	Ravenshoe	QLD	-17.609	145.4841
4888	Evelyn	QLD	-17.5098	145.5
4314	Colinton	QLD	-26.9333	152.3167
4314	Nukku	QLD	-26.8678	152.0788
4314	Googa Creek	QLD	-26.9695	152.0665
4314	Harlin	QLD	-26.9803	152.358
4314	Blackbutt South	QLD	-26.902	152.1059
4314	Mount Stanley	QLD	-26.6595	152.2027
4314	Blackbutt North	QLD	-26.8662	152.1173
4314	Benarkin North	QLD	-26.8464	152.1544
4314	Teelah	QLD	-26.8857	152.1538
4314	Avoca Vale	QLD	-26.8857	152.1538
4314	Benarkin	QLD	-26.8821	152.1372
4314	Blackbutt	QLD	-26.8863	152.1017
4314	Cherry Creek	QLD	-26.9255	152.1091
4314	Mount Binga	QLD	-26.9972	151.9889
4314	Taromeo	QLD	-26.8276	152.1204
4314	Gilla	QLD	-26.8833	152.0333
4314	Linville	QLD	-26.8443	152.276
4314	Moore	QLD	-26.9005	152.2934
4350	Rockville	QLD	-27.5361	151.938
4350	Westbrook	QLD	-27.6167	151.8667
4350	Cotswold Hills	QLD	-27.5224	151.8952
4350	North Toowoomba	QLD	-27.5441	151.9612
4350	Mount Rascal	QLD	-27.635	151.9143
4350	Mount Kynoch	QLD	-27.5107	151.9481
4350	Centenary Heights	QLD	-27.5868	151.9625
4350	Darling Heights	QLD	-27.5966	151.9305
4350	Toowoomba	QLD	-27.5606	151.9539
4350	Wilsonton Heights	QLD	-27.5323	151.9244
4350	Middle Ridge	QLD	-27.6071	151.9669
4350	Toowoomba West	QLD	-27.7858	151.9008
4350	Glenvale	QLD	-27.5682	151.8934
4350	Harlaxton	QLD	-27.5333	151.9667
4350	South Toowoomba	QLD	-27.571	151.9465
4350	Torrington	QLD	-27.5424	151.8879
4350	Charlton	QLD	-27.5333	151.8667
4350	Top Camp	QLD	-27.6358	151.9392
4350	Blue Mountain Heights	QLD	-27.5049	151.9559
4350	Cranley	QLD	-27.515	151.923
4350	East Toowoomba	QLD	-27.5709	151.9742
4350	Newtown	QLD	-27.556	151.9325
4350	Eastlake	QLD	-27.569	151.9231
4350	Southtown	QLD	-27.569	151.9231
4350	Toowoomba South	QLD	-27.569	151.9231
4350	Picnic Point	QLD	-27.569	151.9231
4350	Toowoomba Village Fair	QLD	-27.569	151.9231
4350	Gowrie Mountain	QLD	-27.5149	151.8219
4350	Toowoomba Bc	QLD	-27.569	151.9231
4350	Harristown	QLD	-27.5833	151.9333
4350	Toowoomba East	QLD	-27.569	151.9231
4350	Wellcamp	QLD	-27.55	151.8667
4350	Finnie	QLD	-27.6276	151.8908
4350	Northlands	QLD	-27.569	151.9231
4350	Rangeville	QLD	-27.5832	151.98
4350	Athol	QLD	-27.6081	151.7545
4350	Gowrie	QLD	-27.4833	151.8833
4350	Drayton	QLD	-27.6001	151.9011
4350	Drayton North	QLD	-27.569	151.9231
4350	Redwood	QLD	-27.5648	151.9791
4350	Wyalla Plaza	QLD	-27.569	151.9231
4350	Northpoint	QLD	-27.569	151.9231
4350	Mount Lofty	QLD	-27.5463	151.9722
4350	Macdonaldtown	QLD	-27.569	151.9231
4350	Toowoomba Dc	QLD	-27.569	151.9231
4350	Kearneys Spring	QLD	-27.6049	151.941
4350	Glenvale Park	QLD	-27.569	151.9231
4350	Toowoomba City	QLD	-27.5598	151.9507
4350	Prince Henry Heights	QLD	-27.5511	151.991
4350	Clifford Gardens	QLD	-27.569	151.9231
4350	Carrington	QLD	-27.569	151.9231
4350	Wilsonton	QLD	-27.5431	151.9168
4353	East Cooyar	QLD	-27.026	151.8746
4353	Bergen	QLD	-27.1263	151.8802
4353	Mount Darry	QLD	-27.1263	151.8802
4353	Haden	QLD	-27.2266	151.8858
4354	Kilbirnie	QLD	-27.2167	151.85
4354	Douglas	QLD	-27.2667	151.775
4354	Goombungee	QLD	-27.3167	151.7
4355	Pinelands	QLD	-27.2357	152.0854
4355	Plainby	QLD	-27.2697	151.9799
4355	Anduramba	QLD	-27.15	152.1
4355	Glenhaven	QLD	-27.2357	152.0854
4355	Glenaven	QLD	-27.1566	151.9704
4355	Cressbrook Creek	QLD	-27.2486	152.1567
4355	Emu Creek	QLD	-27.2357	152.0854
4355	Pierces Creek	QLD	-27.1656	152.0289
4355	Mountain Camp	QLD	-27.2057	152.0411
4355	Sylvia Vale	QLD	-27.1	151.9833
4355	Pierce Creek	QLD	-27.2357	152.0854
4355	Nukinenda	QLD	-27.2357	152.0854
4355	The Bluff	QLD	-27.6235	152.5355
4355	Genaven	QLD	-27.2357	152.0854
4355	Upper Pinelands	QLD	-27.2357	152.0854
4355	Crows Nest	QLD	-27.2599	152.0516
4355	Jones Gully	QLD	-27.1776	152.0063
4356	Norwin	QLD	-27.5667	151.3833
4356	Irongate	QLD	-27.6232	151.538
4356	Yarranlea	QLD	-27.7283	151.5257
4356	Broxburn	QLD	-27.7228	151.6956
4356	North Branch	QLD	-28.0368	152.3298
4356	Bongeen	QLD	-27.5667	151.45
4356	Motley	QLD	-27.55	151.6167
4356	Linthorpe	QLD	-27.6527	151.6308
4356	Purrawunda	QLD	-27.5212	151.6186
4356	Scrubby Mountain	QLD	-27.7871	151.5828
4356	Kincora	QLD	-27.8404	151.5749
4356	Evanslea	QLD	-27.5535	151.5111
4356	Stoneleigh	QLD	-26.5766	151.3706
4356	Mount Tyson	QLD	-27.5833	151.5667
4356	Pittsworth	QLD	-27.7164	151.634
4356	Rossvale	QLD	-27.6466	151.583
4356	Springside	QLD	-27.6744	151.5921
4356	St Helens	QLD	-28.4026	152.1501
4358	Ramsay	QLD	-27.7232	151.9886
4358	Felton South	QLD	-27.7408	151.8573
4358	Felton East	QLD	-27.8022	151.7693
4358	Felton	QLD	-27.8022	151.7693
4358	Cambooya	QLD	-27.7145	151.8603
4358	Vale View	QLD	-27.6619	151.899
4360	Nobby	QLD	-27.8616	151.9011
4363	Southbrook	QLD	-27.6833	151.7167
4364	Brookstead	QLD	-27.7607	151.4456
4365	Leyburn	QLD	-28.011	151.5821
4400	Kingsthorpe	QLD	-27.4756	151.8141
4401	Sabine	QLD	-27.35	151.7167
4401	Biddeston	QLD	-27.5592	151.718
4401	Yargullen	QLD	-27.4825	151.5988
4401	Oakey	QLD	-27.4331	151.7206
4401	Acland	QLD	-27.3086	151.6898
4401	Balgowan	QLD	-27.3852	151.7109
4401	Silverleigh	QLD	-27.3115	151.7487
4401	Mount Irving	QLD	-27.3852	151.7109
4401	Devon Park	QLD	-27.3852	151.7109
4401	Muldu	QLD	-27.2667	151.6833
4401	Kings Siding	QLD	-27.3852	151.7109
4401	Greenwood	QLD	-27.3852	151.7109
4401	Highland Plains	QLD	-27.3852	151.7109
4401	Boodua	QLD	-27.3833	151.8333
4401	Aubigny	QLD	-27.5234	151.6348
4401	Kelvinhaugh	QLD	-27.4026	151.7757
4401	Rosalie Plains	QLD	-27.2167	151.7
4402	Cooyar	QLD	-26.9844	151.8297
4402	Upper Cooyar Creek	QLD	-26.9588	151.8899
4402	Kooralgin	QLD	-26.9333	151.95
4403	West Prairie	QLD	-27.2775	151.5927
4403	Brymaroo	QLD	-27.2775	151.5927
4403	Mount Moriah	QLD	-27.2775	151.5927
4403	Quinalow	QLD	-27.1123	151.6209
4403	Malu	QLD	-27.35	151.5667
4403	Jondaryan	QLD	-27.3703	151.5904
4407	Cecil Plains	QLD	-27.5332	151.1962
4407	Dunmore	QLD	-27.5416	151.2481
4407	Cattle Creek	QLD	-27.5416	151.2481
4407	Nangwee	QLD	-27.55	151.3
4876	Bamaga	QLD	-16.6282	145.2087
4876	Somerset	QLD	-16.6282	145.2087
4876	Punsand	QLD	-16.6282	145.2087
4876	Injinoo	QLD	-16.6282	145.2087
4876	New Mapoon	QLD	-16.6282	145.2087
4876	Umagico	QLD	-16.6282	145.2087
4876	Seisia	QLD	-16.6282	145.2087
4809	Barratta	QLD	-19.5311	147.2132
4809	Shirbourne	QLD	-19.5687	147.0703
4809	Jerona	QLD	-19.4492	147.2395
4809	Mount Surround	QLD	-19.5795	147.0299
4809	Cromarty	QLD	-19.4667	147.05
4809	Horseshoe Lagoon	QLD	-19.5693	147.1384
4809	Giru	QLD	-19.517	147.1026
4809	Upper Haughton	QLD	-19.5259	147.1206
4810	Cape Cleveland	QLD	-19.3328	147.0248
4810	Shelly Beach	QLD	-19.2565	146.8183
4810	Townsville	QLD	-19.2664	146.8057
4810	Yarrawonga	QLD	-19.2565	146.8183
4810	North Ward	QLD	-19.2499	146.8148
4810	Townsville West	QLD	-19.2565	146.8183
4810	Townsville Mc	QLD	-19.2565	146.8183
4810	Townsville City	QLD	-19.258	146.8145
4810	Railway Estate	QLD	-19.2757	146.8196
4810	Belgian Gardens	QLD	-19.2451	146.7945
4810	West End	QLD	-19.2669	146.7937
4810	Townsville Dc	QLD	-19.2565	146.8183
4810	Rowes Bay	QLD	-19.2401	146.7892
4810	Town Common	QLD	-19.2183	146.7552
4810	Pallarenda	QLD	-19.201	146.7734
4810	Castle Hill	QLD	-19.2582	146.801
4810	South Townsville	QLD	-19.2662	146.8333
4811	Cluden	QLD	-19.3173	146.8249
4811	Stuart	QLD	-19.347	146.8438
4811	Oak Valley	QLD	-19.4083	146.8213
4811	Wulguru	QLD	-19.3285	146.8184
4811	James Cook University	QLD	-19.3416	146.8152
4811	Idalia	QLD	-19.3068	146.8139
4811	Mount Stuart	QLD	-19.3722	146.743
4811	Oonoonba	QLD	-19.2968	146.8209
4811	Roseneath	QLD	-19.3555	146.8351
4812	Hyde Park	QLD	-19.2769	146.7965
4812	Gulliver	QLD	-19.2881	146.7769
4812	Rising Sun	QLD	-19.2866	146.7911
4812	Hermit Park	QLD	-19.2874	146.8004
4812	Rosslea	QLD	-19.2987	146.7982
4812	Hyde Park Castletown	QLD	-19.2866	146.7911
4812	Mysterton	QLD	-19.2855	146.7957
4812	Mundingburra	QLD	-19.2985	146.7935
4812	Currajong	QLD	-19.2757	146.7792
4812	Pimlico	QLD	-19.2817	146.788
4813	Lavarack Barracks	QLD	-19.342	146.636
4813	Townsville Milpo	QLD	-19.342	146.636
4814	Vincent	QLD	-19.2834	146.7646
4814	Garbutt Bc	QLD	-19.2975	146.7681
4814	Thuringowa Dc	QLD	-19.2975	146.7681
4814	Mount Louisa	QLD	-19.274	146.7509
4814	Annandale	QLD	-19.315	146.7907
4814	Aitkenvale	QLD	-19.3014	146.7708
4814	Aitkenvale Bc	QLD	-19.2975	146.7681
4814	Garbutt East	QLD	-19.2975	146.7681
4814	Murray	QLD	-19.318	146.7949
4814	Heatley	QLD	-19.2904	146.7536
4814	Cranbrook	QLD	-19.3055	146.7529
4814	Douglas	QLD	-19.3239	146.7523
4814	Garbutt	QLD	-19.266	146.7822
4815	Granite Vale	QLD	-19.5988	146.5943
4815	Gumlow	QLD	-19.3528	146.6849
4815	Condon	QLD	-19.3297	146.7166
4815	Kelso	QLD	-19.3893	146.7191
4815	Rasmussen	QLD	-19.3524	146.7228
4815	Pinnacles	QLD	-19.4415	146.6751
4818	Blue Hills	QLD	-19.2221	146.6376
4818	Bluewater	QLD	-19.1816	146.5582
4818	Toolakea	QLD	-19.1476	146.5863
4818	Saunders Beach	QLD	-19.1579	146.6032
4818	Burdell	QLD	-19.2506	146.6988
4818	Purono Park	QLD	-19.2221	146.6376
4818	Mount St John	QLD	-19.2568	146.7448
4818	Lynam	QLD	-19.2751	146.5469
4818	Innes	QLD	-19.2221	146.6376
4818	Bluewater Park	QLD	-19.205	146.5134
4818	Yabulu	QLD	-19.201	146.5888
4818	Beach Holm	QLD	-19.2107	146.6499
4818	Bushland Beach	QLD	-19.1913	146.6768
4818	Bohle	QLD	-19.2625	146.7156
4818	Jensen	QLD	-19.2457	146.6529
4818	Black River	QLD	-19.2252	146.6179
4818	Shaw	QLD	-19.2626	146.7033
4818	Mount Low	QLD	-19.2321	146.6695
4818	Cosgrove	QLD	-19.2221	146.6376
4818	Deeragun	QLD	-19.2474	146.6757
4819	Arcadia Bay	QLD	-19.1488	146.866
4819	Magnetic Island	QLD	-19.1551	146.8485
4819	Nelly Bay	QLD	-19.1578	146.8498
4819	West Point	QLD	-19.1409	146.8244
4819	Florence Bay	QLD	-19.1167	146.8705
4819	Picnic Bay	QLD	-19.1746	146.8376
4819	Arcadia	QLD	-19.1488	146.866
4819	Horseshoe Bay	QLD	-19.1176	146.8605
4404	Irvingdale	QLD	-27.1587	151.4847
4404	Bowenville	QLD	-27.3055	151.4899
4404	Wainui	QLD	-27.325	151.4574
4404	Formartin	QLD	-27.3959	151.4118
4408	Cooranga North	QLD	-26.7833	151.3833
4408	Bell	QLD	-26.9354	151.451
4408	Cooranga	QLD	-26.7735	151.4857
4410	Jandowae	QLD	-26.7841	151.1124
4410	Darr Creek	QLD	-26.4955	151.1424
4410	Burra Burri	QLD	-26.6599	151.1238
4410	Jinghi	QLD	-26.7	151.1167
4410	Langlands	QLD	-26.6599	151.1238
4410	Diamondy	QLD	-26.6599	151.1238
4411	Tuckerang	QLD	-26.9323	150.9229
4411	Warra	QLD	-26.9323	150.9229
4412	Wychie	QLD	-26.8452	150.7916
4412	Brigalow	QLD	-26.8452	150.7916
4413	Goombi	QLD	-26.6833	150.4
4413	Chances Plain	QLD	-26.72	150.6809
4413	Auburn	QLD	-25.9526	150.6157
4413	Sujeewong	QLD	-26.6865	150.8203
4413	Burncluith	QLD	-26.6333	150.7167
4413	Barakula	QLD	-26.4259	150.5046
4413	Canaga	QLD	-26.6865	150.8203
4413	Crossroads	QLD	-26.6865	150.8203
4413	Baking Board	QLD	-26.7078	150.5455
4413	Chinchilla	QLD	-26.7379	150.6297
4413	Chances Plains	QLD	-26.6865	150.8203
4413	Pelican	QLD	-26.5833	150.8667
4413	Kragra	QLD	-26.1201	150.7857
4413	Greenswamp	QLD	-26.7965	150.4563
4413	Hopeland	QLD	-26.6865	150.8203
4413	Cadarga	QLD	-26.0461	150.9247
4413	Fairyland	QLD	-26.6865	150.8203
4413	Wieambilla	QLD	-27.0167	150.5
4413	Montrose	QLD	-28.1585	151.7839
4413	Boonarga	QLD	-26.7957	150.7172
4413	Durah	QLD	-26.3333	150.9667
4413	Cameby	QLD	-26.6	150.4833
4413	Red Hill	QLD	-27.4525	153.0021
4413	Blackswamp	QLD	-26.5605	150.5223
4413	Rywung	QLD	-26.7192	150.4841
4415	Gurulmundi	QLD	-26.4172	150.0574
4415	Columboola	QLD	-26.6727	150.3432
4415	Kowguran	QLD	-26.4953	150.1036
4415	Pelham	QLD	-26.6331	150.1409
4415	Dalwogon	QLD	-26.5727	150.1489
4415	Miles	QLD	-26.6584	150.1882
4415	Myall Park	QLD	-27.2167	149.65
4415	Hookswood	QLD	-26.559	150.2441
4415	Dalwogan	QLD	-26.5727	150.1489
4415	Boortkoi	QLD	-26.5333	150.3833
4416	Pine Hills	QLD	-26.9484	149.8925
4416	Yulabilla	QLD	-27.025	149.7921
4416	Sunnyside	QLD	-26.9484	149.8925
4416	Barramornie	QLD	-26.9484	149.8925
4416	Moraby	QLD	-26.8917	149.7451
4416	Nangram	QLD	-26.9484	149.8925
4416	Condamine	QLD	-26.9286	150.1404
4418	Guluguba	QLD	-26.2593	150.0493
4420	Hornet Bank	QLD	-26.1289	150.0651
4420	Kinnoul	QLD	-25.7955	149.5479
4420	Glenhaughton	QLD	-26.1289	150.0651
4420	Coorada	QLD	-26.1289	150.0651
4420	Broadmere	QLD	-26.1289	150.0651
4420	Gwambegwine	QLD	-25.4006	149.566
4420	Taroom	QLD	-25.6393	149.7998
4420	Eurombah	QLD	-25.8523	149.4258
4420	Waikola	QLD	-26.1289	150.0651
4420	Glebe	QLD	-26.1289	150.0651
4420	Ghinghinda	QLD	-26.1289	150.0651
4420	Spring Creek	QLD	-27.957	151.986
4420	Peek-A-Doo	QLD	-26.1289	150.0651
4420	Baroondah	QLD	-26.1289	150.0651
4421	Goranba	QLD	-27.2879	150.6003
4421	Tara	QLD	-27.2761	150.4568
4422	Inglestone	QLD	-27.5765	149.7615
4422	Coomrith	QLD	-27.6759	149.7321
4422	Flinton	QLD	-27.8833	149.5667
4422	Westmar	QLD	-27.9208	149.7176
4422	Meandarra	QLD	-27.3228	149.8825
4423	Teelba	QLD	-27.5239	149.3687
4423	Glenmorgan	QLD	-27.254	149.681
4423	Coomrith	QLD	-27.3889	149.5248
4424	Drillham South	QLD	-26.577	149.9503
4424	Glenaubyn	QLD	-26.5109	149.9243
4424	Drillham	QLD	-26.6431	149.9762
4425	Dulacca	QLD	-26.6452	149.7612
4425	Bogandilla	QLD	-26.5	149.8
4427	Yuleba North	QLD	-26.5006	149.3945
4427	Clifford	QLD	-26.1531	149.3936
4427	Yuleba	QLD	-26.6115	149.3821
4427	Yuleba South	QLD	-26.7372	149.4077
4428	Pickanjinnie	QLD	-26.4418	149.1033
4428	Wallumbilla North	QLD	-26.4597	149.2017
4428	Wallumbilla	QLD	-26.5827	149.1871
4428	Wallumbilla South	QLD	-26.4947	149.164
4802	Shute Harbour	QLD	-20.2913	148.7858
4802	Mandalay	QLD	-20.27	148.7389
4802	Airlie Beach	QLD	-20.2675	148.7147
4802	Shutehaven	QLD	-20.2885	148.7841
4802	Jubilee Pocket	QLD	-20.2881	148.7294
4802	Mount Rooper	QLD	-20.2564	148.7519
4802	Woodwark	QLD	-20.2358	148.6533
4802	Cannonvale	QLD	-20.2768	148.6976
4802	Flametree	QLD	-20.27	148.7497
4802	Whitsundays	QLD	-20.1194	148.9133
4804	Newlands	QLD	-21.2333	147.9333
4804	Scottville	QLD	-20.5667	147.8167
4804	Collinsville	QLD	-20.5522	147.844
4804	Mount Wyatt	QLD	-20.8537	147.7453
4804	Springlands	QLD	-20.5331	147.7992
4804	Mount Coolon	QLD	-21.3833	147.3333
4805	Delta	QLD	-20.0167	148.1833
4805	Gumlu	QLD	-19.8833	147.6833
4805	Merinda	QLD	-20.0169	148.1634
4805	Bowen	QLD	-20.0137	148.2475
4805	Guthalungra	QLD	-19.9167	147.8333
4805	Binbee	QLD	-20.3	147.9333
4805	Brisk Bay	QLD	-20.0526	148.0223
4805	Rose Bay	QLD	-20.0526	148.0223
4805	Queens Beach	QLD	-19.9796	148.2263
4805	Bogie	QLD	-20.2942	147.9079
4733	Corfield	QLD	-21.7167	143.3667
4004	Spring Hill	QLD	-27.4614	153.0231
4712	Duaringa	QLD	-23.7158	149.6701
4713	Woorabinda	QLD	-24.1306	149.4566
4718	Warnoah	QLD	-24.6036	149.86
4718	Roundstone	QLD	-24.6344	149.659
4718	Moura	QLD	-24.5722	149.9673
4718	Kianga	QLD	-24.6936	150.0128
4718	Oombabeer	QLD	-24.6344	149.659
4718	Bauhinia	QLD	-24.5671	149.2951
4718	Rhydding	QLD	-24.7282	149.5222
4718	Dromedary	QLD	-24.6344	149.659
4718	Mungabunda	QLD	-24.6417	149.2963
5015	Glanville	SA	-34.8444	138.4904
5015	New Port	SA	-34.8443	138.4944
5015	Birkenhead	SA	-34.8368	138.4979
5015	Port Adelaide	SA	-34.8462	138.503
5015	Ethelton	SA	-34.8487	138.491
5015	Garden Island	SA	-34.8441	138.4953
5015	Port Adelaide Bc	SA	-34.8441	138.4953
5015	Torrens Island	SA	-34.8441	138.4953
5015	Port Adelaide Dc	SA	-34.8441	138.4953
5000	Rundle Mall	SA	-34.9287	138.5986
5000	Adelaide	SA	-34.9287	138.5986
5000	Hutt Street	SA	-34.9287	138.5986
5000	Adelaide Bc	SA	-34.9287	138.5986
5000	Sturt Street	SA	-34.9287	138.5986
5000	Parliament House	SA	-34.9287	138.5986
5000	Halifax Street	SA	-34.9287	138.5986
5000	Station Arcade	SA	-34.9287	138.5986
5000	City West Campus	SA	-34.9287	138.5986
5001	Adelaide	SA	-34.9287	138.5986
5005	The University Of Adelaide	SA	-34.8972	138.5717
5005	Adelaide University	SA	-34.8972	138.5717
5005	University Of Adelaide	SA	-34.8972	138.5717
5007	Bowden	SA	-34.9026	138.5791
5007	Welland	SA	-34.9037	138.5584
5007	West Hindmarsh	SA	-34.9079	138.5641
5007	Hindmarsh	SA	-34.9061	138.5706
5007	Brompton	SA	-34.8944	138.5782
5800	Adelaide	SA	-34.9287	138.5986
5801	Adelaide	SA	-34.9287	138.5986
5810	Adelaide	SA	-34.9287	138.5986
5839	Adelaide	SA	-34.9287	138.5986
5052	Belair	SA	-34.9977	138.6208
5052	Glenalta	SA	-35.0079	138.6259
5066	Burnside	SA	-34.9404	138.6691
5066	Stonyfell	SA	-34.9342	138.6767
5066	Beaumont	SA	-34.949	138.6619
5066	Wattle Park	SA	-34.9252	138.675
5066	Erindale	SA	-34.9278	138.6631
5066	Hazelwood Park	SA	-34.9395	138.6588
5066	Waterfall Gully	SA	-34.9667	138.679
5072	Rosslyn Park	SA	-34.9219	138.6755
5072	Skye	SA	-34.9245	138.6928
5072	Teringie	SA	-34.9143	138.7023
5072	Auldana	SA	-34.918	138.6869
5072	Woodforde	SA	-34.9051	138.6896
5072	Magill South	SA	-34.9091	138.675
5072	Magill North	SA	-34.9146	138.6853
5072	Magill	SA	-34.9091	138.675
5073	Rostrevor	SA	-34.8833	138.6667
5073	Tranmere North	SA	-34.8935	138.6626
5073	Tranmere	SA	-34.9055	138.6621
5073	Hectorville	SA	-34.8916	138.6589
5076	Athelstone	SA	-34.8702	138.6999
5076	Castambul	SA	-34.8702	138.6999
5133	Inglewood	SA	-34.824	138.7739
5134	Cherryville	SA	-34.912	138.7657
5134	Montacute	SA	-34.888	138.7491
5136	Norton Summit	SA	-34.9229	138.7249
5137	Ashton	SA	-34.9395	138.7371
5137	Marble Hill	SA	-34.9395	138.7371
5138	Basket Range	SA	-34.9398	138.765
5139	Forest Range	SA	-34.928	138.807
5140	Greenhill	SA	-34.9499	138.6917
5141	Horsnell Gully	SA	-34.9351	138.7044
5141	Summertown	SA	-34.9595	138.7313
5142	Uraidla	SA	-34.956	138.7444
5144	Carey Gully	SA	-34.9647	138.7618
5151	Piccadilly	SA	-34.9778	138.7302
5154	Aldgate	SA	-35.0167	138.7333
5157	Dorset Vale	SA	-35.0873	138.6764
5157	Mcharg Creek	SA	-35.273	138.7361
5157	Ashbourne	SA	-35.2873	138.7668
5157	Cherry Gardens	SA	-35.0634	138.6629
5157	Clarendon	SA	-35.1167	138.6333
5157	Kangarilla	SA	-35.1488	138.6604
5157	Coromandel East	SA	-35.0477	138.6419
5157	Bull Creek	SA	-35.2333	138.75
5232	Cudlee Creek	SA	-34.8409	138.8284
5233	Warren	SA	-34.8027	138.9014
5233	Kenton Valley	SA	-34.8027	138.9014
5233	Gumeracha	SA	-34.8239	138.8847
5233	Forreston	SA	-34.7814	138.9181
5235	Cromer	SA	-34.7627	138.9901
5235	Flaxman Valley	SA	-34.6111	139.0418
5235	Mount Pleasant	SA	-34.7749	139.0491
5235	Taunton	SA	-34.7012	139.0541
5235	Eden Valley	SA	-34.65	139.1
5235	Springton	SA	-34.7074	139.0893
5240	Lenswood	SA	-34.9182	138.8326
5241	Lobethal	SA	-34.9045	138.8748
5242	Balhannah	SA	-34.9909	138.8257
5245	Hahndorf	SA	-35.0286	138.8078
5245	Paechtown	SA	-35.049	138.8089
5245	Verdun	SA	-35	138.7833
5252	Petwood	SA	-35.0725	138.9498
5252	Brukunga	SA	-35.0029	138.9425
5252	Nairne	SA	-35.0345	138.9115
5252	Hay Valley	SA	-35.0444	138.954
5252	St Ives	SA	-35.0444	138.954
5252	Kanmantoo	SA	-35.0701	139.0127
5252	Dawesley	SA	-35.0419	138.9535
5351	Mount Crawford	SA	-34.704	138.962
5351	Williamstown	SA	-34.6721	138.8911
5351	Lyndoch	SA	-34.6012	138.8909
5351	Barossa Goldfields	SA	-34.6516	138.8354
5351	Cockatoo Valley	SA	-34.6248	138.8365
5351	Pewsey Vale	SA	-34.6391	138.984
5351	Altona	SA	-34.5962	138.914
5460	Pinery	SA	-34.3	138.45
5460	Owen	SA	-34.272	138.5444
5460	Barabba	SA	-34.345	138.5899
5460	Stockyard Creek	SA	-34.3003	138.5852
5153	Macclesfield	SA	-35.1718	138.8359
5153	Echunga	SA	-35.1035	138.7959
5153	Mylor	SA	-35.043	138.759
5153	Heathfield	SA	-35.0283	138.7172
5153	Ironbank	SA	-35.05	138.6833
5153	Longwood	SA	-35.05	138.7167
5153	Chapel Hill	SA	-35.0892	138.7584
5153	Flaxley	SA	-35.1333	138.8167
5153	Biggs Flat	SA	-35.0721	138.7842
5153	Scott Creek	SA	-35.0575	138.7052
5153	Green Hills Range	SA	-35.1619	138.8033
5153	Bradbury	SA	-35.0608	138.7251
5153	Jupiter Creek	SA	-35.1379	138.758
5202	Myponga Beach	SA	-35.3738	138.387
5202	Hindmarsh Tiers	SA	-35.3889	138.4291
5202	Myponga	SA	-35.404	138.4712
5212	Port Elliot	SA	-35.5302	138.6792
5213	Middleton	SA	-35.5105	138.7038
5214	Hindmarsh Island	SA	-35.5101	138.8676
5214	Goolwa North	SA	-35.4912	138.8126
5214	Mosquito Hill	SA	-35.4286	138.6837
5214	Goolwa South	SA	-35.5148	138.7813
5214	Currency Creek	SA	-35.45	138.7667
5214	Goolwa Beach	SA	-35.5047	138.7732
5214	Goolwa	SA	-35.5016	138.7819
5214	Mundoo Island	SA	-35.5509	138.9148
5259	Ashville	SA	-35.5106	139.3656
5259	East Wellington	SA	-35.3333	139.4
5259	Poltalloch	SA	-35.4965	139.3307
5259	Malinong	SA	-35.5206	139.5122
5259	Lake Albert	SA	-35.3839	139.3381
5259	Lake Alexandrina	SA	-35.3704	139.0417
5259	Point Mcleay	SA	-35.5333	139.1
5259	Narrung	SA	-35.5122	139.1685
5259	Naturi	SA	-35.1973	139.5846
5259	Jervois	SA	-35.2667	139.4333
5259	Wellington East	SA	-35.3333	139.4
5259	Kepa	SA	-35.1647	139.4581
5259	Wellington	SA	-35.35	139.3833
5259	Tailem Bend	SA	-35.2523	139.4555
5259	Raukkan	SA	-35.5333	139.1
5231	Kersbrook	SA	-34.7831	138.8509
5231	Chain Of Ponds	SA	-34.8225	138.8335
5231	Millbrook	SA	-34.8028	138.8422
5356	Sandleton	SA	-34.4667	139.3333
5356	Truro	SA	-34.4087	139.1274
5356	Steinfeld	SA	-34.3843	139.2851
5356	Dutton East	SA	-34.3487	139.2495
5356	Dutton	SA	-34.3667	139.1333
5356	Annadale	SA	-34.3914	139.3489
5356	St Kitts	SA	-34.3517	139.0852
5520	Barunga Gap	SA	-33.5241	138.0404
5520	Wokurna	SA	-33.7167	138.05
5520	Burnsfield	SA	-33.6779	138.2452
5520	Snowtown	SA	-33.7808	138.2175
5520	Gleeson Hill	SA	-33.7232	138.1573
5520	Bumbunga	SA	-33.9167	138.2333
5522	Lower Broughton	SA	-33.3195	137.9612
5522	Port Broughton	SA	-33.6007	137.936
5522	Fisherman Bay	SA	-33.5594	137.9429
5522	Ward Hill	SA	-33.4932	137.9467
5523	Nurom	SA	-33.3852	138.1555
5523	Merriton	SA	-33.45	138.15
5523	Wandearah East	SA	-33.3833	138.0667
5523	Huddleston	SA	-33.3126	138.2706
5523	Narridy	SA	-33.4333	138.3
5523	Beetaloo Valley	SA	-33.2333	138.2333
5523	Wandearah	SA	-33.3852	138.1555
5523	Clements Gap	SA	-33.5241	138.0404
5523	Crystal Brook	SA	-33.3526	138.2095
5523	Wandearah West	SA	-33.3927	137.9731
5550	Beaufort	SA	-34.0833	138.2
5550	Inkerman	SA	-34.2799	138.2378
5550	Port Wakefield	SA	-34.1848	138.1453
5550	Nantawarra	SA	-34.0167	138.2333
5550	Kallora	SA	-34.2154	138.3154
5550	Bowmans	SA	-34.1589	138.2594
5550	Proof Range	SA	-34.1365	138.2147
5550	South Hummocks	SA	-34.0162	138.1114
5554	Willamulka	SA	-33.9936	137.7613
5554	Boors Plain	SA	-34.0518	137.6678
5554	Cunliffe	SA	-34.0833	137.7333
5554	Jericho	SA	-33.9936	137.7613
5554	Kadina	SA	-33.965	137.7163
5554	Thomas Plain	SA	-33.9637	137.9278
5554	Jerusalem	SA	-33.9764	137.7157
5554	Matta Flat	SA	-33.9722	137.7074
5554	New Town	SA	-33.9936	137.7613
5554	Wallaroo Mines	SA	-33.9725	137.6939
5554	Thomas Plains	SA	-33.9637	137.9278
5332	Wappilka	SA	-34.3932	140.3024
5332	Moorook	SA	-34.2663	140.3566
5332	Moorook South	SA	-34.2663	140.3566
5332	Yinkanie	SA	-34.3333	140.3167
5333	Pyap	SA	-34.4353	140.4932
5333	Pyap West	SA	-34.5544	140.4129
5333	Pata	SA	-34.5667	140.5167
5333	Bookpurnong	SA	-34.475	140.6255
5333	Noora	SA	-34.4387	140.8601
5333	Loxton	SA	-34.4502	140.5691
5333	Taplan	SA	-34.5444	140.8801
5333	Loxton North	SA	-34.4167	140.6207
5333	New Residence	SA	-34.3787	140.4026
5333	Nangari	SA	-34.4903	140.8742
5344	Glossop	SA	-34.2769	140.541
5346	Cobdogla	SA	-34.2438	140.4043
5063	Highgate	SA	-34.9618	138.6218
5063	Parkside	SA	-34.9451	138.613
5063	Fullarton	SA	-34.951	138.629
5063	Frewville	SA	-34.9476	138.6306
5063	Eastwood	SA	-34.9423	138.6218
5065	Dulwich	SA	-34.9365	138.6272
5065	Linden Park	SA	-34.9435	138.6473
5065	Toorak Gardens	SA	-34.9348	138.6364
5065	Tusmore	SA	-34.9389	138.6506
5065	Glenside	SA	-34.9427	138.6338
5067	Norwood	SA	-34.9273	138.6285
5067	Beulah Park	SA	-34.9177	138.6452
5067	Kent Town	SA	-34.9216	138.6201
5067	Rose Park	SA	-34.9304	138.6283
5067	Norwood South	SA	-34.9242	138.6305
5150	Eagle On The Hill	SA	-34.9741	138.6734
5150	Leawood Gardens	SA	-34.9741	138.6734
5074	Newton	SA	-34.8821	138.6825
5074	Campbelltown	SA	-34.8833	138.6667
5661	Koolgera	SA	-32.3815	134.5541
5661	Pimbaacla	SA	-32.3241	134.4495
5661	Wirrulla	SA	-32.4	134.5167
5661	Wallala	SA	-32.3186	134.6142
5661	Yantanabie	SA	-32.4833	134.6363
5009	Allenby Gardens	SA	-34.8977	138.5542
5009	Kilkenny	SA	-34.8791	138.5529
5009	Beverley	SA	-34.8951	138.5463
5011	Woodville South	SA	-34.8819	138.5348
5011	Woodville West	SA	-34.8864	138.5309
5011	Woodville Park	SA	-34.887	138.5465
5011	St Clair	SA	-34.8709	138.5354
5011	Woodville	SA	-34.877	138.5429
5011	St Claire	SA	-34.8806	138.5381
5012	Woodville Gardens	SA	-34.8679	138.548
5012	Athol Park	SA	-34.8561	138.5428
5012	Woodville North	SA	-34.872	138.5431
5012	Mansfield Park	SA	-34.8566	138.5519
5013	Gillman	SA	-34.8409	138.5282
5013	Ottoway	SA	-34.8476	138.5357
5013	Rosewater East	SA	-34.8496	138.5369
5013	Pennington	SA	-34.8576	138.5316
5013	Rosewater	SA	-34.852	138.5216
5013	Wingfield	SA	-34.8498	138.5674
5019	Semaphore	SA	-34.8393	138.4823
5019	Semaphore Park	SA	-34.8507	138.4789
5019	Exeter	SA	-34.8399	138.489
5019	Semaphore South	SA	-34.8498	138.4795
5020	West Lakes Shore	SA	-34.8601	138.4897
5021	West Lakes	SA	-34.873	138.4946
5022	Tennyson	SA	-34.886	138.4859
5022	Henley Beach	SA	-34.9203	138.4944
5022	Kirkcaldy	SA	-34.9086	138.4915
5022	Henley Beach South	SA	-34.9259	138.4955
5022	Grange	SA	-34.9022	138.4902
5023	Findon	SA	-34.9	138.5333
5023	Seaton	SA	-34.9	138.5167
5023	Seaton North	SA	-34.9	138.525
5025	Flinders Park	SA	-34.9103	138.5432
5025	Kidman Park	SA	-34.9122	138.5269
5411	Tarlee	SA	-34.2716	138.7713
5411	Giles Corner	SA	-34.223	138.729
5412	Riverton	SA	-34.1551	138.7482
5412	Rhynie	SA	-34.1483	138.6895
5412	Navan	SA	-34.1517	138.7188
5412	Woolshed Flat	SA	-34.1517	138.7188
5414	Manoora	SA	-34	138.8167
5415	Stanley	SA	-33.787	138.6034
5415	Mintaro	SA	-33.9173	138.7215
5416	Porter Lagoon	SA	-33.8228	138.8791
5416	Farrell Flat	SA	-33.8228	138.8791
5451	Auburn	SA	-34.0269	138.6852
5451	Undalya	SA	-34.0667	138.6833
5452	Leasingham	SA	-33.9826	138.6463
5452	Watervale	SA	-33.9594	138.6467
5455	Hilltown	SA	-33.8205	138.6153
5461	Mount Templeton	SA	-34.0226	138.3303
5461	Hoskin Corner	SA	-34.0752	138.3848
5461	Stow	SA	-34.0064	138.4135
5461	Dalkey	SA	-34.1868	138.4384
5461	Erith	SA	-34.2337	138.4012
5461	Goyder	SA	-34.0843	138.2728
5461	Balaklava	SA	-34.1454	138.4115
5461	Everard Central	SA	-33.8756	138.3284
5461	Saints	SA	-34.1543	138.3405
5461	Watchman	SA	-34.06	138.4313
5461	Whitwarta	SA	-34.1	138.3333
5461	Bowillia	SA	-33.95	138.4
5461	Halbury	SA	-34.0833	138.5167
5464	Bungaree	SA	-33.7443	138.5609
5464	Brinkworth	SA	-33.6954	138.4035
5464	Koolunga	SA	-33.5833	138.3333
5464	Marola	SA	-33.697	138.4166
5464	Rochester	SA	-33.6952	138.4853
5464	Anama	SA	-33.697	138.4166
5464	Condowie	SA	-33.7667	138.3
5464	Hart	SA	-33.697	138.4166
5602	Cowell	SA	-33.6823	136.9212
5602	Mitalie	SA	-33.6051	136.9369
5602	Lucky Bay	SA	-33.7059	137.0462
5602	Midgee	SA	-33.4209	137.1546
5602	Minbrie	SA	-33.5	136.9667
5602	Miltalie	SA	-33.5833	136.8333
5602	Mangalo	SA	-33.5341	136.6208
5602	Mitchellville	SA	-33.6167	137.15
5602	Port Gibbon	SA	-33.7972	136.8028
5604	Port Neill	SA	-34.1191	136.3493
5633	Ulyerra	SA	-33.4075	135.7096
5633	Lock	SA	-33.568	135.7565
5633	Boonerdo	SA	-33.5603	135.9698
5555	Dowling	SA	-33.8907	137.9935
5555	Melton	SA	-33.8907	137.9935
5555	Lake View	SA	-33.6397	138.259
5555	Mundoora	SA	-33.6	138.0833
5555	Hope Gap	SA	-33.8907	137.9935
5555	Tickera	SA	-33.7965	137.7415
5555	Dowlingville	SA	-34.327	137.9193
5555	Collinsfield	SA	-33.6029	138.2218
5555	Winulta	SA	-34.2763	137.8728
5555	Alford	SA	-33.8167	137.8167
5555	Kulpara	SA	-34.0667	138.0333
5556	Wallaroo	SA	-33.9388	137.6337
5556	Wallaroo Plain	SA	-33.8704	137.6849
5556	Warburto	SA	-34	137.6167
5556	North Beach	SA	-33.9029	137.6329
5642	Kielpa	SA	-33.5833	136.2167
5642	Hambidge	SA	-33.5778	136.2278
5642	Darke Peak	SA	-33.4667	136.2
5642	Murlong	SA	-33.5778	136.2278
5642	Rudall	SA	-33.6833	136.2667
5654	Mount Damper	SA	-33.1167	135.1
5654	Karcultaby	SA	-32.7667	134.9667
5654	Minnipa	SA	-32.85	135.15
5654	Cocata	SA	-32.9111	135.0722
5670	Elliston	SA	-33.6479	134.8889
5670	Kappawanta	SA	-33.6667	135.3
5670	Coolillie	SA	-33.5077	135.1955
5670	Ulyerra	SA	-33.4075	135.7096
5670	Talia	SA	-33.3167	134.8833
5670	Bramfield	SA	-33.6167	135.0167
5670	Mount Joy	SA	-33.5291	135.1062
5670	Mount Wedge	SA	-33.4665	135.1566
5670	Palkagee	SA	-33.4141	135.5029
5670	Colton	SA	-33.4833	134.9333
5670	Polda	SA	-33.5281	135.4578
5671	Mortana	SA	-33.0279	134.4531
5671	Calca	SA	-33.0833	134.35
5671	Port Kenny	SA	-33.1667	134.7
5671	Mount Cooper	SA	-33.0833	134.7
5671	Baird Bay	SA	-33.1502	134.3638
5671	Colley	SA	-33.0769	134.7034
5671	Tyringa	SA	-33.0981	134.5451
5671	Witera	SA	-33.0981	134.5451
5485	Wilmington	SA	-32.6499	138.0981
5114	Blakeview	SA	-34.6757	138.7101
5114	Humbug Scrub	SA	-34.7409	138.8116
5114	Sampson Flat	SA	-34.7287	138.7801
5114	Uleybury	SA	-34.6763	138.7459
5114	One Tree Hill	SA	-34.7	138.7667
5114	Smithfield	SA	-34.6833	138.6833
5114	Smithfield West	SA	-34.657	138.671
5114	Craigmore	SA	-34.7006	138.7096
5114	Andrews Farm	SA	-34.6763	138.662
5114	Gould Creek	SA	-34.7424	138.7087
5114	Smithfield Plains	SA	-34.6764	138.6779
5114	Yattalunga	SA	-34.6847	138.8037
5115	Munno Para Downs	SA	-34.6496	138.6873
5115	Munno Para	SA	-34.6679	138.7015
5115	Kudla	SA	-34.6423	138.7018
5115	Munno Para West	SA	-34.657	138.671
5320	Morgan	SA	-34.0315	139.668
5320	Beatty	SA	-34.0145	139.4394
5320	Maude	SA	-33.9355	139.4141
5320	Stuart	SA	-33.0249	137.5247
5320	Westons Flat	SA	-33.9355	139.4141
5320	Wombats Rest	SA	-33.9355	139.4141
5320	Lindley	SA	-33.8919	139.6102
5320	Morphetts Flat	SA	-34.0534	139.6865
5320	Murbko	SA	-34.1631	139.6629
5320	Bundey	SA	-33.8854	139.347
5320	Eba	SA	-34.0669	139.579
5320	Brenda Park	SA	-34.0725	139.6864
5320	North West Bend	SA	-34.0405	139.6746
5320	Beaumonts	SA	-34.0453	139.6768
5381	Geranium Plains	SA	-33.9667	139.1667
5381	Bright	SA	-33.9035	139.1343
5381	Emu Downs	SA	-33.9	138.9667
5381	Worlds End Creek	SA	-33.8327	139.0567
5381	Hallelujah Hills	SA	-33.872	139.0655
5381	Robertstown	SA	-34	139.0667
5381	Rocky Plain	SA	-34.0109	139.1339
5381	Halleluja Hills	SA	-33.9214	139.0699
5381	Worlds End	SA	-33.8327	139.0567
5381	Brady Creek	SA	-33.9739	138.9816
5413	Apoinga	SA	-33.9279	138.939
5413	Tarnma	SA	-34.15	138.95
5413	Black Springs	SA	-33.9	138.9
5413	Saddleworth	SA	-34.0826	138.7806
5413	Tothill Creek	SA	-34.1	138.9167
5413	Marrabel	SA	-34.15	138.8667
5413	Waterloo	SA	-33.9833	138.8667
5413	Steelton	SA	-34.05	138.8833
5413	Tothill Belt	SA	-34.0076	138.937
5418	Collinsville	SA	-33.3333	139.15
5418	Mount Bryan	SA	-33.5494	138.8922
5419	Pine Creek	SA	-33.4111	138.8616
5419	Mount Bryan East	SA	-33.4047	139.0184
5419	Ulooloo	SA	-33.4111	138.8616
5419	Hallett	SA	-33.4	138.8833
5419	Wonna	SA	-33.4111	138.8616
5419	Canowie	SA	-33.4	138.75
5419	Willalo	SA	-33.4396	138.7945
5421	Terowie	SA	-33.1667	138.9
5421	Franklyn	SA	-33.1352	139.0737
5277	Pleasant Park	SA	-37.3892	140.8063
5277	Maaoupe	SA	-37.286	140.6963
5277	Penola	SA	-37.3752	140.8368
5277	Monbulla	SA	-37.4196	140.7252
5277	Tarpeena	SA	-37.6277	140.7959
5277	Comaum	SA	-37.2198	140.9251
5277	Glenroy	SA	-37.25	140.85
5277	Nangwarry	SA	-37.546	140.8145
5278	Wepar	SA	-37.6083	140.7077
5278	Kalangadoo	SA	-37.5648	140.6992
5278	Moerlong	SA	-37.5866	140.7035
5278	Krongart	SA	-37.5866	140.7035
5280	Furner	SA	-37.4167	140.3333
5280	Magarey	SA	-37.5651	140.2921
5280	Tantanoola	SA	-37.6966	140.4575
5280	Beachport	SA	-37.4805	140.0126
5280	Hatherleigh	SA	-37.5	140.2667
5280	Canunda	SA	-37.5651	140.2921
5280	German Creek	SA	-37.829	140.4585
5280	Rocky Camp	SA	-37.5824	140.4216
5280	German Flat	SA	-37.5651	140.2921
5280	Southend	SA	-37.5678	140.1287
5280	Sebastopol	SA	-37.5651	140.2921
5280	Wattle Range	SA	-37.5651	140.2921
5280	Clay Wells	SA	-37.5651	140.2921
5280	Kangaroo Inn	SA	-37.3364	140.2272
5280	Millicent	SA	-37.5939	140.3495
5280	Rendelsham	SA	-37.55	140.2167
5280	Thornlea	SA	-37.3994	140.174
5049	Seacliff Park	SA	-35.0298	138.5313
5049	Marino	SA	-35.0447	138.5124
5049	Seacliff	SA	-35.0347	138.5229
5049	Kingston Park	SA	-35.0382	138.5163
5049	Seaview Downs	SA	-35.037	138.538
5220	Parndana	SA	-35.7853	137.2571
5221	Ballast Head	SA	-35.7566	137.7692
5221	American River	SA	-35.7725	137.7783
5221	Muston	SA	-35.7897	137.757
5222	Baudin Beach	SA	-35.7765	137.8729
5222	Island Beach	SA	-35.7975	137.7987
5222	Dudley West	SA	-35.802	137.8574
5222	Penneshaw	SA	-35.7181	137.9411
5222	Kangaroo Head	SA	-35.7199	137.9132
5222	Dudley East	SA	-35.7893	137.9201
5222	Cuttlefish Bay	SA	-35.7495	138.0415
5222	Willson River	SA	-35.8337	137.9571
5222	Hungerford	SA	-35.7788	137.9046
5222	Willoughby	SA	-35.7788	137.9046
5222	Porky Flat	SA	-35.7788	137.9046
5222	Antechamber Bay	SA	-35.796	138.06
5222	Sapphiretown	SA	-35.7907	137.781
5222	Pelican Lagoon	SA	-35.807	137.8039
5222	American Beach	SA	-35.7788	137.9046
5222	Ironstone	SA	-35.7462	137.9749
5222	Browns Beach	SA	-35.7788	137.9046
5222	Brown Beach	SA	-35.7984	137.8378
5223	Middle River	SA	-35.6833	137.05
5223	Western River	SA	-35.7	136.9667
5223	Brownlow	SA	-34.2454	139.2693
5223	Bay Of Shoals	SA	-35.6082	137.5618
5223	Seal Bay	SA	-35.9586	137.3177
5223	Haines	SA	-35.6977	137.3447
5223	Karatta	SA	-35.9284	136.8972
5223	Nepean Bay	SA	-35.6977	137.3447
5223	Cape Borda	SA	-35.7619	136.6864
5223	Stun'Sail Boom	SA	-35.6977	137.3447
5223	De Mole River	SA	-35.7394	136.7854
5223	Duncan	SA	-35.6977	137.3447
5223	D'Estrees Bay	SA	-35.928	137.5742
5223	Brownlow Ki	SA	-35.6714	137.6071
5223	Cassini	SA	-35.6555	137.3078
5223	Stun’Sail Boom	SA	-35.6977	137.3447
5223	Harriet River	SA	-35.6977	137.3447
5223	D’Estrees Bay	SA	-35.6977	137.3447
5223	Kohinoor	SA	-35.7641	137.4724
5223	Macgillivray	SA	-35.9135	137.4757
5223	North Cape	SA	-35.5808	137.595
5223	Flinders Chase	SA	-35.8836	136.6981
5223	Emu Bay	SA	-35.594	137.5448
5223	Seddon	SA	-35.8359	137.2923
5223	Cygnet River	SA	-35.7	137.5167
5223	Gosse	SA	-35.7568	136.9178
5223	Newland	SA	-35.8717	137.1212
5223	Kingscote	SA	-35.6559	137.6393
5223	Menzies	SA	-35.6977	137.3447
5223	Vivonne Bay	SA	-35.9826	137.1771
5223	Stokes Bay	SA	-35.6294	137.2034
5223	Birchmore	SA	-35.7776	137.485
5223	Wisanger	SA	-35.6155	137.456
5238	Port Mannum	SA	-34.9242	139.3038
5238	Younghusband	SA	-34.8747	139.5491
5238	Teal Flat	SA	-34.8936	139.5564
5238	Bowhill	SA	-34.9	139.6167
5238	Purnong Landing	SA	-34.8667	139.6167
5238	Coolcha	SA	-34.9167	139.5833
5238	Lake Carlet	SA	-34.8725	139.5315
5238	Wall	SA	-34.9667	139.3167
5238	Frahns	SA	-34.8921	139.3632
5238	Cowirra	SA	-34.9211	139.3383
5238	Bonython	SA	-34.8	139.2
5238	Claypans	SA	-34.8207	139.7132
5238	Woodlane	SA	-34.9985	139.3368
5238	Forster	SA	-34.7334	139.5548
5238	Pellaring Flat	SA	-34.862	139.3899
5238	Younghusband Holdings	SA	-34.8747	139.5491
5238	Angas Valley	SA	-34.7667	139.3
5238	Nildottie	SA	-34.6764	139.6517
5238	Big Bend	SA	-34.8633	139.4486
5238	Mannum	SA	-34.9153	139.3033
5238	Pompoota	SA	-34.9887	139.3425
5238	Frayville	SA	-34.8586	139.2188
5238	Punthari	SA	-34.8167	139.3167
5238	Bolto	SA	-34.9133	139.3188
5238	Walker Flat	SA	-34.7526	139.5565
5238	Ponde	SA	-34.95	139.3167
5238	Julanka Holdings	SA	-34.8633	139.4486
5238	Caurnamont	SA	-34.8431	139.5874
5238	Rocky Point	SA	-34.8633	139.4486
5238	Wongulla	SA	-34.7049	139.5659
5238	Purnong	SA	-34.8667	139.6167
5238	Five Miles	SA	-34.8666	139.396
5238	Old Teal Flat	SA	-34.8633	139.4486
5301	Jabuk	SA	-35.4	140.0667
5301	Geranium	SA	-35.3833	140.1667
5301	Wilkawatt	SA	-35.3673	140.3601
5301	Netherton	SA	-35.4751	139.9474
5301	Carcuma	SA	-35.3728	140.0254
5301	Peake	SA	-35.3667	139.95
5301	Moorlands	SA	-35.2899	139.6455
5301	Sherlock	SA	-35.3167	139.8167
5301	Parrakie	SA	-35.3833	140.25
5306	Wynarka	SA	-35.1333	139.7333
5309	Halidon	SA	-34.8833	140.1667
5309	Sandalwood	SA	-34.95	140.1333
5309	Borrika	SA	-35.0167	140.05
5309	Mindarie	SA	-34.8167	140.2167
5611	Katunga Station	SA	-32.864	137.1598
5611	Cooyerdoo	SA	-32.864	137.1598
5611	Corunna Station	SA	-32.864	137.1598
5611	Secret Rocks	SA	-32.864	137.1598
5611	Myola Station	SA	-32.864	137.1598
5611	Lake Gilles	SA	-32.864	137.1598
5611	Gilles Downs	SA	-32.864	137.1598
5611	Iron Baron	SA	-32.9951	137.1686
5611	Iron Knob	SA	-32.733	137.151
5640	Cleve	SA	-33.7	136.5
5640	Waddikee	SA	-33.3131	136.2551
5640	Jamieson	SA	-33.5196	136.3884
5640	Campoona	SA	-33.5459	136.41
5717	Uno	SA	-32.4474	136.411
5717	Mahanewo	SA	-32.4474	136.411
5717	Hiltaba	SA	-32.4474	136.411
5717	Thurlga	SA	-32.4474	136.411
5717	Moonaree	SA	-32.4474	136.411
5717	Nonning	SA	-32.5	136.5
5717	Yardea	SA	-32.4474	136.411
5717	Lake Everard	SA	-32.4474	136.411
5717	Kondoolka	SA	-32.4474	136.411
5717	Kolendo	SA	-32.4474	136.411
5717	Mount Ive	SA	-32.437	136.0635
5717	Siam	SA	-32.4053	136.6694
5717	Lake Gairdner	SA	-32.4474	136.411
5717	Lake Macfarlane	SA	-32.4474	136.411
5717	Kokatha	SA	-32.4474	136.411
5273	Avenue Range	SA	-36.9667	140.2333
5350	Rosedale	SA	-34.55	138.85
5350	Sandy Creek	SA	-34.55	138.85
5352	Tanunda	SA	-34.5234	138.9598
5352	Gomersal	SA	-34.55	138.8833
5352	Bethany	SA	-34.5447	138.9856
5352	Vine Vale	SA	-34.526	138.9997
5352	Stone Well	SA	-34.503	138.9649
5352	Krondorf	SA	-34.5632	138.9746
5352	Rowland Flat	SA	-34.5833	138.9333
5355	Moppa	SA	-34.4167	139.95
5355	Stockwell	SA	-34.4346	139.0536
5355	Ebenezer	SA	-34.4222	139.033
5355	Seppeltsfield	SA	-34.4962	138.9108
5355	Nuriootpa	SA	-34.4682	138.9977
5355	Daveyston	SA	-34.4692	138.8815
5355	Light Pass	SA	-34.4716	139.0229
5355	Marananga	SA	-34.4856	138.9398
5360	Nain	SA	-34.4458	138.9125
5360	Greenock	SA	-34.457	138.9272
5371	Templers	SA	-34.4684	138.7468
5371	Roseworthy	SA	-34.534	138.7502
5371	Morn Hill	SA	-34.4084	138.7531
5371	Shea-Oak Log	SA	-34.5167	138.8167
5372	Freeling	SA	-34.4541	138.8087
5373	Koonunga	SA	-34.3804	138.9902
5373	Hamilton	SA	-34.2167	138.8667
5373	Kapunda	SA	-34.3387	138.9164
5373	Bagot Well	SA	-34.3054	138.9798
5373	Fords	SA	-34.3853	138.8749
5373	Bethel	SA	-34.3278	138.8376
5373	St Johns	SA	-34.3755	138.9458
5373	Allendale North	SA	-34.3011	138.9147
5374	Brownlow	SA	-34.2454	139.2693
5374	Ngapala	SA	-34.0714	138.9917
5374	Peep Hill	SA	-34.1459	139.1544
5374	Neales Flat	SA	-34.25	139.1667
5374	Buchanan	SA	-34.1604	139.1605
5374	Eudunda	SA	-34.177	139.0841
5374	Mount Mary	SA	-34.1	139.4333
5374	Bower	SA	-34.1241	139.3512
5374	Frankton	SA	-34.29	139.2054
5374	Hampden	SA	-34.15	139.05
5374	Australia Plains	SA	-34.097	139.1562
5374	Hansborough	SA	-34.2572	139.092
5374	Point Pass	SA	-34.0757	139.0506
5374	Julia	SA	-34.1077	139.0204
5374	Sutherlands	SA	-34.1544	139.2223
5400	Pinkerton Plains	SA	-34.4563	138.6803
5400	Woolsheds	SA	-34.4872	138.6449
5400	Magdala	SA	-34.4118	138.7103
5400	Wasleys	SA	-34.4699	138.6856
5401	Hamley Bridge	SA	-34.3576	138.6807
5401	Salter Springs	SA	-34.1843	138.6347
5401	Alma	SA	-34.2668	138.6304
5410	Linwood	SA	-34.3603	138.7679
5410	Stockport	SA	-34.334	138.732
5630	Edilillie	SA	-34.4118	135.7063
5630	Edillilie	SA	-34.4118	135.7063
5632	Karkoo	SA	-34.0328	135.7293
5632	Kapinnie	SA	-34.138	135.4976
5632	Yeelanna	SA	-34.1408	135.7294
5632	Mitchell	SA	-35.0103	138.5627
5304	Kringin	SA	-34.9833	140.7833
5304	Pinnaroo	SA	-35.2616	140.912
5304	Karte	SA	-35.0667	140.7
5304	Peebinga	SA	-34.9333	140.9167
5308	Maggea	SA	-34.4833	140.0667
5308	Galga	SA	-34.6994	139.9646
5308	Copeville	SA	-34.7973	139.8431
5308	Kalyan	SA	-34.9333	139.8333
5308	Mantung	SA	-34.6	140.0667
5308	Perponda	SA	-34.9875	139.8122
5308	Mercunda	SA	-34.65	140.0167
5310	Caliph	SA	-34.6667	140.2833
5310	Wanbi	SA	-34.7667	140.3167
5311	Taplan	SA	-34.5444	140.8801
5311	Paruna	SA	-34.7167	140.7333
5311	Malpas	SA	-34.7167	140.6167
5311	Woodleigh	SA	-34.5682	140.7151
5311	Maggea	SA	-34.4833	140.0667
5311	Bugle Hut	SA	-34.3774	140.783
5311	Schell Well	SA	-34.5848	140.6246
5311	Meribah	SA	-34.7034	140.8542
5311	Wunkar	SA	-34.5	140.3
5311	Billiatt	SA	-34.5848	140.6246
5311	Taldra	SA	-34.4228	140.8887
5311	Alawoona	SA	-34.7333	140.5167
5311	Veitch	SA	-34.6667	140.5167
5322	Golden Heights	SA	-34.1567	139.9075
5322	Ramco Heights	SA	-34.1932	139.9076
5322	Sunlands	SA	-34.1567	139.8959
5322	Ramco	SA	-34.1667	139.9333
5322	Qualco	SA	-34.1103	139.8933
5331	Kingston On Murray	SA	-34.2189	140.3345
5331	Kingston-On-Murray	SA	-34.2189	140.3345
5343	Katarapko	SA	-34.4424	140.559
5343	Lyrup	SA	-34.2579	140.6482
5343	Winkie	SA	-34.3	140.5333
5343	Gurra Gurra	SA	-34.2953	140.6287
5343	Gerard	SA	-34.3153	140.5938
5343	Berri	SA	-34.2811	140.5996
5354	Fisher	SA	-34.5856	139.6767
5354	Bakara Well	SA	-34.5856	139.6767
5354	Marks Landing	SA	-34.5791	139.587
5354	Bakara	SA	-34.6635	139.7823
5354	Swan Reach	SA	-34.5666	139.5975
5354	Punyelroo	SA	-34.6022	139.6001
5354	Naidia	SA	-34.5167	139.8167
5357	New Well	SA	-34.3874	139.9239
5357	Mcbean Pound	SA	-34.2879	139.6291
5357	Blanchetown	SA	-34.3588	139.6138
5357	Paisley	SA	-34.338	139.7918
5357	Wigley Flat	SA	-34.1776	140.2059
5357	Notts Well	SA	-34.4159	139.7875
5357	Moorundie	SA	-34.4005	139.5906
5690	Charra	SA	-31.8321	133.0531
5690	Wandana	SA	-31.8321	133.0531
5690	Yumbarra	SA	-31.8321	133.0531
5690	Koonibba	SA	-31.9044	133.431
5690	Yalata	SA	-31.4802	131.8424
5690	White Well Corner	SA	-31.8592	133.2976
5690	Nundroo	SA	-31.7798	132.2043
5690	Maltee	SA	-32.0833	133.9
5690	Ceduna	SA	-32.1266	133.6727
5690	Coorabie	SA	-31.8998	132.2953
5690	Mitchidy Moola	SA	-31.8321	133.0531
5690	Chundaria	SA	-31.8321	133.0531
5690	Watraba	SA	-31.9561	133.2446
5690	Thevenard	SA	-32.1458	133.6485
5690	Ceduna Waters	SA	-32.1757	133.6961
5690	Nanbona	SA	-31.8321	133.0531
5690	Nullarbor	SA	-31.8321	133.0531
5690	Oak Valley	SA	-29.4324	130.7881
5690	Nadia	SA	-32.077	133.4841
5690	Uworra	SA	-31.965	133.327
5690	Kalanbi	SA	-31.9513	133.6311
5690	Yellabinna	SA	-31.8321	133.0531
5690	Fowlers Bay	SA	-31.9865	132.4349
5690	Merghiny	SA	-32.1167	133.8333
5690	Denial Bay	SA	-32.1006	133.5768
5690	Penong	SA	-31.9303	133.0107
5690	Bookabie	SA	-31.8384	132.6899
5037	Glandore	SA	-34.9615	138.5683
5037	Kurralta Park	SA	-34.9514	138.567
5037	Netley	SA	-34.9489	138.5498
5037	North Plympton	SA	-34.9577	138.5534
5038	Camden Park	SA	-34.9686	138.5396
5038	Plympton Park	SA	-34.9807	138.5492
5038	Plympton	SA	-34.962	138.555
5038	South Plympton	SA	-34.9768	138.5559
5039	Clarence Gardens	SA	-34.9754	138.5798
5039	Edwardstown	SA	-34.9802	138.5694
5039	Melrose Park Dc	SA	-34.9796	138.5749
5039	Melrose Park	SA	-34.9833	138.5754
5042	St Marys	SA	-35.0042	138.5798
5042	Clovelly Park	SA	-34.9995	138.5708
5042	Flinders University	SA	-35.0068	138.5762
5042	Pasadena	SA	-35.0027	138.5886
5042	Bedford Park	SA	-35.022	138.5681
5042	Tonsley	SA	-35.0055	138.5734
5043	Morphettville	SA	-34.9885	138.5398
5043	Park Holme	SA	-34.9944	138.5532
5043	Mitchell Park	SA	-35.0103	138.5627
5043	Ascot Park	SA	-34.9918	138.5577
5043	Marion	SA	-35.0042	138.5531
5044	Glengowrie	SA	-34.9871	138.5367
5044	Somerton Park	SA	-34.9971	138.5215
5046	Warradale	SA	-34.9972	138.5316
5046	Warradale North	SA	-35.0019	138.5381
5046	Oaklands Park	SA	-35.0067	138.5446
5048	South Brighton	SA	-35.0277	138.528
5048	North Brighton	SA	-35.0028	138.5221
5048	Dover Gardens	SA	-35.024	138.537
5048	Brighton	SA	-35.0182	138.5235
5048	Hove	SA	-35.0081	138.5212
5160	Lonsdale Dc	SA	-35.1068	138.4929
5160	Port Stanvac	SA	-35.1068	138.4929
5160	Lonsdale	SA	-35.1068	138.4929
5161	Reynella East	SA	-35.092	138.5574
5161	Old Reynella	SA	-35.1035	138.5336
5161	Reynella	SA	-35.0937	138.5308
5234	Birdwood	SA	-34.8183	138.9648
5237	Milendella	SA	-34.8167	139.2
5237	Apamurra	SA	-34.8073	139.1962
5237	Palmer	SA	-34.85	139.1667
5237	Sanderston	SA	-34.7554	139.2219
5244	Harrogate	SA	-34.95	139.0167
5244	Inverbrackie	SA	-34.9734	138.8917
5244	Charleston	SA	-34.9167	138.9
5244	Mount Torrens	SA	-34.8755	138.9586
5244	Woodside	SA	-34.9543	138.879
5253	Murray Bridge South	SA	-35.1581	139.2785
5253	Willow Banks	SA	-35.0572	139.3462
5253	Murray Bridge East	SA	-35.1138	139.3227
5253	Sunnyside	SA	-35.1138	139.3227
5253	Avoca Dell	SA	-35.0906	139.3122
5253	Toora	SA	-35.1138	139.3227
5253	Northern Heights	SA	-35.1041	139.2606
5253	White Hill	SA	-35.1138	139.3227
5253	Mobilong	SA	-35.0992	139.277
5253	Murray Bridge	SA	-35.1199	139.2735
5253	Long Flat	SA	-35.1138	139.3227
5253	Swanport	SA	-35.15	139.3
5253	Riverglen	SA	-35.17	139.3085
5253	Riverglades	SA	-35.0994	139.3023
5253	Burdett	SA	-35.1138	139.3227
5253	Rocky Gully	SA	-35.1138	139.3227
5253	Murrawong	SA	-35.0553	139.335
5253	Woods Point	SA	-35.1138	139.3227
5253	White Sands	SA	-35.1138	139.3227
5253	Chapman Bore	SA	-35.1275	139.5517
5253	Brinkley	SA	-35.23	139.2221
5253	Ettrick	SA	-35	139.5667
5253	Murray Bridge North	SA	-35.0913	139.2603
5253	Monteith	SA	-35.17	139.323
5253	Greenbanks	SA	-35.056	139.3531
5253	Gifford Hill	SA	-35.1567	139.2154
5254	Mypolonga	SA	-35.05	139.35
5254	Rockleigh	SA	-35	139.1167
5254	Callington	SA	-35.1198	139.0414
5254	Murray Bridge	SA	-35.1199	139.2735
5254	Buccleuch	SA	-35.3367	139.8785
5254	Zadows Landing	SA	-34.9692	139.295
5254	Tepko	SA	-34.969	139.1878
5254	Woodlane	SA	-34.9985	139.3368
5254	Monteith	SA	-35.17	139.323
5254	Monarto South	SA	-35.122	139.129
5254	Pallamana	SA	-35.0344	139.2059
5254	White Hill	SA	-35.0725	139.2614
5254	Petwood	SA	-35.0725	138.9498
5254	The Point	SA	-35.2167	139.3833
5254	Rocky Gully	SA	-35.0725	139.2614
5254	Caloote	SA	-34.9642	139.2622
5254	Wall Flat	SA	-34.9667	139.3167
5254	Monarto	SA	-35.05	139.1333
5321	Cadell Lagoon	SA	-34.0388	139.7639
5321	Cadell	SA	-34.0388	139.7639
5353	Black Hill	SA	-34.7027	139.4575
5353	Angaston	SA	-34.5013	139.0462
5353	Sunnydale	SA	-34.6489	139.6366
5353	Keyneton	SA	-34.5542	139.1349
5353	Sedan	SA	-34.5833	139.3
5353	Punyelroo	SA	-34.6022	139.6001
5353	Langs Landing	SA	-34.5894	139.5922
5353	Moculta	SA	-34.4687	139.1186
5353	Cambrai	SA	-34.65	139.2833
5353	Penrice	SA	-34.4875	139.0455
5353	Mount Mckenzie	SA	-34.565	139.0884
5353	Towitta	SA	-34.5333	139.25
5353	Kongolia	SA	-34.65	139.3667
5041	Panorama	SA	-34.9908	138.5995
5041	Cumberland Park	SA	-34.972	138.5867
5041	Colonel Light Gardens	SA	-34.9863	138.5975
5041	Daw Park	SA	-34.9898	138.5841
5041	Westbourne Park	SA	-34.9716	138.5952
5050	Bellevue Heights	SA	-35.0302	138.5831
5050	Eden Hills	SA	-35.0211	138.5957
5062	Hawthorn	SA	-34.9738	138.6074
5062	Mitcham Shopping Centre	SA	-34.98	138.6167
5062	Clapham	SA	-34.9899	138.6016
5062	Brown Hill Creek	SA	-34.9868	138.6421
5062	Mitcham	SA	-34.9789	138.6218
5062	Netherby	SA	-34.9705	138.625
5062	Lynton	SA	-34.9973	138.6074
5062	Torrens Park	SA	-34.9761	138.6103
5062	Springfield	SA	-34.9782	138.6325
5062	Lower Mitcham	SA	-34.9773	138.6049
5062	Kingswood	SA	-34.9713	138.6136
5064	Glenunga	SA	-34.9501	138.6384
5064	Glen Osmond	SA	-34.9596	138.6487
5064	Myrtle Bank	SA	-34.9606	138.6338
5064	Mount Osmond	SA	-34.9629	138.6566
5064	Urrbrae	SA	-34.9663	138.6422
5064	St Georges	SA	-34.952	138.6479
5152	Stirling	SA	-35.0022	138.7196
5152	Mount Lofty	SA	-35	138.7
5152	Cleland	SA	-34.9694	138.6943
5152	Crafers	SA	-34.989	138.716
5152	Crafers West	SA	-34.9914	138.6821
5156	Upper Sturt	SA	-35.0167	138.6833
5155	Bridgewater	SA	-35.014	138.7665
5155	Mount George	SA	-35.014	138.7665
5236	Tungkillo	SA	-34.8167	139.0667
5243	Oakbank	SA	-34.9834	138.8453
5250	Blakiston	SA	-35.0421	138.8815
5250	Totness	SA	-35.0443	138.8426
5250	Littlehampton	SA	-35.0422	138.8642
5251	Wistow	SA	-35.1171	138.9126
5251	Bugle Ranges	SA	-35.1327	138.8716
5251	Mount Barker Junction	SA	-35.0253	138.8683
5251	Mount Barker Summit	SA	-35.0691	138.9267
5251	Mount Barker	SA	-35.0667	138.8667
5251	Mount Barker Springs	SA	-35.0873	138.9152
5290	Mount Gambier	SA	-37.8318	140.7792
5290	Mount Gambier Dc	SA	-37.8318	140.7792
5432	Holowiliena South	SA	-32.2748	138.6181
5432	Witchitie	SA	-32.1572	138.9236
5432	Bibliando	SA	-32.2748	138.6181
5432	Yanyarrie	SA	-32.2748	138.6181
5432	Willippa	SA	-32.2748	138.6181
5432	Baratta	SA	-32.2748	138.6181
5432	Wilcowie	SA	-32.2748	138.6181
5432	Three Creeks	SA	-32.2748	138.6181
5432	Belton	SA	-32.2333	138.7
5432	Holowiliena	SA	-32.2748	138.6181
5432	Moockra	SA	-32.4667	138.4333
5432	Carrieton	SA	-32.4333	138.5333
5432	Cradock	SA	-32.0833	138.5
5480	Appila	SA	-33.05	138.4167
5480	Stone Hut	SA	-33.1176	138.3595
5480	Laura	SA	-33.1852	138.3023
5482	Wepowie	SA	-32.8333	138.4833
5482	Booleroo Centre	SA	-32.8799	138.3507
5483	Melrose	SA	-32.8253	138.1863
5540	Lower Broughton	SA	-33.3195	137.9612
5540	Port Pirie South	SA	-33.198	138.0145
5540	Warnertown	SA	-33.2354	138.1197
5540	Pirie East	SA	-33.262	138.0324
5540	Solomontown	SA	-33.1853	138.0236
5540	Port Pirie West	SA	-33.1779	137.9985
5540	Coonamia	SA	-33.1922	138.0429
5540	Napperby	SA	-33.1574	138.1164
5540	Risdon Park	SA	-33.1966	137.994
5540	Nelshaby	SA	-33.1261	138.1105
5540	Bungama	SA	-33.2005	138.0705
5540	Telowie	SA	-33.0549	138.0684
5540	Port Pirie	SA	-33.1918	138.0175
5540	Risdon Park South	SA	-33.211	137.995
5540	Port Davis	SA	-33.2667	137.8541
5700	Winninowie	SA	-32.5484	137.8123
5700	Cultana	SA	-32.5484	137.8123
5700	Port Augusta North	SA	-32.4799	137.838
5700	Willsden	SA	-32.5484	137.8123
5700	Port Augusta West	SA	-32.4861	137.7583
5700	Miranda	SA	-32.7249	137.9029
5700	Blanche Harbor	SA	-32.6907	137.7553
5700	Port Paterson	SA	-32.5543	137.8309
5700	Davenport	SA	-32.5484	137.8123
5700	Port Augusta	SA	-32.496	137.7728
5700	Mundallio	SA	-32.4678	137.8842
5700	Wami Kata	SA	-32.4455	137.8046
5700	Commissariat Point	SA	-32.5906	137.7636
5255	Hartley	SA	-35.2029	139.0359
5255	Gemmells	SA	-35.1711	138.9052
5255	Bletchley	SA	-35.2408	138.9855
5255	Finniss	SA	-35.4	138.8167
5255	Highland Valley	SA	-35.1661	138.919
5255	Salem	SA	-35.147	139.0261
5255	Belvidere	SA	-35.2914	138.9474
5255	Sandergrove	SA	-35.3333	138.8333
5255	Woodchester	SA	-35.2167	138.95
5255	Angas Plains	SA	-35.35	139
5255	Strathalbyn	SA	-35.2598	138.8925
5255	Tooperang	SA	-35.3833	138.7333
5255	Nalpa	SA	-35.3667	139.3167
5255	Mount Observation	SA	-35.2751	138.9763
5255	Lake Plains	SA	-35.3704	139.0417
5255	Mulgundawa	SA	-35.3163	139.2396
5255	Langhorne Creek	SA	-35.296	139.0359
5255	Red Creek	SA	-35.1587	138.9757
5255	Willyaroo	SA	-35.281	138.9197
5256	Point Sturt	SA	-35.4618	138.9465
5256	Clayton	SA	-35.4905	138.9207
5256	Clayton Bay	SA	-35.4905	138.9207
5256	Nurragi	SA	-35.3527	138.9083
5256	Tolderol	SA	-35.4407	138.9335
5256	Milang	SA	-35.4078	138.9712
5262	Binnum	SA	-36.7951	140.9375
5262	Kybybolite	SA	-36.8833	140.9167
5262	Frances	SA	-36.7167	140.9667
5262	Hynam	SA	-36.95	140.85
5279	Trihi	SA	-37.5054	140.6197
5279	Mount Burr	SA	-37.542	140.4555
5279	Mount Mcintyre	SA	-37.5608	140.5373
5279	Koorine	SA	-37.6109	140.6367
5279	Short	SA	-37.5221	140.5832
5279	Wattle Range East	SA	-37.3913	140.6668
5420	Canowie Belt	SA	-33.1826	138.7625
5420	Whyte Yarcowie	SA	-33.1826	138.7625
5454	Euromina	SA	-33.6252	138.5759
5454	Washpool	SA	-33.5497	138.6064
5454	Hacklins Corner	SA	-33.4338	138.6736
5454	Mayfield	SA	-33.5497	138.6064
5454	Andrews	SA	-33.6396	138.6098
5454	Broughton River Valley	SA	-33.5522	138.5655
5454	Spalding	SA	-33.4979	138.6075
5470	Yacka	SA	-33.5709	138.4492
5471	Gulnare	SA	-33.4672	138.443
5472	Georgetown	SA	-33.3667	138.4
5473	Gladstone	SA	-33.2669	138.3566
5481	Bangor	SA	-32.9667	138.15
5481	Wirrabara	SA	-33.0338	138.2692
5481	Murray Town	SA	-32.9333	138.2333
5481	Wongyarra	SA	-32.9842	138.2246
5490	Caltowie North	SA	-33.1233	138.4916
5490	Caltowie	SA	-33.1833	138.4833
5490	Caltowie West	SA	-33.1907	138.3776
5491	Hornsdale	SA	-33.0681	138.5217
5491	Bundaleer North	SA	-33.1881	138.6162
5491	Belalie North	SA	-33.1163	138.6929
5491	West Bundaleer	SA	-33.1881	138.6162
5491	Belalie East	SA	-33.2202	138.7171
5491	Jamestown	SA	-33.2053	138.605
5491	Bundaleer Gardens	SA	-33.3306	138.5443
5068	Kensington Gardens	SA	-34.9258	138.6615
5068	St Morris	SA	-34.9111	138.6536
5068	Leabrook	SA	-34.9298	138.6586
5068	Heathpool	SA	-34.9314	138.6463
5068	Kensington	SA	-34.9167	138.65
5068	Marryatville	SA	-34.9284	138.646
5068	Kensington Park	SA	-34.9202	138.6543
5068	Trinity Gardens	SA	-34.9144	138.6414
5069	Hackney	SA	-34.9139	138.6164
5069	Stepney	SA	-34.9123	138.6292
5069	Maylands	SA	-34.9113	138.6367
5069	Evandale	SA	-34.9055	138.6354
5069	College Park	SA	-34.9117	138.6198
5069	St Peters	SA	-34.905	138.6225
5070	Payneham South	SA	-34.9048	138.6445
5070	Firle	SA	-34.9046	138.6532
5070	Royston Park	SA	-34.8976	138.6315
5070	Glynde	SA	-34.896	138.6525
5070	Marden	SA	-34.8957	138.6378
5070	Glynde Plaza	SA	-34.8981	138.6417
5070	Payneham	SA	-34.8972	138.6406
5070	Felixstow	SA	-34.889	138.647
5070	Joslin	SA	-34.8997	138.6265
5070	Glynde Dc	SA	-34.8981	138.6417
5071	Kent Town Dc	SA	-34.9216	138.6201
5071	Kent Town	SA	-34.9216	138.6201
5047	Darlington	SA	-35.0315	138.5553
5047	Sturt	SA	-35.023	138.5548
5047	Seacombe Heights	SA	-35.0326	138.5458
5047	Seacombe Gardens	SA	-35.0234	138.5458
5051	Hawthorndene	SA	-35.0223	138.6304
5051	Craigburn Farm	SA	-35.0405	138.6049
5051	Coromandel Valley	SA	-35.05	138.6167
5051	Blackwood	SA	-35.0214	138.6143
5158	O'Halloran Hill	SA	-35.0667	138.55
5158	O’Halloran Hill	SA	-35.0667	138.55
5158	Sheidow Park	SA	-35.0793	138.5274
5158	O'Halloran Hill Dc	SA	-35.0735	138.5368
5158	Trott Park	SA	-35.0758	138.5419
5158	Hallett Cove	SA	-35.0792	138.5146
5159	Happy Valley	SA	-35.0838	138.5726
5159	Flagstaff Hill	SA	-35.0486	138.5828
5159	Aberfoyle Park	SA	-35.0768	138.5916
5159	Chandlers Hill	SA	-35.0865	138.6169
5162	Woodcroft	SA	-35.1024	138.5629
5162	Morphett Vale	SA	-35.1333	138.5167
5163	Onkaparinga Hills	SA	-35.1351	138.567
5163	Onkaparinga Heights	SA	-35.147	138.5302
5163	Huntfield Heights	SA	-35.1545	138.5142
5163	Hackham West	SA	-35.1431	138.5144
5163	Hackham	SA	-35.1551	138.5251
5164	Christie Downs	SA	-35.13	138.4963
5165	Christies Beach North	SA	-35.1388	138.4723
5165	Christies Beach	SA	-35.1388	138.4723
5166	O’Sullivan Beach	SA	-35.1188	138.4734
5166	O'Sullivan Beach	SA	-35.1188	138.4734
5167	Port Noarlunga South	SA	-35.174	138.4686
5167	Port Noarlunga	SA	-35.148	138.471
5168	Old Noarlunga	SA	-35.1821	138.5014
5168	Noarlunga Downs	SA	-35.1504	138.504
5168	Noarlunga Centre	SA	-35.1411	138.4912
5169	Seaford Heights	SA	-35.1988	138.4909
5169	Seaford Rise	SA	-35.193	138.4817
5169	Seaford	SA	-35.1898	138.4759
5169	Moana	SA	-35.1939	138.4761
5169	Seaford Meadows	SA	-35.1728	138.4879
5170	Maslin Beach	SA	-35.2259	138.4798
5171	Mclaren Vale	SA	-35.2189	138.5433
5171	Mclaren Flat	SA	-35.2167	138.5833
5171	Pedler Creek	SA	-35.2242	138.5446
5171	Blewitt Springs	SA	-35.2242	138.5446
5171	Tatachilla	SA	-35.2369	138.5071
5173	Aldinga	SA	-35.2833	138.4833
5173	Port Willunga	SA	-35.2618	138.4644
5173	Aldinga Beach	SA	-35.2783	138.458
5173	Silver Sands	SA	-35.3138	138.4493
5201	Paris Creek	SA	-35.2094	138.7955
5201	Prospect Hill	SA	-35.2333	138.7167
5201	Blackfellows Creek	SA	-35.2124	138.7402
5201	Meadows	SA	-35.1802	138.7625
5201	Kuitpo	SA	-35.2266	138.6861
5422	Mannanarie	SA	-33.0443	138.6185
5422	Waroonee	SA	-32.8928	138.9218
5422	Cavenagh	SA	-32.8928	138.9218
5422	Peterborough	SA	-32.9721	138.8407
5422	Paratoo	SA	-32.7326	139.3366
5422	Hardy	SA	-32.8928	138.9218
5422	Oodla Wirra	SA	-32.8833	139.0667
5422	Minvalara	SA	-32.9	138.75
5422	Sunnybrae	SA	-32.8928	138.9218
5422	Dawson	SA	-32.8	138.9667
5422	Yatina	SA	-32.9333	138.6667
5422	Parnaroo	SA	-32.9786	139.1553
5422	Erskine	SA	-32.7333	138.85
5422	Ucolta	SA	-32.95	138.9667
5440	Wiawera	SA	-32.297	140.4194
5440	Wompinie	SA	-32.0615	140.7772
5440	Bindarrah	SA	-32.1463	140.6671
5440	Netley Gap	SA	-32.3144	140.2065
5440	Nackara	SA	-32.8	139.2333
5440	Mundi Mundi	SA	-32.3144	140.2065
5440	Mingary	SA	-32.1355	140.7367
5440	Cockburn	SA	-32.0762	140.9902
5440	Manna Hill	SA	-32.433	139.9903
5440	Mulyungarie	SA	-32.3144	140.2065
5440	Mutooroo	SA	-32.3144	140.2065
5440	Oulnina	SA	-32.3144	140.2065
5440	Oulnina Park	SA	-32.3144	140.2065
5440	Plumbago	SA	-32.3144	140.2065
5440	Pualco Range	SA	-32.3144	140.2065
5440	Quinyambie	SA	-32.3144	140.2065
5440	Tepco Station	SA	-32.3144	140.2065
5440	Tikalina	SA	-32.3144	140.2065
5440	Devonborough Downs	SA	-32.3144	140.2065
5440	Olary	SA	-32.2792	140.3034
5440	Billeroo West	SA	-32.3144	140.2065
5440	Benda	SA	-32.3144	140.2065
5440	Abminga Station	SA	-32.3144	140.2065
5440	Outalpa	SA	-32.346	140.1703
5440	Curnamona	SA	-32.3144	140.2065
5440	Bulloo Creek	SA	-32.3144	140.2065
5440	Boolcoomatta	SA	-32.3144	140.2065
5440	Bimbowrie	SA	-32.3144	140.2065
5440	Pine Creek Station	SA	-32.3144	140.2065
5440	Yunta	SA	-32.5833	139.55
5440	Erudina	SA	-32.3144	140.2065
5440	Florina Station	SA	-32.3144	140.2065
5440	Frome Downs	SA	-32.3144	140.2065
5440	Grampus	SA	-32.3144	140.2065
5440	Kalabity	SA	-32.3144	140.2065
5440	Kalkaroo	SA	-32.3144	140.2065
5440	Koonamore	SA	-32.3144	140.2065
5440	Lake Frome	SA	-32.3144	140.2065
5440	Martins Well	SA	-32.3144	140.2065
5440	Melton Station	SA	-32.3144	140.2065
5440	Mooleulooloo	SA	-32.3144	140.2065
5440	Mount Victor Station	SA	-32.3144	140.2065
5440	Wadnaminga	SA	-32.3144	140.2065
5440	Weekeroo	SA	-32.3144	140.2065
5440	Winnininnie	SA	-32.3144	140.2065
5440	Yarramba	SA	-32.3144	140.2065
5440	Manunda Station	SA	-32.3144	140.2065
5440	Waukaringa	SA	-32.3	139.4333
5493	Yongala	SA	-33.0303	138.7503
5110	Burton	SA	-34.7334	138.6025
5110	St Kilda	SA	-34.7458	138.5902
5110	Direk	SA	-34.7216	138.6015
5110	Bolivar	SA	-34.7699	138.5742
5110	Globe Derby Park	SA	-34.7876	138.5898
5110	Waterloo Corner	SA	-34.7167	138.5833
5113	Davoren Park	SA	-34.6906	138.6686
5113	Edinburgh North	SA	-34.7042	138.663
5113	Davoren Park South	SA	-34.6906	138.6686
5113	Elizabeth West	SA	-34.7003	138.6756
5113	Davoren Park North	SA	-34.7003	138.6756
5113	Elizabeth Park	SA	-34.7097	138.686
5113	Elizabeth Downs	SA	-34.6998	138.6913
5113	Elizabeth West Dc	SA	-34.7003	138.6756
5113	Elizabeth North	SA	-34.7068	138.6761
5116	Evanston	SA	-34.6166	138.7337
5116	Evanston Gardens	SA	-34.6232	138.7217
5116	Evanston Park	SA	-34.6228	138.7412
5116	Evanston South	SA	-34.6483	138.7178
5116	Hillier	SA	-34.623	138.681
5117	Angle Vale	SA	-34.641	138.6461
5118	Gawler River	SA	-34.6144	138.6564
5118	Buchfelde	SA	-34.6125	138.7145
5118	Kalbeeba	SA	-34.625	138.7928
5118	Willaston	SA	-34.5864	138.7412
5118	Kingsford	SA	-34.5961	138.7367
5118	Gawler East	SA	-34.5989	138.7632
5118	Gawler West	SA	-34.6044	138.7325
5118	Bibaringa	SA	-34.6337	138.766
5118	Concordia	SA	-34.5748	138.8051
5118	Ward Belt	SA	-34.5789	138.6683
5118	Gawler	SA	-34.6025	138.749
5118	Gawler South	SA	-34.6071	138.7445
5118	Hewett	SA	-34.578	138.7524
5118	Gawler Belt	SA	-34.5781	138.7276
5118	Reid	SA	-34.5961	138.7367
5118	Kangaroo Flat	SA	-34.55	138.7
5121	Penfield	SA	-34.695	138.6401
5121	Eyre	SA	-34.6685	138.6389
5121	Penfield Gardens	SA	-34.6522	138.6329
5121	Macdonald Park	SA	-34.6584	138.6439
5008	Croydon Park South	SA	-34.8803	138.5678
5008	Renown Park	SA	-34.8917	138.5773
5008	Croydon	SA	-34.8937	138.5669
5008	Ridleyton	SA	-34.8928	138.5716
5008	West Croydon	SA	-34.8945	138.5593
5008	Devon Park	SA	-34.8865	138.5823
5008	Croydon Park	SA	-34.8803	138.5678
5008	Dudley Park	SA	-34.8756	138.5773
5010	Ferryden Park	SA	-34.8662	138.5618
5010	Regency Park Bc	SA	-34.8629	138.5641
5010	Regency Park	SA	-34.8626	138.5724
5010	Angle Park	SA	-34.8599	138.558
5014	Royal Park	SA	-34.8742	138.5119
5014	Queenstown	SA	-34.8609	138.5105
5014	Albert Park	SA	-34.872	138.5197
5014	Hendon	SA	-34.8746	138.5146
5014	Alberton	SA	-34.8593	138.5214
5014	Cheltenham	SA	-34.8679	138.5234
5016	Largs North	SA	-34.8205	138.4924
5016	Peterhead	SA	-34.8312	138.4989
5016	Largs Bay	SA	-34.8258	138.4862
5017	Taperoo	SA	-34.8043	138.4959
5017	Osborne	SA	-34.798	138.498
5018	North Haven	SA	-34.7883	138.4916
5018	Outer Harbor	SA	-34.7766	138.4874
5075	Dernancourt	SA	-34.862	138.6766
5075	Paradise	SA	-34.8736	138.669
5082	Ovingham	SA	-34.8986	138.5852
5082	Thorngate	SA	-34.8978	138.5983
5082	Fitzroy	SA	-34.8968	138.5914
5082	Prospect	SA	-34.8824	138.5933
5082	Prospect East	SA	-34.8939	138.592
5082	Prospect West	SA	-34.8939	138.592
5083	Sefton Park	SA	-34.874	138.6034
5083	Broadview	SA	-34.8759	138.615
5083	Nailsworth	SA	-34.8844	138.6062
5084	Kilburn	SA	-34.8597	138.5856
5084	Blair Athol	SA	-34.8589	138.5966
5084	Kilburn North	SA	-34.8593	138.5911
5084	Blair Athol West	SA	-34.8593	138.5911
5085	Enfield	SA	-34.8526	138.6026
5085	Clearview	SA	-34.8573	138.6133
5085	Enfield Plaza	SA	-34.8544	138.6176
5085	Northgate	SA	-34.8578	138.6291
5085	Lightsview	SA	-34.8544	138.6176
5085	Northfield	SA	-34.8498	138.6255
5087	Klemzig	SA	-34.8793	138.6356
5087	Windsor Gardens	SA	-34.8654	138.647
5088	Holden Hill	SA	-34.8516	138.6723
5098	Walkley Heights	SA	-34.8367	138.6437
5098	Ingle Farm	SA	-34.8333	138.6333
5942	Regency Park	SA	-34.8626	138.5724
5433	Willochra	SA	-32.2333	138.1333
5433	Bruce	SA	-32.4667	138.2
5433	Saltia	SA	-32.4843	137.9509
5433	Yarrah	SA	-32.3799	138.1125
5433	Stephenston	SA	-32.3686	138.2365
5433	Quorn	SA	-32.3468	138.0418
5495	Baroota	SA	-32.85	138.0333
5495	Port Germein	SA	-33.0216	138.0013
5495	Germein Bay	SA	-32.8971	138.0098
5495	Weeroona Island	SA	-33.1027	138.0319
5495	Port Flinders	SA	-32.8971	138.0098
5495	Mambray Creek	SA	-32.8	137.9833
5495	Nectar Brook	SA	-32.7109	137.9991
5701	Cook	SA	-31.5138	137.4061
5701	Tarcoola	SA	-30.7101	134.5707
5701	Port Augusta	SA	-32.496	137.7728
5701	Woolundunga	SA	-32.5374	137.9454
5701	Arkaroola Village	SA	-30.3116	139.3356
5710	Kingoonya	SA	-30.9172	135.3157
5710	Tarcoola	SA	-30.7101	134.5707
5710	Cook	SA	-31.6786	136.2912
5710	Stirling North	SA	-32.4799	137.838
5710	Port Augusta	SA	-32.496	137.7728
5710	Glendambo	SA	-30.9683	135.7502
5710	Nonning	SA	-32.5	136.5
5713	Pernatty	SA	-33.892	137.903
5713	Oakden Hills	SA	-33.892	137.903
5713	Mount Arden	SA	-33.892	137.903
5713	Lake Torrens Station	SA	-33.892	137.903
5713	South Gap	SA	-33.5241	138.0404
5713	Yadlamalka	SA	-33.892	137.903
5713	Wintabatinyana	SA	-33.892	137.903
5713	Kootaberra	SA	-33.892	137.903
5713	Wallerberdina	SA	-33.892	137.903
5713	Lake Torrens	SA	-33.892	137.903
5713	Emeroo	SA	-32.3448	137.8646
5713	Island Lagoon	SA	-35.807	137.8039
5713	Wilkatana Station	SA	-33.892	137.903
5715	Yudnapinna	SA	-32.2125	136.5539
5715	Yalymboo	SA	-32.2125	136.5539
5715	Wartaka	SA	-32.2125	136.5539
5715	Pandurra	SA	-32.2125	136.5539
5715	Carriewerloo	SA	-32.2125	136.5539
5715	Lincoln Gap	SA	-32.2125	136.5539
5715	Illeroo	SA	-32.2125	136.5539
5521	Redhill	SA	-33.5333	138.2333
5081	Vale Park	SA	-34.886	138.6271
5081	Gilberton	SA	-34.9005	138.6126
5081	Walkerville	SA	-34.8919	138.6171
5081	Medindie	SA	-34.896	138.605
5081	Medindie Gardens	SA	-34.8909	138.6039
5081	Collinswood	SA	-34.8873	138.6122
5275	Taratap	SA	-36.883	139.8637
5275	Keilira	SA	-36.7167	140.15
5275	Wangolina	SA	-36.9625	139.759
5275	Reedy Creek	SA	-36.95	140.0167
5275	Kingston Se	SA	-36.8307	139.8522
5275	Tilley Swamp	SA	-36.883	139.8637
5275	Boatswain Point	SA	-37.0709	139.7457
5275	Rosetown	SA	-36.8209	139.856
5275	West Range	SA	-36.7201	139.8701
5275	Wyomi	SA	-36.8578	139.8281
5275	Cape Jaffa	SA	-36.9455	139.6982
5275	Pinks Beach	SA	-36.8728	139.8194
5275	Mount Benson	SA	-37.0833	139.7833
5275	Blackford	SA	-36.7667	140.0167
5275	Sandy Grove	SA	-36.8816	139.8321
5094	Cavan	SA	-34.8291	138.5985
5094	Dry Creek	SA	-34.8281	138.5547
5094	Gepps Cross	SA	-34.8415	138.5956
5095	Pooraka	SA	-34.8247	138.6264
5095	Mawson Lakes	SA	-34.8159	138.6081
5095	The Levels	SA	-34.8203	138.6172
5106	Salisbury South Bc	SA	-34.7847	138.6427
5106	Parafield Airport	SA	-34.7847	138.6427
5106	Parafield	SA	-34.789	138.6374
5106	Salisbury South Dc	SA	-34.7847	138.6427
5106	Salisbury South	SA	-34.7805	138.648
5107	Green Fields	SA	-34.8006	138.6067
5107	Parafield Gardens	SA	-34.7825	138.6108
5108	Salisbury North	SA	-34.7496	138.6206
5108	Salisbury Downs	SA	-34.7677	138.6221
5108	Paralowie	SA	-34.7571	138.6082
5108	Salisbury North Whites Road	SA	-34.7602	138.6211
5108	Salisbury	SA	-34.7667	138.6333
5111	Edinburgh	SA	-34.7462	138.6375
5111	Edinburgh Raaf	SA	-34.7462	138.6375
5112	Hillbank	SA	-34.7359	138.6872
5112	Elizabeth Vale	SA	-34.7486	138.6682
5112	Elizabeth East	SA	-34.7251	138.6821
5112	Elizabeth	SA	-34.72	138.67
5112	Elizabeth South	SA	-34.7318	138.6619
5112	Elizabeth Grove	SA	-34.7353	138.6689
5120	Riverlea Park	SA	-34.6758	138.551
5120	Virginia	SA	-34.6663	138.5603
5120	Buckland Park	SA	-34.6853	138.5417
5125	Golden Grove	SA	-34.7833	138.7333
5125	Golden Grove Village	SA	-34.7745	138.7236
5125	Greenwith	SA	-34.7657	138.7138
5303	Parilla	SA	-35.3	140.6667
5307	Karte	SA	-35.0667	140.7
5307	Marama	SA	-35.1833	140.1833
5307	Karoonda	SA	-35.0945	139.8934
5307	Lowaldie	SA	-35.0519	139.991
5307	Kulkami	SA	-35.1667	140.2833
5307	Mootatunga	SA	-34.9614	140.8416
5607	Little Douglas	SA	-34.5446	135.3945
5607	Coomunga	SA	-34.6437	135.7074
5607	Mitchell	SA	-35.0103	138.5627
5607	Venus Bay	SA	-33.2333	134.6833
5607	Tulka North	SA	-34.4202	135.8125
5607	Port Lincoln	SA	-34.7263	135.8744
5607	Fountain	SA	-34.6	135.6333
5607	Warunda	SA	-34.4202	135.8125
5607	Point Boston	SA	-34.6238	135.9264
5607	Pearlah	SA	-34.5934	135.6761
5607	Tulka	SA	-34.7942	135.7999
5607	Mount Hope	SA	-34.1167	135.3833
5607	Kiana	SA	-34.4202	135.8125
5607	Green Patch	SA	-34.4202	135.8125
5607	Whites River	SA	-34.4953	135.929
5607	Boston	SA	-34.4202	135.8125
5607	Wangary	SA	-34.55	135.4833
5607	Wanilla	SA	-34.5	135.6833
5607	Brooker	SA	-34.1	135.9
5607	Lipson	SA	-34.3014	136.1569
5607	Sheringa	SA	-33.8443	135.2321
5607	North Shields	SA	-34.6286	135.8622
5607	Yallunda Flat	SA	-34.3475	135.8787
5607	Tootenilla	SA	-34.6451	135.8055
5607	Duck Ponds	SA	-34.7333	135.7833
5607	Mount Dutton Bay	SA	-34.5312	135.4355
5607	Hawson	SA	-34.6887	135.7905
5607	Louth Bay	SA	-34.5338	135.9057
5607	Charlton Gully	SA	-34.55	135.8035
5607	Moody	SA	-34.4202	135.8125
5607	Poonindie	SA	-34.5813	135.881
5607	Warrow	SA	-34.3333	135.4667
5607	Coulta	SA	-34.3833	135.4667
5607	Horse Peninsula	SA	-34.4202	135.8125
5607	Whites Flat	SA	-34.5122	135.8532
5607	Murdinga	SA	-33.7167	135.7167
5607	Koppio	SA	-34.4167	135.85
5607	Uley	SA	-34.4202	135.8125
5607	Mount Drummond	SA	-34.218	135.4092
5607	Karkoo	SA	-34.0328	135.7293
5607	Sullivan	SA	-35.1188	138.4734
5607	Tiatukia	SA	-34.659	135.8361
5607	Tooligie	SA	-33.85	135.7
5607	Coffin Bay	SA	-34.5805	135.3203
5607	Peachna	SA	-33.7667	135.7167
5607	Sleaford	SA	-34.8144	135.7438
5607	Lincoln National Park	SA	-34.8341	135.856
5607	Kellidie Bay	SA	-34.5905	135.4671
5607	Warrachie	SA	-33.65	135.7167
5607	Farm Beach	SA	-34.4962	135.3967
5607	Ungarra	SA	-34.1801	136.0481
5660	Chilpenunda	SA	-32.5833	134.7167
5660	Cungena	SA	-32.5833	134.7167
5268	Cangara	SA	-36.3618	140.7575
5268	Bordertown South	SA	-36.4294	140.6883
5268	Pooginagoric	SA	-36.4333	140.8333
5268	Senior	SA	-36.1442	140.8459
5268	Western Flat	SA	-36.5684	140.7046
5268	Bangham	SA	-36.5827	140.8788
5268	Bordertown	SA	-36.3077	140.7717
5268	Cannawigara	SA	-36.25	140.6667
5268	Lowan Vale	SA	-36.1788	140.6703
5269	Pine Hill	SA	-36.4222	140.9111
5269	Custon	SA	-36.45	140.9167
5269	Wolseley	SA	-36.3667	140.9
5270	Carew	SA	-36.3779	140.592
5270	Swede Flat	SA	-36.3779	140.592
5270	Mundulla	SA	-36.3667	140.6833
5270	Mundulla West	SA	-36.42	140.6357
5270	Buckingham	SA	-36.3444	140.5818
5270	Kongal	SA	-36.3805	140.4671
5086	Greenacres	SA	-34.8685	138.628
5086	Oakden	SA	-34.8528	138.6433
5086	Manningham	SA	-34.8778	138.6221
5086	Gilles Plains	SA	-34.85	138.65
5086	Hampstead Gardens	SA	-34.8745	138.6288
5086	Hillcrest	SA	-34.8625	138.6431
5089	Highbury	SA	-34.8529	138.6975
5090	Hope Valley	SA	-34.8333	138.7
5091	Vista	SA	-34.8355	138.7232
5091	Tea Tree Gully	SA	-34.8167	138.7333
5091	Banksia Park	SA	-34.8102	138.7357
5092	Modbury	SA	-34.8333	138.6833
5092	Modbury Heights	SA	-34.8097	138.6854
5092	Modbury North Dc	SA	-34.8238	138.6809
5092	Modbury North	SA	-34.8285	138.6739
5093	Valley View	SA	-34.8399	138.6607
5093	Para Vista	SA	-34.8209	138.6611
5096	Gulfview Heights	SA	-34.7955	138.6694
5096	Para Hills	SA	-34.8121	138.658
5096	Para Hills West	SA	-34.8047	138.6428
5097	Redwood Park	SA	-34.8116	138.7069
5097	St Agnes	SA	-34.8308	138.7107
5097	Ridgehaven	SA	-34.8213	138.7047
5109	Brahma Lodge	SA	-34.776	138.6531
5109	Salisbury Park	SA	-34.7615	138.6703
5109	Salisbury East Northbri Ave	SA	-34.7728	138.6634
5109	Salisbury Heights	SA	-34.7631	138.6759
5109	Salisbury Plain	SA	-34.7726	138.6633
5109	Salisbury East	SA	-34.7905	138.6545
5126	Fairview Park	SA	-34.8	138.7286
5126	Surrey Downs	SA	-34.7995	138.7115
5126	Yatala Vale	SA	-34.7933	138.7402
5127	Wynn Vale	SA	-34.7994	138.6871
5131	Upper Hermitage	SA	-34.7964	138.7589
5131	Houghton	SA	-34.8287	138.7615
5131	Lower Hermitage	SA	-34.8125	138.7602
5132	Paracombe	SA	-34.8488	138.78
5260	Tailem Bend	SA	-35.2523	139.4555
5260	Bayah	SA	-34.61	140.3042
5260	Elwomple	SA	-35.2888	139.5467
5261	Ki Ki	SA	-35.5833	139.8
5261	Coomandook	SA	-35.4735	139.6963
5261	Culburra	SA	-35.8134	139.9649
5261	Cooke Plains	SA	-35.3797	139.5617
5261	Yumali	SA	-35.5084	139.7578
5265	Field	SA	-35.8224	139.6652
5265	Coonalpyn	SA	-35.6942	139.8578
5266	Tintinara	SA	-35.8871	140.0565
5266	Deepwater	SA	-36.0037	139.9243
5266	Bunbury	SA	-36.1667	139.9833
5266	Colebatch	SA	-35.9572	139.733
5267	Keith	SA	-36.0991	140.3531
5267	Petherick	SA	-36.3573	140.1516
5267	Wirrega	SA	-36.2064	140.5831
5267	Makin	SA	-35.9798	140.5169
5267	Willalooka	SA	-36.3935	140.3081
5267	Brimbago	SA	-36.1886	140.4896
5267	Mount Charles	SA	-36.1278	140.4299
5267	Sherwood	SA	-36.1278	140.4299
5267	Mccallum	SA	-35.98	140.665
5267	Laffer	SA	-36.1782	140.1509
5267	Shaugh	SA	-35.9335	140.8612
5267	Coombe	SA	-35.962	140.2192
5302	Ngarkat	SA	-35.2825	140.4406
5302	Lameroo	SA	-35.329	140.5167
5302	Smithville	SA	-35.2361	140.3645
5603	Arno Bay	SA	-33.9	136.5667
5603	Wharminda	SA	-33.9538	136.2458
5603	Hincks	SA	-33.9269	136.4062
5603	Verran	SA	-33.9269	136.4062
5605	Tumby Bay	SA	-34.3773	136.1007
5605	Butler	SA	-34.1167	136.1
5631	Cockaleechie	SA	-34.264	135.726
5631	Cummins	SA	-34.264	135.726
5034	Millswood	SA	-34.955	138.5889
5034	Clarence Park	SA	-34.9642	138.5806
5034	Kings Park	SA	-34.9638	138.5909
5034	Wayville	SA	-34.9447	138.5913
5034	Goodwood	SA	-34.9509	138.5923
5061	Unley Bc	SA	-34.9569	138.6053
5061	Unley Park	SA	-34.9639	138.6078
5061	Malvern	SA	-34.9592	138.6125
5061	Unley	SA	-34.95	138.6
5061	Unley Dc	SA	-34.9569	138.6053
5061	Hyde Park	SA	-34.9547	138.6011
5453	Spring Farm	SA	-33.8706	138.6024
5453	Emu Flat	SA	-33.8706	138.6024
5453	Polish Hill River	SA	-33.8853	138.6713
5453	Penwortham	SA	-33.9232	138.6417
5453	Sevenhill	SA	-33.8896	138.6278
5453	Boconnoc Park	SA	-33.8706	138.6024
5453	Spring Gully	SA	-33.8706	138.6024
5453	Gillentown	SA	-33.878	138.6123
5453	Kybunga	SA	-33.9316	138.5167
5453	Hill River	SA	-33.8853	138.6713
5453	Stanley Flat	SA	-33.787	138.6034
5453	Armagh	SA	-33.825	138.5748
5453	Clare	SA	-33.8332	138.6106
5453	Benbournie	SA	-33.8072	138.5432
5453	Barinia	SA	-33.7679	138.6051
5453	Hoyleton	SA	-34.0333	138.55
5462	Blyth	SA	-33.8486	138.4893
5501	Wild Horse Plains	SA	-34.3601	138.2933
5501	Windsor	SA	-34.4219	138.3308
5501	Middle Beach	SA	-34.5987	138.4432
5501	Calomba	SA	-34.3936	138.4194
5501	Long Plains	SA	-34.359	138.3783
5501	Port Gawler	SA	-34.6417	138.4753
5501	Avon	SA	-34.2839	138.336
5501	Thompson Beach	SA	-34.4846	138.2801
5501	Webb Beach	SA	-34.4442	138.262
5501	Parham	SA	-34.4296	138.2601
5501	Lower Light	SA	-34.5326	138.437
5501	Lewiston	SA	-34.6045	138.5913
5501	Dublin	SA	-34.45	138.35
5501	Two Wells	SA	-34.5933	138.5137
5502	Grace Plains	SA	-34.3741	138.4922
5502	Korunye	SA	-34.5124	138.5102
5502	Fischer	SA	-34.5012	138.6212
5502	Reeves Plains	SA	-34.5167	138.6
5502	Redbanks	SA	-34.4833	138.5667
5502	Mallala	SA	-34.4374	138.5099
5510	Lochiel	SA	-33.9333	138.1667
5560	Ninnes	SA	-33.9691	138.0237
5560	Bute	SA	-33.8656	138.0066
5006	North Adelaide	SA	-34.9073	138.5914
5006	North Adelaide Melbourne St	SA	-34.9073	138.5914
5263	Coonawarra	SA	-37.2906	140.8344
5271	The Gap	SA	-36.9554	140.6979
5271	Wrattonbully	SA	-37.1613	140.9361
5271	Cadgee	SA	-36.9554	140.6979
5271	Spence	SA	-36.9554	140.6979
5271	Keppoch	SA	-36.7	140.5667
5271	Stewart Range	SA	-36.9554	140.6979
5271	Padthaway	SA	-36.5963	140.4996
5271	Joanna	SA	-37.1	140.8333
5271	Koppamurra	SA	-36.9554	140.6979
5271	Moyhall	SA	-37.0159	140.6777
5271	Wild Dog Valley	SA	-36.9554	140.6979
5271	Mount Light	SA	-36.9554	140.6979
5271	Lochaber	SA	-36.8333	140.5167
5271	Marcollat	SA	-36.9554	140.6979
5271	Bool Lagoon	SA	-37.1392	140.7218
5271	Struan	SA	-37.0945	140.791
5271	Naracoorte	SA	-36.9578	140.7383
5271	Laurie Park	SA	-36.9554	140.6979
5272	Coles	SA	-37.0754	140.3027
5272	Lucindale	SA	-36.9727	140.3701
5272	Woolumbool	SA	-36.781	140.3397
5272	Conmurra	SA	-37.15	140.2833
5272	Greenways	SA	-37.2327	140.1666
5272	Fox	SA	-37.2405	140.3539
5276	Nora Creina	SA	-37.3256	139.8523
5276	Robe	SA	-37.1639	139.7603
5276	Bray	SA	-37.2447	139.8063
5291	Mount Gambier East	SA	-37.8823	140.7058
5291	Caroline	SA	-37.8969	140.9214
5291	Allendale East	SA	-38.0037	140.7092
5291	Yahl	SA	-37.8667	140.8
5291	Glencoe	SA	-37.7	140.6167
5291	Blackfellows Caves	SA	-37.9467	140.4685
5291	Mount Gambier West	SA	-37.8823	140.7058
5291	Dismal Swamp	SA	-37.8823	140.7058
5291	Mount Gambier	SA	-37.8318	140.7792
5291	Mil Lel	SA	-37.76	140.8091
5291	Donovans	SA	-38.0111	140.9575
5291	Wye	SA	-37.9964	140.8777
5291	Burrungule	SA	-37.7809	140.574
5291	O B Flat	SA	-37.8823	140.7058
5291	Mingbool	SA	-37.8823	140.7058
5291	Pelican Point	SA	-37.8823	140.7058
5291	Cape Douglas	SA	-38.013	140.5816
5291	Nene Valley	SA	-37.9895	140.5204
5291	Canunda	SA	-37.8823	140.7058
5291	Carpenter Rocks	SA	-37.9102	140.3956
5291	Mil-Lel	SA	-37.76	140.8091
5291	Suttontown	SA	-37.8823	140.7058
5291	Square Mile	SA	-37.8823	140.7058
5291	Worrolong	SA	-37.8062	140.848
5291	Glenburnie	SA	-37.8394	140.8588
5291	Eight Mile Creek	SA	-37.8823	140.7058
5291	Ob Flat	SA	-37.9005	140.7923
5291	Moorak	SA	-37.8638	140.7426
5291	German Creek	SA	-37.829	140.4585
5291	Caveton	SA	-37.9602	140.8244
5291	Kongorong	SA	-37.9	140.55
5291	Port Macdonnell	SA	-38.0531	140.6996
5291	Compton	SA	-37.8151	140.6755
5291	Glencoe West	SA	-37.6667	140.5833
5291	Racecourse Bay	SA	-38.0549	140.7529
5291	Mount Schank	SA	-37.9399	140.7241
5291	Wandilo	SA	-37.7259	140.7257
5024	Fulham Gardens	SA	-34.9148	138.5132
5024	Fulham	SA	-34.9274	138.5137
5024	West Beach	SA	-34.946	138.5093
5031	Torrensville Plaza	SA	-34.9251	138.5681
5031	Thebarton	SA	-34.9167	138.5667
5031	Torrensville	SA	-34.9205	138.5615
5031	Mile End South	SA	-34.9369	138.5739
5031	Mile End	SA	-34.9265	138.5703
5032	Brooklyn Park	SA	-34.9285	138.5363
5032	Lockleys	SA	-34.9259	138.528
5032	Underdale	SA	-34.918	138.547
5033	Marleston Dc	SA	-34.9385	138.5597
5033	Cowandilla	SA	-34.9322	138.5593
5033	Hilton	SA	-34.932	138.5643
5033	Marleston	SA	-34.9476	138.5596
5033	Richmond	SA	-34.942	138.5632
5033	Hilton Plaza	SA	-34.9385	138.5597
5033	West Richmond	SA	-34.9387	138.5521
5035	Keswick	SA	-34.9418	138.5746
5035	Keswick Terminal	SA	-34.9411	138.5804
5035	Black Forest	SA	-34.9603	138.5767
5035	Forestville	SA	-34.9495	138.5785
5035	Everard Park	SA	-34.952	138.5748
5035	Ashford	SA	-34.9486	138.5746
5040	Novar Gardens	SA	-34.9663	138.5326
5045	Glenelg	SA	-34.9808	138.515
5045	Glenelg Jetty Road	SA	-34.9787	138.5191
5045	Glenelg North	SA	-34.9679	138.5175
5045	Glenelg East	SA	-34.9764	138.5296
5045	Glenelg South	SA	-34.9896	138.5143
5950	Adelaide Airport	SA	-34.9391	138.5341
5950	Export Park	SA	-34.9391	138.5341
5651	Kyancutta	SA	-33.1333	135.5667
5652	Pygery	SA	-33.0167	135.4167
5652	Paney	SA	-33.0334	135.4402
5652	Wudinna	SA	-33.0501	135.4638
5653	Yaninee	SA	-32.9462	135.2737
5172	Kyeema	SA	-35.2763	138.6731
5172	Yundi	SA	-35.3167	138.6333
5172	Kuitpo Colony	SA	-35.2876	138.6963
5172	Hope Forest	SA	-35.2833	138.6167
5172	Willunga Hill	SA	-35.2927	138.5825
5172	Kuitpo	SA	-35.2266	138.6861
5172	Montarra	SA	-35.2667	138.6167
5172	Whites Valley	SA	-35.2711	138.5221
5172	The Range	SA	-35.2463	138.6228
5172	Pages Flat	SA	-35.2741	138.6156
5172	Willunga South	SA	-35.2838	138.5548
5172	Willunga	SA	-35.2713	138.5542
5172	Dingabledinga	SA	-35.2672	138.6291
5174	Sellicks Hill	SA	-35.3296	138.4742
5174	Sellicks Beach	SA	-35.3387	138.4473
5203	Wattle Flat	SA	-35.428	138.3897
5203	Parawa	SA	-35.5614	138.3618
5203	Bald Hills	SA	-35.488	138.401
5203	Tunkalilla	SA	-35.4902	138.3738
5203	Torrens Vale	SA	-35.5167	138.3667
5203	Yankalilla	SA	-35.4571	138.3498
5204	Deep Creek	SA	-35.5176	138.2294
5204	Rapid Bay	SA	-35.5251	138.1893
5204	Cape Jervis	SA	-35.6036	138.1055
5204	Normanville	SA	-35.4462	138.3213
5204	Carrickalinga	SA	-35.4275	138.3244
5204	Silverton	SA	-35.5176	138.2294
5204	Second Valley	SA	-35.5311	138.2269
5204	Wirrina Cove	SA	-35.5066	138.2548
5204	Delamere	SA	-35.5833	138.1833
5204	Hay Flat	SA	-35.5176	138.2294
5210	Mount Magnificent	SA	-35.3462	138.6534
5210	Nangkita	SA	-35.3455	138.6865
5210	Mount Compass	SA	-35.3469	138.6203
5211	Encounter Bay	SA	-35.5742	138.6005
5211	Victor Harbor Central	SA	-35.5444	138.5712
5211	Yilki	SA	-35.5705	138.6052
5211	Willow Creek	SA	-35.5591	138.4315
5211	Victor Harbor	SA	-35.5504	138.6215
5211	Mccracken	SA	-35.5358	138.6312
5211	Mount Jagged	SA	-35.5444	138.5712
5211	Hayborough	SA	-35.5313	138.6504
5211	Chiton	SA	-35.5444	138.5712
5211	Lower Inman Valley	SA	-35.516	138.5679
5211	Inman Valley	SA	-35.4938	138.4563
5211	Waitpinga	SA	-35.5953	138.5126
5211	Hindmarsh Valley	SA	-35.5167	138.6167
5211	Back Valley	SA	-35.5453	138.5896
5552	Kainton	SA	-34.1233	137.9028
5552	Paskeville	SA	-34.0333	137.9
5552	Melton	SA	-34.0768	137.9457
5552	Sunnyvale	SA	-34.0768	137.9457
5552	Port Arthur	SA	-34.1476	138.0627
5552	Thrington	SA	-34.0131	137.8294
5552	Kulpara	SA	-34.0667	138.0333
5558	Kooroona	SA	-34.0902	137.5998
5558	Yelta	SA	-34.0616	137.6321
5558	Port Hughes	SA	-34.0833	137.55
5558	East Moonta	SA	-34.0843	137.6191
5558	Cross Roads	SA	-34.0613	137.6112
5558	Moonta Mines	SA	-34.0799	137.6093
5558	North Yelta	SA	-34.0616	137.6321
5558	Agery	SA	-34.1568	137.7429
5558	Nalyappa	SA	-34.0755	137.6134
5558	Hamley	SA	-34.0848	137.6007
5558	North Moonta	SA	-34.0529	137.5935
5558	Paramatta	SA	-34.0459	137.6266
5558	Moonta Bay	SA	-34.05	137.5667
5558	Moonta	SA	-34.0684	137.5908
5570	Price	SA	-34.2864	137.9943
5570	Clinton Centre	SA	-34.2333	137.9167
5570	Winulta	SA	-34.2763	137.8728
5570	Clinton	SA	-34.2551	137.9511
5570	Port Clinton	SA	-34.2243	138.0206
5571	Black Point	SA	-34.6095	137.8855
5571	Pine Point	SA	-34.5667	137.8667
5571	Rogues Point	SA	-34.494	137.8961
5571	Cunningham	SA	-34.4148	137.7995
5571	Petersville	SA	-34.4707	137.8796
5571	Dowlingville	SA	-34.327	137.9193
5571	Ardrossan	SA	-34.4222	137.9191
5571	Sandilands	SA	-34.5138	137.7932
5571	Tiddy Widdy Beach	SA	-34.4014	137.9402
5571	James Well	SA	-34.4873	137.8973
5572	Arthurton	SA	-34.2667	137.75
5572	Port Arthur	SA	-34.1476	138.0627
5575	Point Souttar	SA	-34.9027	137.2417
5575	Minlaton	SA	-34.771	137.5958
5575	White Hut	SA	-35.0731	136.9835
5575	Brentwood	SA	-34.8667	137.5
5575	Bluff Beach	SA	-34.7325	137.4807
5575	Hardwicke Bay	SA	-34.8888	137.458
5575	The Pines	SA	-34.9165	137.1605
5575	Stenhouse Bay	SA	-35.2833	136.9333
5575	Corny Point	SA	-34.9249	137.0812
5575	Port Julia	SA	-34.6667	137.8667
5575	Marion Bay	SA	-35.241	136.975
5575	Couch Beach	SA	-34.9095	137.1769
5575	Point Turton	SA	-34.9523	137.3565
5575	Parsons Beach	SA	-34.9033	137.3562
5575	Ramsay	SA	-34.9033	137.3562
5575	Wool Bay	SA	-34.9911	137.7567
5575	Koolywurtie	SA	-34.65	137.6333
5575	Port Rickaby	SA	-34.6833	137.5
5576	Honiton	SA	-35.1122	137.6448
5576	Yorketown	SA	-35.0185	137.6049
5576	Port Moorowie	SA	-35.1014	137.5253
5577	Inneston	SA	-35.275	136.8917
5577	Warooka	SA	-34.9903	137.4012
5577	Point Souttar	SA	-34.9027	137.2417
5577	Couch Beach	SA	-34.9095	137.1769
5577	Foul Bay	SA	-35.2223	137.1617
5577	The Pines	SA	-34.9165	137.1605
5580	Port Julia	SA	-34.6667	137.8667
5580	Curramulka	SA	-34.7	137.7
5581	Port Vincent	SA	-34.7798	137.8593
5581	Sheaoak Flat	SA	-34.7029	137.8759
5582	Stansbury	SA	-34.9111	137.799
5582	Port Giles	SA	-34.9111	137.799
5583	Sultana Point	SA	-35.1118	137.7532
5583	Coobowie	SA	-35.044	137.7311
5583	Edithburgh	SA	-35.0846	137.744
5264	Salt Creek	SA	-36.1397	139.6886
5264	Meningie West	SA	-35.8771	139.5136
5264	Policeman Point	SA	-36.0583	139.5931
5264	Meningie East	SA	-35.8771	139.5136
5264	Coorong	SA	-35.8771	139.5136
5264	Meningie	SA	-35.6864	139.3401
5264	Waltowa	SA	-35.624	139.4327
5330	Waikerie	SA	-34.1818	139.9855
5330	Holder	SA	-34.3267	140.0174
5330	Devlins Pound	SA	-34.1893	140.0862
5330	Stockyard Plain	SA	-34.1893	140.0862
5330	Overland Corner	SA	-34.1458	140.3343
5330	Holder Siding	SA	-34.1893	140.0862
5330	Pooginook	SA	-34.1705	140.0742
5330	Kanni	SA	-34.1893	140.0862
5330	Woolpunda	SA	-34.1893	140.0862
5330	Hawks Nest Station	SA	-34.1893	140.0862
5330	Taylorville Station	SA	-34.1893	140.0862
5330	Boolgun	SA	-34.4173	140.04
5330	Markaranka	SA	-34.0254	139.9822
5330	Taylorville	SA	-34.0989	139.9731
5330	Lowbank	SA	-34.1846	140.0735
5330	Wigley Flat	SA	-34.1776	140.2059
5330	Good Hope Landing	SA	-34.1648	140.1758
5340	Mundic Creek	SA	-34.2199	140.8104
5340	Paringa	SA	-34.1764	140.7858
5340	Murtho	SA	-34.068	140.8368
5340	Pike River	SA	-34.2641	140.7933
5340	Yamba	SA	-34.2623	140.8589
5340	Wonuarra	SA	-34.2156	140.8435
5341	Calperum Station	SA	-34.148	140.7427
5341	Chowilla	SA	-33.899	140.921
5341	Crescent	SA	-34.148	140.7427
5341	Chaffey	SA	-34.0934	140.7065
5341	Renmark South	SA	-34.2213	140.7371
5341	Calperum	SA	-34.2178	140.6803
5341	Old Calperum	SA	-34.2178	140.6803
5341	Renmark	SA	-34.177	140.747
5341	Cooltong	SA	-34.1006	140.6737
5341	Renmark North	SA	-34.1255	140.7127
5341	Yamba	SA	-34.2623	140.8589
5341	Renmark West	SA	-34.1653	140.7097
5342	Monash	SA	-34.2384	140.5613
5345	Spectacle Lake	SA	-34.2695	140.4474
5345	Barmera	SA	-34.2556	140.4615
5345	Loveday	SA	-34.2833	140.4333
5417	Mongolata	SA	-33.5667	139.1
5417	Booborowie	SA	-33.5667	138.75
5417	Burra Eastern Districts	SA	-33.6354	139.2472
5417	Leighton	SA	-33.65	138.75
5417	Danggali	SA	-33.6181	138.9551
5417	Koonoona	SA	-33.6181	138.9551
5417	Hanson	SA	-33.6181	138.9551
5417	Pine Valley Station	SA	-33.6181	138.9551
5417	Faraway Hill	SA	-33.6181	138.9551
5417	Oakvale Station	SA	-33.6181	138.9551
5417	Bunyung	SA	-33.6181	138.9551
5417	Baldina	SA	-33.6181	138.9551
5417	Burra	SA	-33.6717	138.9283
5417	Sturt Vale	SA	-33.6181	138.9551
5417	Gluepot	SA	-33.6181	138.9551
5417	North Booborowie	SA	-33.6181	138.9551
5417	Quondong	SA	-33.6181	138.9551
5417	Balah	SA	-33.6181	138.9551
5417	Old Koomooloo	SA	-33.6181	138.9551
5417	Gum Creek	SA	-33.6181	138.9551
5417	Warnes	SA	-33.6181	138.9551
5417	Canegrass	SA	-33.6181	138.9551
5417	Parcoola	SA	-33.6181	138.9551
5431	Johnburg	SA	-32.6469	138.6023
5431	Wallaway	SA	-32.6469	138.6023
5431	North Hills	SA	-32.6469	138.6023
5431	Minburra	SA	-32.5034	138.9904
5431	Minburra Station	SA	-32.6469	138.6023
5431	Tarcowie	SA	-32.95	138.5167
5431	Coomooroo	SA	-32.6477	138.5098
5431	Hammond	SA	-32.5167	138.3167
5431	Morchard	SA	-32.7167	138.5
5431	Black Rock	SA	-32.8333	138.7
5431	Willowie	SA	-32.6833	138.3333
5431	Minburra Plain	SA	-32.5034	138.9904
5431	Amyton	SA	-32.6	138.3333
5431	Walloway	SA	-32.6333	138.5833
5431	Johnburgh	SA	-32.45	138.7
5431	Pekina	SA	-32.8333	138.55
5431	Eurelia	SA	-32.55	138.5667
5431	Yalpara	SA	-32.548	138.83
5431	Orroroo	SA	-32.7344	138.6139
5434	Barndioota	SA	-31.8053	138.2642
5434	Prelinna	SA	-31.8467	138.3446
5434	Worumba	SA	-31.8467	138.3446
5434	Hawker	SA	-31.8881	138.425
5434	Flinders Ranges	SA	-31.8467	138.3446
5434	Kanyaka	SA	-31.8467	138.3446
5434	Upalinna	SA	-31.8467	138.3446
5434	Willow Springs	SA	-31.8467	138.3446
5434	Black Hill Station	SA	-31.8467	138.3446
5434	Shaggy Ridge	SA	-31.8467	138.3446
5434	Mount Havelock	SA	-31.8467	138.3446
5573	Chinamen Wells	SA	-34.4246	137.5804
5573	Balgowan	SA	-34.3181	137.5204
5573	Wauraltee	SA	-34.5833	137.55
5573	Maitland	SA	-34.3739	137.6733
5573	Point Pearce	SA	-34.4246	137.5804
5573	Urania	SA	-34.511	137.6064
5573	Port Victoria	SA	-34.496	137.4827
5573	Yorke Valley	SA	-34.4742	137.6773
5573	Weetulta	SA	-34.25	137.6333
5573	Chinaman Wells	SA	-34.3811	137.4805
5573	South Kilkerran	SA	-34.4333	137.6
5600	Whyalla	SA	-33.0327	137.5648
5600	Whyalla Playford	SA	-33.0279	137.562
5600	Whyalla Dc	SA	-33.0185	137.4318
5600	Iron Baron	SA	-32.9951	137.1686
5601	Iron Knob	SA	-32.733	137.151
5601	Fitzgerald Bay	SA	-32.907	137.7548
5601	Whyalla Barson	SA	-33.0018	137.5744
5601	Point Lowly North	SA	-32.9135	137.6723
5601	Point Lowly	SA	-32.9976	137.7848
5601	Backy Point	SA	-32.9123	137.7871
5601	Douglas Point South	SA	-32.8547	137.8064
5601	False Bay	SA	-32.9698	137.6103
5601	Port Bonython	SA	-32.9907	137.7754
5601	Douglas Point	SA	-32.8547	137.8064
5606	Wedge Island	SA	-35.1546	136.4589
5606	Kirton Point	SA	-34.869	136.0692
5606	Port Lincoln	SA	-34.7263	135.8744
5606	Port Lincoln South	SA	-34.7263	135.8744
5608	Whyalla Norrie East	SA	-33.0886	137.4755
5608	Whyalla Norrie	SA	-33.029	137.5392
5608	Whyalla Norrie North	SA	-33.0886	137.4755
5608	Whyalla Stuart	SA	-33.0249	137.5247
5608	Mullaquana	SA	-33.2118	137.3627
5609	Whyalla Jenkins	SA	-33.0221	137.5127
5609	Cowleds Landing	SA	-33.0221	137.5127
5609	Middleback Range	SA	-33.0221	137.5127
5609	Murninnie Beach	SA	-33.0221	137.5127
5641	Cortlinye	SA	-33.0167	136.3333
5641	Bungeroo	SA	-33.1177	136.3356
5641	Yeltana	SA	-33.1177	136.3356
5641	Buckleboo	SA	-32.9167	136.2
5641	Cunyarie	SA	-32.9387	136.2799
5641	Kelly	SA	-33.2366	136.481
5641	Yalanda	SA	-33.2764	136.7046
5641	Pinkawillinie	SA	-32.9765	135.8859
5641	Wilcherry	SA	-33.1177	136.3356
5641	Barna	SA	-33.1177	136.3356
5641	Panitya	SA	-33.1177	136.3356
5641	Kimba	SA	-33.1416	136.4187
5641	Caralue	SA	-33.3667	136.2
5641	Solomon	SA	-33.2238	136.3362
5641	Moseley	SA	-33.0833	136.5167
5650	Warramboo	SA	-33.2333	135.6
5650	Koongawa	SA	-33.1667	135.8833
5650	Cootra	SA	-33.2689	135.943
5655	Bockelberg	SA	-32.7724	135.048
5655	Lockes Claypan	SA	-32.7724	135.048
5655	Narlaby	SA	-32.7724	135.048
5655	Pygery	SA	-33.0167	135.4167
5655	Gawler Ranges	SA	-32.7724	135.048
5655	Poochera	SA	-32.7167	134.85
5655	Kaldoonera	SA	-32.5839	134.8774
5680	Mudamuckla	SA	-32.1584	134.0438
5680	Eba Anchorage	SA	-32.6841	134.2854
5680	Inkster	SA	-32.9247	134.6703
5680	Carawa	SA	-32.325	134.1979
5680	Puntabie	SA	-32.2036	134.1281
5680	Maryvale	SA	-32.8701	134.4209
5680	Streaky Bay	SA	-32.7955	134.2093
5680	Petina	SA	-32.4765	134.3969
5680	Westall	SA	-32.9182	134.0928
5680	Perlubie	SA	-32.6532	134.2929
5680	Pureba	SA	-32.018	134.458
5680	Pinjarra Station	SA	-32.5502	134.2555
5680	Smoky Bay	SA	-32.3784	133.934
5680	Yanerbie	SA	-32.9298	134.1412
5680	Sceale Bay	SA	-33.0167	134.2
5680	Chinbingina	SA	-32.2167	134.2
5680	Haslam	SA	-32.4609	134.2232
5680	Piednippie	SA	-32.734	134.3704
5680	Nunjikompita	SA	-32.2691	134.3383
5680	Chandada	SA	-32.7548	134.6731
5680	Laura Bay	SA	-32.2167	133.8333
5719	Mulgathing	SA	-30.9427	135.5329
5719	Bulgunnia	SA	-30.9427	135.5329
5719	Lake Harris	SA	-30.9427	135.5329
5719	Wirraminna	SA	-30.9427	135.5329
5719	Commonwealth Hill	SA	-30.9427	135.5329
5719	Bon Bon	SA	-30.9427	135.5329
5719	Wilgena	SA	-30.9427	135.5329
5719	Coondambo	SA	-30.9427	135.5329
5719	Kingoonya	SA	-30.9172	135.3157
5719	Glendambo	SA	-30.9683	135.7502
5720	Woomera	SA	-31.1998	136.8326
5720	Millers Creek	SA	-30.0042	136.0471
5720	Arcoona	SA	-30.8204	136.5581
5720	Bosworth	SA	-30.8204	136.5581
5720	Purple Downs	SA	-30.8204	136.5581
5720	Parakylia	SA	-30.8204	136.5581
5720	Pimba	SA	-31.2572	136.7947
5720	Stuarts Creek	SA	-30.8204	136.5581
5720	Mount Vivian	SA	-30.8204	136.5581
5720	Mount Eba	SA	-30.8204	136.5581
5720	Billa Kalina	SA	-30.8204	136.5581
5722	Andamooka Station	SA	-30.4481	137.1656
5722	Andamooka	SA	-30.4481	137.1656
5723	Anna Creek	SA	-28.72	135.3644
5723	William Creek	SA	-28.9044	136.3515
5723	Wintinna	SA	-28.72	135.3644
5723	Arckaringa	SA	-28.72	135.3644
5723	Ingomar	SA	-28.72	135.3644
5723	Mabel Creek	SA	-28.72	135.3644
5723	Mcdouall Peak	SA	-28.72	135.3644
5723	Mount Barry	SA	-28.2414	134.9866
5723	Coober Pedy	SA	-29.0141	134.755
5723	Nilpinna Station	SA	-28.72	135.3644
5723	Mount Clarence Station	SA	-28.72	135.3644
5723	Evelyn Downs	SA	-28.72	135.3644
5723	Allandale Station	SA	-28.72	135.3644
5723	Mount Willoughby	SA	-28.72	135.3644
5724	Marla	SA	-27.2997	133.6225
5724	Welbourn Hill	SA	-27.305	133.4595
5724	Mintabie	SA	-27.3103	133.2966
5725	Roxby Downs	SA	-30.5631	136.8955
5725	Olympic Dam	SA	-30.4468	136.8668
5725	Roxby Downs Station	SA	-30.5049	136.8811
5730	Narrina	SA	-30.9664	138.4985
5730	Angorigina	SA	-30.9664	138.4985
5730	Alpana	SA	-30.9664	138.4985
5730	Mount Falkland	SA	-30.9664	138.4985
5730	Parachilna	SA	-31.1417	138.3958
5730	Nilpena	SA	-30.9853	138.3546
5730	Oratunga Station	SA	-30.9664	138.4985
5730	Wirrealpa	SA	-30.9664	138.4985
5730	Puttapa	SA	-30.9664	138.4985
5730	Moolooloo	SA	-30.9664	138.4985
5730	Beltana	SA	-30.8143	138.4152
5730	Gum Creek Station	SA	-30.9664	138.4985
5730	Moorillah	SA	-30.9664	138.4985
5730	Motpena	SA	-30.9664	138.4985
5730	Ediacara	SA	-30.9664	138.4985
5730	Beltana Station	SA	-30.9664	138.4985
5730	Blinman	SA	-31.1174	138.6896
5730	Warraweena	SA	-30.7731	138.6375
5731	Leigh Creek Station	SA	-29.7456	138.9461
5731	Lyndhurst	SA	-30.2879	138.3493
5731	Farina	SA	-30.0665	138.2847
5731	Innamincka	SA	-27.7434	140.7393
5731	Witchelina	SA	-29.876	138.1675
5731	Moolawatana	SA	-29.9067	139.7353
5731	Cordillo Downs	SA	-29.7456	138.9461
5731	Farina Station	SA	-29.7456	138.9461
5731	Coopers Creek	SA	-29.7456	138.9461
5731	Mulgaria	SA	-29.7456	138.9461
5731	Murnpeowie	SA	-29.7456	138.9461
5731	Lindon	SA	-29.7456	138.9461
5731	Merty Merty	SA	-29.7456	138.9461
5731	Mount Freeling	SA	-29.7456	138.9461
5731	Strzelecki Desert	SA	-29.7456	138.9461
5731	Mount Lyndhurst	SA	-29.7456	138.9461
5731	Myrtle Springs	SA	-29.7456	138.9461
5731	Bollards Lagoon	SA	-29.7456	138.9461
5731	Durham Downs	SA	-29.7456	138.9461
5731	Leigh Creek	SA	-30.5931	138.4003
5731	Gidgealpa	SA	-29.7456	138.9461
5732	Gammon Ranges	SA	-30.3354	139.1148
5732	Moolawatana	SA	-29.9067	139.7353
5732	Manners Well	SA	-30.3354	139.1148
5732	Arkaroola	SA	-30.3116	139.3356
5732	Wooltana	SA	-30.3354	139.1148
5732	North Moolooloo	SA	-30.3354	139.1148
5732	Angepena	SA	-30.3354	139.1148
5732	Umberatana	SA	-30.3354	139.1148
5732	Copley	SA	-30.5599	138.4213
5732	Burr Well	SA	-30.3354	139.1148
5732	Pinda Springs	SA	-30.3354	139.1148
5732	Wertaloona	SA	-30.3354	139.1148
5732	Mount Serle	SA	-30.3354	139.1148
5732	Mulga View	SA	-30.3354	139.1148
5732	Yankaninna	SA	-30.3354	139.1148
5732	Nepabunna	SA	-30.5635	138.967
5733	Kalamurina	SA	-27.9167	137.9833
5733	Mungeranie	SA	-28.0189	138.6642
5733	Cowarie	SA	-27.7058	138.328
5733	Farina	SA	-30.0665	138.2847
5733	Clifton Hills Station	SA	-28.6187	138.3308
5733	Marree Station	SA	-28.6187	138.3308
5733	Mulka	SA	-28.3534	138.6536
5733	Marree	SA	-29.6512	138.071
5733	Mundowdna	SA	-28.6187	138.3308
5733	Pandie Pandie	SA	-28.6187	138.3308
5733	Etadunna	SA	-28.6187	138.3308
5733	Dulkaninna	SA	-28.6187	138.3308
5733	Callanna	SA	-28.6187	138.3308
5733	Clayton Station	SA	-28.6187	138.3308
5733	Lake Eyre	SA	-28.6187	138.3308
5733	Muloorina	SA	-28.6187	138.3308
5733	Alton Downs Station	SA	-28.6187	138.3308
5734	Mount Sarah	SA	-27.5514	135.4491
5734	Simpson Desert	SA	-27.5514	135.4491
5734	Eringa	SA	-27.5514	135.4491
5734	Crown Point	SA	-27.5514	135.4491
5734	Witjira	SA	-27.5514	135.4491
5734	Macumba	SA	-27.5514	135.4491
5734	Oodnadatta	SA	-27.5514	135.4491
5734	Todmorden	SA	-27.5514	135.4491
0872	Kanpi	SA	-22.2019	133.143
0872	Ernabella	SA	-22.2019	133.143
0872	Indulkana	SA	-22.2019	133.143
0872	Fregon	SA	-22.2019	133.143
0872	Mimili	SA	-22.2019	133.143
0872	Iwantja	SA	-22.2019	133.143
0872	Murputja	SA	-22.2019	133.143
0872	Indulkana (Iwantja)	SA	-22.2019	133.143
0872	Nyapari	SA	-22.2019	133.143
0872	Kaltjiti	SA	-22.2019	133.143
0872	Lambina	SA	-22.2019	133.143
0872	Pukatja	SA	-22.2019	133.143
0872	Umuwa	SA	-22.2019	133.143
0872	Watarru	SA	-22.2019	133.143
0872	Ayers Range South	SA	-22.2019	133.143
0872	De Rose Hill	SA	-22.2019	133.143
0872	Yunyarinyi	SA	-22.2019	133.143
0872	Ernabella (Pukatja)	SA	-22.2019	133.143
0872	Watinuma	SA	-22.2019	133.143
0872	Pipalyatjara	SA	-22.2019	133.143
0872	Tieyon	SA	-22.2019	133.143
0872	Kalka	SA	-22.2019	133.143
7256	Surprise Bay	TAS	-39.887	143.9973
7256	Pearshape	TAS	-39.887	143.9973
7256	Naracoopa	TAS	-39.9276	144.1229
7256	Bungaree	TAS	-39.887	143.9973
7256	Grassy	TAS	-40.0492	144.0561
7256	Egg Lagoon	TAS	-39.6524	143.9701
7256	Wickham	TAS	-39.887	143.9973
7256	Yambacoona	TAS	-39.7042	143.9306
7256	Pegarah	TAS	-39.9239	144.1048
7256	Reekara	TAS	-39.7553	143.9175
7256	Lymwood	TAS	-40.0933	143.9999
7256	Sea Elephant	TAS	-39.8286	144.1111
7256	Currie	TAS	-39.9298	143.8538
7256	Nugara	TAS	-39.9316	143.8922
7256	Loorana	TAS	-39.8389	143.8958
7256	Yarra Creek	TAS	-40.0096	144.1128
7212	Blessington	TAS	-41.4848	147.4226
7212	Evandale	TAS	-41.5686	147.2527
7212	Western Junction	TAS	-41.5543	147.2282
7212	Deddington	TAS	-41.6024	147.4272
7212	Upper Blessington	TAS	-41.4591	147.5922
7212	Nile	TAS	-41.6454	147.3301
7212	Burns Creek	TAS	-41.44	147.47
7212	Ben Lomond	TAS	-41.5364	147.389
7216	Binalong Bay	TAS	-41.2511	148.3117
7216	Lottah	TAS	-41.2258	148.0324
7216	St Helens	TAS	-41.3203	148.2389
7216	The Gardens	TAS	-41.2505	148.1852
7216	Akaroa	TAS	-41.2885	148.3409
7216	Goshen	TAS	-41.2721	148.1054
7216	Goulds Country	TAS	-41.2422	148.056
7216	Ansons Bay	TAS	-41.0412	148.2626
7216	Pyengana	TAS	-41.2918	148.0127
7216	Stieglitz	TAS	-41.3217	148.3058
7264	Mount William	TAS	-40.9221	148.2129
7264	Gladstone	TAS	-40.9593	148.0094
7264	Weldborough	TAS	-41.1938	147.9067
7264	Eddystone	TAS	-40.9969	148.3164
7264	Pioneer	TAS	-41.0477	148.0114
7264	Musselroe Bay	TAS	-40.8803	148.1374
7264	Derby	TAS	-41.1489	147.8025
7264	Telita	TAS	-41.1299	147.7615
7264	Herrick	TAS	-41.1002	147.8826
7264	Cape Portland	TAS	-41.0477	148.0114
7264	South Mount Cameron	TAS	-41.0246	147.9639
7264	Boobyalla	TAS	-41.0477	148.0114
7264	Eddystone Point	TAS	-41.0477	148.0114
7264	Moorina	TAS	-41.1275	147.8695
7264	Ansons Bay	TAS	-41.0412	148.2626
7264	Rushy Lagoon	TAS	-41.0477	148.0114
7316	Penguin	TAS	-41.1226	146.0732
7316	Howth	TAS	-41.0968	146.0123
7316	Heybridge	TAS	-41.0806	145.9859
7316	West Pine	TAS	-41.1532	145.9994
7316	Riana	TAS	-41.2159	145.9974
7316	South Riana	TAS	-41.244	145.9823
7316	Cuprona	TAS	-41.1398	145.97
7316	Camena	TAS	-41.1814	145.9571
7316	Sulphur Creek	TAS	-41.0947	146.0235
7316	Preservation Bay	TAS	-41.1028	146.0462
7316	Loyetea	TAS	-41.3064	145.9485
7320	Cooee	TAS	-41.0448	145.8731
7320	Havenview	TAS	-41.0839	145.9118
7320	Ocean Vista	TAS	-41.0413	145.8612
7320	Hillcrest	TAS	-41.0632	145.8944
7320	Acton	TAS	-42.8793	147.4846
7320	Downlands	TAS	-41.0827	145.8902
7320	Emu Heights	TAS	-41.076	145.9204
7320	Upper Burnie	TAS	-41.0714	145.8996
7320	Wivenhoe	TAS	-41.0744	145.9311
7320	Park Grove	TAS	-41.0548	145.882
7320	South Burnie	TAS	-41.0598	145.9085
7320	Romaine	TAS	-41.0994	145.8938
7320	Burnie	TAS	-41.0558	145.9037
7320	Brooklyn	TAS	-41.0722	145.9073
7320	Round Hill	TAS	-41.1723	145.9872
7320	Camdale	TAS	-41.0422	145.8466
7320	Parklands	TAS	-41.1723	145.9872
7320	Shorewell Park	TAS	-41.0699	145.8769
7320	Montello	TAS	-41.0576	145.8963
7325	Oldina	TAS	-41.0833	145.6833
7325	Preolenna	TAS	-41.0868	145.5515
7325	Flowerdale	TAS	-40.9643	145.6578
7325	Oonah	TAS	-41.2373	145.6219
7325	Meunna	TAS	-41.1021	145.4883
7325	West Takone	TAS	-41.1847	145.5273
7325	Takone	TAS	-41.1737	145.6318
7325	Elliott	TAS	-41.1001	145.7828
7325	Milabena	TAS	-41.0333	145.5156
7325	Lapoinya	TAS	-41.0011	145.5753
7325	Seabrook	TAS	-41.0666	145.6367
7325	Myalla	TAS	-40.9812	145.576
7325	Mount Hicks	TAS	-41.0767	145.7242
7325	Doctors Rocks	TAS	-41.0184	145.7792
7325	Henrietta	TAS	-41.1803	145.6649
7325	Moorleah	TAS	-40.9846	145.6213
7325	Table Cape	TAS	-40.952	145.7076
7325	Calder	TAS	-41.0845	145.6221
7325	Wynyard	TAS	-40.9897	145.7262
7325	Yolla	TAS	-41.1362	145.7088
7325	Sisters Creek	TAS	-40.9617	145.569
7116	Brooks Bay	TAS	-43.2336	147.0219
7116	Police Point	TAS	-43.2523	147.0387
7116	Port Huon	TAS	-43.1564	146.9638
7116	Surveyors Bay	TAS	-43.1918	146.9825
7116	Geeveston	TAS	-43.1634	146.9255
7116	Castle Forbes Bay	TAS	-43.1323	146.9763
7116	Surges Bay	TAS	-43.2188	146.9926
7116	Cairns Bay	TAS	-43.1859	146.9587
7330	Three Hummock Island	TAS	-40.4361	144.9065
7330	Nabageena	TAS	-40.9907	145.1252
7330	Marrawah	TAS	-40.9128	144.705
7330	Edith Creek	TAS	-40.9653	145.0981
7330	Scopus	TAS	-40.8186	145
7330	Temma	TAS	-41.2285	144.6961
7330	Scotchtown	TAS	-40.8951	145.122
7330	Christmas Hills	TAS	-40.901	145.0165
7330	Nelson Bay	TAS	-40.893	145.0204
7330	Arthur River	TAS	-40.893	145.0204
7330	Couta Rocks	TAS	-40.893	145.0204
7330	Brittons Swamp	TAS	-40.9319	144.9694
7330	Forest	TAS	-40.8582	145.2432
7330	Irishtown	TAS	-40.9108	145.1517
7330	Robbins Island	TAS	-40.893	145.0204
7330	Broadmeadows	TAS	-40.893	145.0204
7330	Hunter Island	TAS	-40.893	145.0204
7330	Togari	TAS	-40.9258	144.8635
7330	Mengha	TAS	-40.8972	145.2387
7330	Mella	TAS	-40.8393	145.0685
7330	Trowutta	TAS	-41.0332	145.0834
7330	Montagu	TAS	-40.7739	144.9605
7330	Lileah	TAS	-40.9631	145.156
7330	South Forest	TAS	-40.8946	145.2759
7330	West Montagu	TAS	-40.79	144.8909
7330	Smithton	TAS	-40.8459	145.125
7330	Redpa	TAS	-40.9198	144.7692
7330	Woolnorth	TAS	-40.7649	144.7724
7330	Roger River	TAS	-41.0042	145.0613
7330	Alcomie	TAS	-40.9303	145.1896
7331	Stanley	TAS	-40.7606	145.2955
7002	North Hobart	TAS	-42.8741	147.316
7015	Lindisfarne	TAS	-42.8484	147.3619
7015	Flagstaff Gully	TAS	-42.839	147.3541
7015	Geilston Bay	TAS	-42.8296	147.3463
7015	Rose Bay	TAS	-42.839	147.3541
7016	Risdon Vale	TAS	-42.8124	147.3565
7018	Howrah	TAS	-42.8873	147.4055
7018	Rosny Park	TAS	-42.8661	147.3677
7018	Rosny	TAS	-42.8707	147.357
7018	Mornington	TAS	-42.8627	147.3982
7018	Tranmere	TAS	-42.9218	147.417
7018	Bellerive	TAS	-42.8755	147.3703
7018	Warrane	TAS	-42.8555	147.383
7018	Montagu Bay	TAS	-42.8648	147.3575
7019	Clarendon Vale	TAS	-42.8899	147.4437
7019	Rokeby	TAS	-42.8987	147.4492
7019	Oakdowns	TAS	-42.9018	147.4559
7020	Sandford	TAS	-42.9333	147.5
7020	Clifton Beach	TAS	-42.9853	147.5211
7021	Lauderdale	TAS	-42.9136	147.4875
7022	South Arm	TAS	-43.0261	147.422
7023	Opossum Bay	TAS	-42.9954	147.4038
7024	Cremorne	TAS	-42.9578	147.5315
7025	Richmond	TAS	-42.7355	147.4383
7025	Dulcot	TAS	-42.7883	147.4014
7026	Campania	TAS	-42.6648	147.4232
7170	Cambridge	TAS	-42.8333	147.45
7170	Acton Park	TAS	-42.8793	147.4846
7170	Mount Rumney	TAS	-42.8606	147.4476
7170	Roches Beach	TAS	-42.8902	147.4953
7170	Seven Mile Beach	TAS	-42.8586	147.5053
7011	Chigwell	TAS	-42.8091	147.2448
7011	Claremont	TAS	-42.7833	147.25
7011	Austins Ferry	TAS	-42.7667	147.25
7011	Berriedale	TAS	-42.8167	147.25
7012	Glenlusk	TAS	-42.8167	147.2
7012	Collinsvale	TAS	-42.8417	147.1961
7054	Electrona	TAS	-43.0577	147.2607
7054	Piersons Point	TAS	-43.017	147.2633
7054	Tinderbox	TAS	-43.0362	147.3203
7054	Snug	TAS	-43.0667	147.2547
7054	Lower Snug	TAS	-43.076	147.2624
7054	Neika	TAS	-42.95	147.2333
7054	Fern Tree	TAS	-42.921	147.2633
7054	Coningham	TAS	-43.0767	147.2756
7054	Wellington Park	TAS	-43.017	147.2633
7054	Margate	TAS	-43.0281	147.2626
7054	Nierinna	TAS	-43.0348	147.2134
7054	Howden	TAS	-43.0254	147.2937
7054	Ridgeway	TAS	-42.928	147.289
7054	Leslie Vale	TAS	-42.9743	147.2295
7054	Barretta	TAS	-43.0457	147.2648
7109	Strathblane	TAS	-43.3341	146.9705
7109	Southport Lagoon	TAS	-43.483	146.9278
7109	Grove	TAS	-42.9833	147.1
7109	Mountain River	TAS	-42.9489	147.1334
7109	Crabtree	TAS	-42.9329	147.0489
7109	Ida Bay	TAS	-43.1909	147.0013
7109	Woodstock	TAS	-43.0736	147.0376
7109	Glaziers Bay	TAS	-43.1384	147.0211
7109	Recherche	TAS	-43.5615	146.8989
7109	Hastings	TAS	-43.4089	146.9195
7109	Ranelagh	TAS	-43.0098	147.0376
7109	Catamaran	TAS	-43.5583	146.8911
7109	Lower Longley	TAS	-42.9791	147.1444
7109	Lucaston	TAS	-42.9833	147.05
7109	Wattle Grove	TAS	-43.1673	146.9986
7109	Lower Wattle Grove	TAS	-43.1909	147.0013
7109	Huonville	TAS	-43.0312	147.0481
7109	Lymington	TAS	-43.1984	147.0727
7109	Cradoc	TAS	-43.0991	147.0285
7109	Raminea	TAS	-43.3228	146.9643
7109	Southport	TAS	-43.483	146.9278
7109	Glendevie	TAS	-43.2392	146.9953
7109	Lonnavale	TAS	-43.1909	147.0013
7109	Lune River	TAS	-43.4295	146.9009
7109	Waterloo	TAS	-43.1909	147.0013
7109	Glen Huon	TAS	-43.0333	146.9667
7109	Judbury	TAS	-42.9924	146.9326
7109	Petcheys Bay	TAS	-43.1913	147.014
7139	Strathgordon	TAS	-42.7665	146.0521
7214	Upper Esk	TAS	-41.4308	147.7256
7214	Mathinna	TAS	-41.4751	147.89
7214	Fingal	TAS	-41.6396	147.9695
7214	Mangana	TAS	-41.6081	147.8854
7254	Retreat	TAS	-41.1505	147.173
7254	Lebrina	TAS	-41.179	147.2283
7254	Tunnel	TAS	-41.1952	147.193
7254	Golconda	TAS	-41.167	147.3094
7254	Bellingham	TAS	-41.0164	147.1688
7254	Pipers Brook	TAS	-41.0831	147.1743
7254	Wyena	TAS	-41.176	147.2668
7259	Patersonia	TAS	-41.3403	147.303
7259	Tayene	TAS	-41.3457	147.4494
7259	Nunamara	TAS	-41.3896	147.3067
7259	Myrtle Bank	TAS	-41.2941	147.3584
7259	Targa	TAS	-41.3138	147.367
7261	Branxholm	TAS	-41.1662	147.7431
7261	Warrentinna	TAS	-41.1004	147.7559
7262	Waterhouse	TAS	-40.9275	147.6533
7262	Tomahawk	TAS	-40.867	147.756
7262	Bridport	TAS	-41.0005	147.3918
7263	Ringarooma	TAS	-41.2418	147.7376
7263	Trenah	TAS	-41.3106	147.69
7263	Legerwood	TAS	-41.213	147.6994
7263	Talawa	TAS	-41.2832	147.7257
7263	Alberton	TAS	-41.3078	147.7957
7265	Winnaleah	TAS	-41.0975	147.8238
7265	Banca	TAS	-41.0975	147.8238
7268	Underwood	TAS	-41.288	147.2136
7268	Lilydale	TAS	-41.2503	147.2176
7268	North Lilydale	TAS	-41.2257	147.2404
7255	Memana	TAS	-39.9789	148.0914
7255	Emita	TAS	-40.0008	147.9165
7255	Leeka	TAS	-39.9005	147.7989
7255	Wingaroo	TAS	-40.0246	147.9952
7255	Blue Rocks	TAS	-40.0571	147.9555
7255	Killiecrankie	TAS	-39.8391	147.834
7255	Strzelecki	TAS	-40.0246	147.9952
7255	Lughrata	TAS	-39.9741	147.9297
7255	Loccota	TAS	-40.2181	148.0423
7255	Palana	TAS	-39.7667	147.8833
7255	Lackrana	TAS	-40.107	148.1653
7255	Ranga	TAS	-40.1522	148.0673
7255	Lady Barron	TAS	-40.21	148.24
7255	Whitemark	TAS	-40.0913	148.018
7257	Cape Barren Island	TAS	-40.3734	148.027
7253	Low Head	TAS	-41.08	146.8075
7253	Long Reach	TAS	-41.1052	146.8345
7253	George Town	TAS	-41.1056	146.8261
7253	Bell Bay	TAS	-41.13	146.87
7267	Karoola	TAS	-41.2443	147.1534
7267	Bangor	TAS	-41.2184	147.1411
7267	Lower Turners Marsh	TAS	-41.2085	147.1126
7267	Turners Marsh	TAS	-41.2666	147.1311
7267	Lalla	TAS	-41.2565	147.1783
7172	Orielton	TAS	-42.7333	147.5333
7172	Sorell	TAS	-42.7816	147.5627
7172	Wattle Hill	TAS	-42.7667	147.65
7172	Pawleena	TAS	-42.7333	147.6
7172	Nugent	TAS	-42.7172	147.7522
7209	Ross	TAS	-42.0308	147.4927
7209	Tooms Lake	TAS	-42.0308	147.4927
7210	Campbell Town	TAS	-41.9256	147.4939
7210	Lake Leake	TAS	-42.0136	147.7954
7213	Rossarden	TAS	-41.667	147.745
7213	Royal George	TAS	-41.8307	147.8968
7213	Storys Creek	TAS	-41.7614	147.7876
7213	Avoca	TAS	-41.7864	147.7209
7008	Cornelian Bay	TAS	-42.8509	147.3203
7008	New Town	TAS	-42.8576	147.3087
7008	Lenah Valley	TAS	-42.8715	147.2751
7009	Moonah	TAS	-42.8462	147.3023
7009	Derwent Park	TAS	-42.8351	147.2949
7009	Lutana	TAS	-42.8347	147.3115
7009	West Moonah	TAS	-42.85	147.2818
7010	Goodwood	TAS	-42.8282	147.293
7010	Dowsing Point	TAS	-42.8208	147.3022
7010	Elwick	TAS	-42.8265	147.2742
7010	Glenorchy	TAS	-42.8334	147.2759
7010	Montrose	TAS	-42.829	147.2473
7010	Rosetta	TAS	-42.821	147.2526
7000	Queens Domain	TAS	-42.8668	147.3295
7000	North Hobart	TAS	-42.8741	147.316
7000	Bathurst Street Po	TAS	-42.8738	147.3186
7000	Glebe	TAS	-42.8747	147.3281
7000	Hobart	TAS	-42.8794	147.3294
7000	Mount Stuart	TAS	-42.8716	147.3016
7000	West Hobart	TAS	-42.8766	147.3069
7004	South Hobart	TAS	-42.8946	147.3092
7004	Battery Point	TAS	-42.8899	147.3332
7005	Lower Sandy Bay	TAS	-42.9	147.3201
7005	Sandy Bay	TAS	-42.8945	147.3244
7005	University Of Tasmania	TAS	-42.9	147.3201
7005	Dynnyrne	TAS	-42.9054	147.3158
7006	Sandy Bay	TAS	-42.8945	147.3244
7050	Albion Heights	TAS	-42.9783	147.3115
7050	Kingston Beach	TAS	-42.9802	147.3194
7050	Kingston	TAS	-42.9764	147.3035
7051	Kingston	TAS	-42.9764	147.3035
7001	Tasman Island	TAS	-42.8794	147.3294
7001	Hobart	TAS	-42.8794	147.3294
7113	Franklin	TAS	-43.0888	147.0091
7117	Dover	TAS	-43.3142	147.0149
7150	Gordon	TAS	-43.262	147.2395
7150	Oyster Cove	TAS	-43.1052	147.2436
7150	Longley	TAS	-42.9708	147.1947
7150	Allens Rivulet	TAS	-43.0151	147.2014
7150	Kaoota	TAS	-43.0322	147.1614
7150	Dennes Point	TAS	-43.0754	147.3476
7150	Lunawanna	TAS	-43.3666	147.2432
7150	Alonnah	TAS	-43.3158	147.2432
7150	South Bruny	TAS	-43.4386	147.2462
7150	Adventure Bay	TAS	-43.3602	147.3214
7150	Apollo Bay	TAS	-43.1699	147.2597
7150	North Bruny	TAS	-43.1183	147.3542
7150	Pelverata	TAS	-43.0462	147.1127
7150	Barnes Bay	TAS	-43.1216	147.368
7150	Great Bay	TAS	-43.2298	147.3821
7150	Killora	TAS	-43.1699	147.2597
7150	Upper Woodstock	TAS	-43.1699	147.2597
7150	Sandfly	TAS	-42.9833	147.1962
7150	Simpsons Bay	TAS	-43.278	147.2997
7163	Flowerpot	TAS	-43.2034	147.2496
7163	Middleton	TAS	-43.2316	147.2529
7315	Leith	TAS	-41.1576	146.2589
7315	Upper Castra	TAS	-41.3444	146.1276
7315	Gunns Plains	TAS	-41.2914	145.9999
7315	Loongana	TAS	-41.4095	145.9623
7315	West Ulverstone	TAS	-41.1474	146.1267
7315	Castra	TAS	-41.3444	146.1276
7315	Nietta	TAS	-41.3811	146.0634
7315	Spalford	TAS	-41.2381	146.1856
7315	South Preston	TAS	-41.3384	146.0474
7315	Ulverstone	TAS	-41.1603	146.1824
7315	South Nietta	TAS	-41.4183	146.0736
7315	Turners Beach	TAS	-41.1606	146.2319
7315	Abbotsham	TAS	-41.2265	146.1732
7315	Preston	TAS	-41.3384	146.0474
7315	North Motton	TAS	-41.2193	146.1019
7315	Sprent	TAS	-41.2766	146.1591
7315	Gawler	TAS	-41.1938	146.1569
7321	Detention	TAS	-40.882	145.451
7321	Mawbanna	TAS	-40.9569	145.3758
7321	West Ridgley	TAS	-41.1097	145.6093
7321	Mooreville	TAS	-41.1053	145.8617
7321	Waratah	TAS	-41.4437	145.5329
7321	Crayfish Creek	TAS	-40.8676	145.3984
7321	Upper Stowport	TAS	-41.1624	145.8969
7321	Cowrie Point	TAS	-40.8527	145.3593
7321	Port Latta	TAS	-40.859	145.385
7321	Natone	TAS	-41.1712	145.9217
7321	Tullah	TAS	-41.7321	145.6225
7321	Luina	TAS	-41.1097	145.6093
7321	Savage River	TAS	-41.5159	145.2148
7321	Ridgley	TAS	-41.148	145.833
7321	Upper Natone	TAS	-41.2444	145.8987
7321	Montumana	TAS	-40.9523	145.5131
7321	East Cam	TAS	-41.0594	145.8514
7321	Rocky Cape	TAS	-40.9252	145.4786
7321	Stowport	TAS	-41.12	145.938
7321	Highclere	TAS	-41.2006	145.8059
7321	Boat Harbour	TAS	-40.9484	145.6303
7321	Hampshire	TAS	-41.2709	145.7821
7321	East Ridgley	TAS	-41.1685	145.853
7321	Sisters Beach	TAS	-40.9197	145.5597
7321	Guildford	TAS	-41.4329	145.6887
7321	Hellyer	TAS	-40.8736	145.442
7321	Edgcumbe Beach	TAS	-40.8632	145.4143
7321	Boat Harbour Beach	TAS	-40.9295	145.6169
7321	Parrawe	TAS	-41.3044	145.5872
7321	Corinna	TAS	-41.656	145.0762
7321	Tewkesbury	TAS	-41.2101	145.7291
7321	Wiltshire	TAS	-40.8347	145.2771
7321	Black River	TAS	-40.8536	145.311
7321	West Mooreville	TAS	-41.0899	145.8378
7321	Chasm Creek	TAS	-41.0668	145.9624
7007	Tolmans Hill	TAS	-42.914	147.3071
7007	Mount Nelson	TAS	-42.9207	147.3207
7052	Blackmans Bay	TAS	-43.0031	147.3169
7053	Taroona	TAS	-42.9452	147.3484
7053	Bonnet Hill	TAS	-42.968	147.3319
7055	Huntingfield	TAS	-43.0016	147.2957
7112	Garden Island Creek	TAS	-43.2412	147.1516
7112	Randalls Bay	TAS	-43.2434	147.128
7112	Charlotte Cove	TAS	-43.2704	147.1467
7112	Huon Island	TAS	-43.2412	147.1516
7112	Gardners Bay	TAS	-43.1757	147.1323
7112	Abels Bay	TAS	-43.2284	147.099
7112	Eggs And Bacon Bay	TAS	-43.2493	147.1019
7112	Nicholls Rivulet	TAS	-43.1585	147.1447
7112	Cygnet	TAS	-43.1533	147.0725
7112	Verona Sands	TAS	-43.2751	147.1586
7112	Deep Bay	TAS	-43.2082	147.134
7155	Kettering	TAS	-43.1262	147.2464
7162	Birchs Bay	TAS	-43.1837	147.224
7162	Woodbridge	TAS	-43.1557	147.2389
7270	Beaconsfield	TAS	-41.2023	146.8172
7270	Greens Beach	TAS	-41.0848	146.7504
7270	Ilfraville	TAS	-41.1511	146.8156
7270	Kayena	TAS	-41.1889	146.895
7270	Rowella	TAS	-41.1717	146.8974
7270	York Town	TAS	-41.1602	146.7603
7270	Badger Head	TAS	-41.1292	146.7304
7270	Beauty Point	TAS	-41.1622	146.8215
7270	Clarence Point	TAS	-41.1293	146.7892
7270	Kelso	TAS	-41.1049	146.7929
7270	Sidmouth	TAS	-41.2085	146.8949
7270	Flowery Gully	TAS	-41.2582	146.8159
7305	Sunnyside	TAS	-41.3823	146.4478
7305	Railton	TAS	-41.3457	146.4236
7305	Merseylea	TAS	-41.364	146.4357
7310	East Devonport	TAS	-41.1879	146.3866
7310	Aberdeen	TAS	-41.2428	146.3238
7310	Quoiba	TAS	-41.2085	146.3356
7310	West Devonport	TAS	-41.2566	146.2856
7310	Wilmot	TAS	-41.3976	146.1754
7310	Spreyton	TAS	-41.2352	146.3511
7310	Forthside	TAS	-41.2256	146.274
7310	Kindred	TAS	-41.2525	146.2119
7310	Stony Rise	TAS	-41.1957	146.3302
7310	Devonport	TAS	-41.1769	146.3515
7310	Tugrah	TAS	-41.2058	146.3073
7310	Lillico	TAS	-41.2566	146.2856
7310	Miandetta	TAS	-41.1955	146.3532
7310	Tarleton	TAS	-41.2417	146.3706
7310	Don	TAS	-41.175	146.3188
7310	Paloona	TAS	-41.2651	146.267
7310	Ambleside	TAS	-41.2032	146.3722
7310	Lower Wilmot	TAS	-41.3169	146.2126
7310	Forth	TAS	-41.2112	146.2268
7310	Eugenana	TAS	-41.2337	146.3082
7310	South Spreyton	TAS	-41.2571	146.3504
7310	Moina	TAS	-41.4979	146.066
7310	Erriba	TAS	-41.4643	146.1053
7310	Melrose	TAS	-41.2546	146.2858
7248	Mayfield	TAS	-41.3876	147.1305
7248	Rocherlea	TAS	-41.3808	147.1574
7248	Mowbray	TAS	-41.4024	147.1506
7248	Inveresk	TAS	-41.4204	147.1336
7248	Newnham	TAS	-41.3897	147.114
7248	Invermay	TAS	-41.4204	147.1336
7248	Alanvale	TAS	-41.386	147.1157
7248	Mowbray Heights	TAS	-41.3982	147.1336
7252	Beechford	TAS	-41.1617	147.0471
7252	Swan Bay	TAS	-41.1617	147.0471
7252	Pipers River	TAS	-41.0973	147.0809
7252	Mount Direction	TAS	-41.1947	147.036
7252	Lefroy	TAS	-41.1	146.9833
7252	Stony Head	TAS	-41.1617	147.0471
7252	Windermere	TAS	-41.3134	147.0058
7252	Weymouth	TAS	-41.0145	147.1517
7252	Lulworth	TAS	-41	147.07
7252	Dilston	TAS	-41.3296	147.0652
7252	Hillwood	TAS	-41.2442	146.9842
7260	Scottsdale	TAS	-41.1578	147.5173
7260	Tonganah	TAS	-41.1862	147.5881
7260	Springfield	TAS	-41.2	147.4833
7260	Blumont	TAS	-41.1463	147.4116
7260	Lisle	TAS	-41.2307	147.3345
7260	Forester	TAS	-41.0848	147.6633
7260	Kamona	TAS	-41.1542	147.6768
7260	South Springfield	TAS	-41.2515	147.5081
7260	Jetsonville	TAS	-41.1167	147.4667
7260	West Scottsdale	TAS	-41.1896	147.4367
7260	Cuckoo	TAS	-41.206	147.578
7260	North Scottsdale	TAS	-41.1215	147.5595
7260	Nabowla	TAS	-41.1712	147.3662
7260	Tulendeena	TAS	-41.169	147.5041
7260	Lietinna	TAS	-41.15	147.4667
7151	Macquarie Island	TAS	-42.7119	146.9131
7151	Davis	TAS	-42.7119	146.9131
7151	Casey	TAS	-42.7119	146.9131
7151	Heard Island	TAS	-42.7119	146.9131
7151	Mcdonald Islands	TAS	-42.7119	146.9131
7151	Mawson	TAS	-42.7119	146.9131
7151	Macquarie	TAS	-42.7119	146.9131
7250	Prospect Vale	TAS	-41.481	147.1041
7250	Travellers Rest	TAS	-41.4971	147.0929
7250	Launceston	TAS	-41.4388	147.1347
7250	West Launceston	TAS	-41.4509	147.1311
7250	Trevallyn	TAS	-41.4425	147.1048
7250	Riverside	TAS	-41.4211	147.0509
7250	Newstead	TAS	-41.4411	147.1618
7250	East Launceston	TAS	-41.4384	147.151
7250	Summerhill	TAS	-41.4675	147.128
7250	St Leonards	TAS	-41.4567	147.1995
7250	Blackstone Heights	TAS	-41.4598	147.0841
7250	Elphin	TAS	-41.4525	147.1331
7250	Norwood	TAS	-41.4592	147.1808
7250	Waverley	TAS	-41.436	147.1859
7250	Prospect	TAS	-41.481	147.1041
7250	Norwood Avenue Po	TAS	-41.4525	147.1331
7250	Ravenswood	TAS	-41.4159	147.1825
7275	Frankford	TAS	-41.3333	146.7758
7275	Notley Hills	TAS	-41.3485	146.9286
7275	Glengarry	TAS	-41.3488	146.8655
7275	Swan Point	TAS	-41.2613	146.9644
7275	Deviot	TAS	-41.2353	146.9298
7275	Loira	TAS	-41.276	146.923
7275	Blackwall	TAS	-41.3021	146.969
7275	Exeter	TAS	-41.2975	146.9505
7275	Winkleigh	TAS	-41.2933	146.8358
7275	Lanena	TAS	-41.3021	146.969
7275	Holwell	TAS	-41.2831	146.7813
7275	Robigana	TAS	-41.2618	146.9465
7277	Bridgenorth	TAS	-41.3839	146.9757
7277	Rosevears	TAS	-41.3243	147.0043
7277	Legana	TAS	-41.3657	147.0458
7277	Grindelwald	TAS	-41.3515	147.0052
7290	Hadspen	TAS	-41.5006	147.0736
7291	Carrick	TAS	-41.5324	147.0103
7301	Toiberry	TAS	-41.6096	147.0412
7301	Liffey	TAS	-41.6842	146.8542
7301	Longford	TAS	-41.6051	147.1189
7301	Blackwood Creek	TAS	-41.7366	146.8979
7301	Bishopsbourne	TAS	-41.5833	147.0167
7302	Poatina	TAS	-41.7957	146.9608
7302	Cressy	TAS	-41.6856	147.0779
7302	Bracknell	TAS	-41.65	146.9384
7307	Northdown	TAS	-41.1829	146.4924
7307	Hawley Beach	TAS	-41.142	146.5377
7307	Port Sorell	TAS	-41.1665	146.5528
7307	Bakers Beach	TAS	-41.1641	146.6004
7307	Harford	TAS	-41.236	146.5481
7307	Latrobe	TAS	-41.2464	146.4246
7307	Wesley Vale	TAS	-41.2086	146.4555
7307	Squeaking Point	TAS	-41.1887	146.5567
7307	Sassafras	TAS	-41.2983	146.4915
7307	Shearwater	TAS	-41.1567	146.5318
7307	Moriarty	TAS	-41.2351	146.4566
7307	Thirlstane	TAS	-41.2037	146.5382
7030	Shannon	TAS	-42.3962	147.0713
7030	Lower Marshes	TAS	-42.341	147.1967
7030	Granton	TAS	-42.7515	147.228
7030	Gagebrook	TAS	-42.7477	147.2698
7030	Bagdad	TAS	-42.6297	147.2234
7030	Jericho	TAS	-42.3833	147.2833
7030	Tods Corner	TAS	-41.969	146.7977
7030	Steppes	TAS	-42.1104	146.8924
7030	Mangalore	TAS	-42.65	147.2333
7030	Interlaken	TAS	-42.15	147.1833
7030	Pontville	TAS	-42.687	147.2686
7030	Kempton	TAS	-42.5359	147.2052
7030	Lake Sorell	TAS	-42.3962	147.0713
7030	Liawenee	TAS	-42.3962	147.0713
7030	Miena	TAS	-41.9896	146.7034
7030	Bagdad North	TAS	-42.3962	147.0713
7030	Pelham	TAS	-42.5833	147
7030	Flintstone	TAS	-41.9952	146.858
7030	Millers Bluff	TAS	-42.3962	147.0713
7030	Bridgewater	TAS	-42.7372	147.2278
7030	Hermitage	TAS	-42.25	146.8833
7030	Waddamana	TAS	-42.1271	146.7476
7030	Apsley	TAS	-42.4365	147.1466
7030	Dysart	TAS	-42.5667	147.2
7030	Broadmarsh	TAS	-42.65	147.1167
7030	Dromedary	TAS	-42.7333	147.1667
7030	Herdsmans Cove	TAS	-42.7507	147.2648
7030	Bothwell	TAS	-42.3848	147.0083
7030	Melton Mowbray	TAS	-42.4667	147.1833
7030	Brighton	TAS	-42.6981	147.2449
7030	Morass Bay	TAS	-42.0266	146.9359
7030	Wilburville	TAS	-42.0363	146.901
7030	Cramps Bay	TAS	-41.8715	146.8216
7030	Arthurs Lake	TAS	-42.0256	146.8815
7030	Elderslie	TAS	-42.6	147.0667
7120	Lemont	TAS	-42.2974	147.6081
7120	Pawtella	TAS	-42.2905	147.504
7120	Whitefoord	TAS	-42.4243	147.5097
7120	Tunnack	TAS	-42.4519	147.4618
7120	Mount Seymour	TAS	-42.4	147.45
7120	Woodbury	TAS	-42.1794	147.3889
7120	Rhyndaston	TAS	-42.4789	147.3837
7120	Woodsdale	TAS	-42.4849	147.5631
7120	Swanston	TAS	-42.3518	147.4723
7120	Levendale	TAS	-42.5333	147.5667
7120	Tunbridge	TAS	-42.1327	147.4292
7120	York Plains	TAS	-42.2792	147.4456
7120	Antill Ponds	TAS	-42.2089	147.4018
7120	Parattah	TAS	-42.35	147.4
7120	Oatlands	TAS	-42.303	147.3672
7120	Stonehenge	TAS	-42.4	147.6333
7120	Andover	TAS	-42.3333	147.45
7120	Tiberias	TAS	-42.3518	147.4723
7120	Baden	TAS	-42.4333	147.4667
7211	Conara	TAS	-41.8213	147.4961
7211	Epping Forest	TAS	-41.7599	147.3498
7211	Cleveland	TAS	-41.8	147.4
7215	Beaumaris	TAS	-41.4159	148.2614
7215	Douglas River	TAS	-41.7856	148.2503
7215	Seymour	TAS	-41.7438	148.2762
7215	Gray	TAS	-41.6287	148.2284
7215	Chain Of Lagoons	TAS	-41.6477	148.2419
7215	Friendly Beaches	TAS	-41.6477	148.2419
7215	Douglas-Apsley	TAS	-41.6477	148.2419
7215	Freycinet	TAS	-41.6477	148.2419
7215	Upper Scamander	TAS	-41.4454	148.1886
7215	Four Mile Creek	TAS	-41.6477	148.2419
7215	St Marys	TAS	-41.5834	148.1875
7215	Coles Bay	TAS	-42.1264	148.2887
7215	Scamander	TAS	-41.456	148.261
7215	Bicheno	TAS	-41.8743	148.3024
7215	Cornwall	TAS	-41.559	148.1453
7215	Falmouth	TAS	-41.5058	148.2709
7249	South Launceston	TAS	-41.4551	147.1456
7249	Punchbowl	TAS	-41.4576	147.1647
7249	Kings Meadows	TAS	-41.4704	147.162
7249	Youngtown	TAS	-41.4833	147.1707
7249	Glen Dhu	TAS	-41.4666	147.1607
7249	Sandhill	TAS	-41.4666	147.1607
7258	Breadalbane	TAS	-41.5268	147.1965
7258	Relbia	TAS	-41.5162	147.2254
7258	White Hills	TAS	-41.5055	147.2543
7300	Devon Hills	TAS	-41.5526	147.184
7300	Perth	TAS	-41.5723	147.171
7300	Powranna	TAS	-41.687	147.2892
7171	Midway Point	TAS	-42.7816	147.5627
7171	Penna	TAS	-42.7776	147.5228
7173	Primrose Sands	TAS	-42.8858	147.6695
7173	Dodges Ferry	TAS	-42.8531	147.6226
7173	Lewisham	TAS	-42.8333	147.6167
7173	Connellys Marsh	TAS	-42.8888	147.729
7173	Forcett	TAS	-42.8	147.6333
7173	Carlton	TAS	-42.862	147.6552
7173	Carlton River	TAS	-42.8533	147.6894
7174	Copping	TAS	-42.8167	147.8
7175	Marion Bay	TAS	-42.8133	147.8342
7175	Bream Creek	TAS	-42.8133	147.8342
7176	Kellevie	TAS	-42.7785	147.8153
7017	Tea Tree	TAS	-42.6833	147.3167
7017	Honeywood	TAS	-42.7261	147.2802
7017	Old Beach	TAS	-42.7776	147.2666
7017	Risdon	TAS	-42.8	147.3333
7017	Grasstree Hill	TAS	-42.781	147.365
7017	Otago	TAS	-42.8088	147.2984
7027	Colebrook	TAS	-42.5333	147.3667
7119	Stonor	TAS	-42.4	147.3833
7190	Pontypool	TAS	-42.3258	147.96
7190	Maria Island	TAS	-42.3549	147.9457
7190	Rheban	TAS	-42.63	147.928
7190	Orford	TAS	-42.5602	147.8718
7190	Swansea	TAS	-42.1228	148.0743
7190	Rocky Hills	TAS	-42.2306	148.016
7190	Cranbrook	TAS	-41.9997	148.0853
7190	Spring Beach	TAS	-42.5841	147.9041
7190	Runnymede	TAS	-42.6419	147.5605
7190	Dolphin Sands	TAS	-42.0836	148.1471
7190	Triabunna	TAS	-42.508	147.9113
7190	Apslawn	TAS	-41.9738	148.1865
7190	Little Swanport	TAS	-42.3375	147.9334
7190	Buckland	TAS	-42.6157	147.716
7177	Dunalley	TAS	-42.8865	147.8108
7177	Boomer Bay	TAS	-42.8865	147.8108
7178	Murdunna	TAS	-42.9473	147.8705
7179	Eaglehawk Neck	TAS	-43.0106	147.8888
7180	Taranna	TAS	-43.0629	147.863
7182	Fortescue	TAS	-43.1458	147.8437
7182	Port Arthur	TAS	-43.1458	147.8437
7182	Cape Pillar	TAS	-43.1458	147.8437
7183	Highcroft	TAS	-43.1533	147.7753
7184	Cape Raoul	TAS	-43.1366	147.7481
7184	White Beach	TAS	-43.1249	147.7212
7184	Nubeena	TAS	-43.0971	147.7433
7184	Stormlea	TAS	-43.1878	147.7798
7185	Premaydena	TAS	-43.0546	147.7708
7186	Saltwater River	TAS	-43.0234	147.7183
7186	Sloping Main	TAS	-43.001	147.6678
7187	Koonya	TAS	-43.0796	147.8176
7306	Acacia Hills	TAS	-41.435	146.2556
7306	Cethana	TAS	-41.4792	146.1429
7306	Gowrie Park	TAS	-41.4697	146.2128
7306	Nowhere Else	TAS	-41.3735	146.2645
7306	Lorinna	TAS	-41.5577	146.1308
7306	Promised Land	TAS	-41.4322	146.2088
7306	Mount Roland	TAS	-41.435	146.2556
7306	Roland	TAS	-41.4236	146.2274
7306	Middlesex	TAS	-41.435	146.2556
7306	West Kentish	TAS	-41.4113	146.2561
7306	Claude Road	TAS	-41.451	146.2719
7306	Cradle Mountain	TAS	-41.6416	145.9432
7306	Lower Barrington	TAS	-41.3084	146.2872
7306	Nook	TAS	-41.328	146.3396
7306	Sheffield	TAS	-41.3995	146.339
7306	Paradise	TAS	-41.4516	146.3156
7306	Stoodley	TAS	-41.3933	146.4129
7306	Lower Beulah	TAS	-41.4486	146.4097
7306	Barrington	TAS	-41.3456	146.2766
7306	Beulah	TAS	-41.4562	146.3781
7306	Staverton	TAS	-41.4594	146.1829
7322	Somerset	TAS	-41.0406	145.8305
7140	Glenora	TAS	-42.6833	146.8667
7140	Hayes	TAS	-42.76	147.0124
7140	Victoria Valley	TAS	-42.3087	146.7113
7140	Ouse	TAS	-42.4862	146.7126
7140	Styx	TAS	-42.5817	146.7963
7140	Hamilton	TAS	-42.5536	146.8453
7140	Tarraleah	TAS	-42.3015	146.4492
7140	Bushy Park	TAS	-42.7088	146.8976
7140	Molesworth	TAS	-42.5817	146.7963
7140	Maydena	TAS	-42.7548	146.6256
7140	Fitzgerald	TAS	-42.7496	146.6424
7140	Sorell Creek	TAS	-42.7768	147.1173
7140	Meadowbank	TAS	-42.5817	146.7963
7140	Mount Field	TAS	-42.5817	146.7963
7140	Dee	TAS	-42.2833	146.6167
7140	Macquarie Plains	TAS	-42.7119	146.9131
7140	Lachlan	TAS	-42.8333	147.05
7140	Derwent Bridge	TAS	-42.1394	146.2314
7140	Magra	TAS	-42.75	147.0667
7140	Lawitta	TAS	-42.7682	147.0359
7140	Boyer	TAS	-42.7619	147.1055
7140	Florentine	TAS	-42.5817	146.7963
7140	Rosegarland	TAS	-42.7	146.9489
7140	Bradys Lake	TAS	-42.2255	146.4941
7140	Osterley	TAS	-42.35	146.75
7140	Hollow Tree	TAS	-42.5333	146.9333
7140	Westerway	TAS	-42.6833	146.7833
7140	Mount Lloyd	TAS	-42.8167	146.95
7140	Glenfern	TAS	-42.8167	147
7140	Karanja	TAS	-42.6836	146.8378
7140	Gretna	TAS	-42.6809	146.9365
7140	Tyenna	TAS	-42.7287	146.6665
7140	Malbina	TAS	-42.7876	147.1178
7140	Black Hills	TAS	-42.7167	147.0333
7140	Ellendale	TAS	-42.6167	146.7167
7140	Plenty	TAS	-42.7419	146.9554
7140	Uxbridge	TAS	-42.773	146.8686
7140	Bronte Park	TAS	-42.136	146.4932
7140	Lake St Clair	TAS	-42.5817	146.7963
7140	Little Pine Lagoon	TAS	-42.0001	146.6116
7140	London Lakes	TAS	-42.1922	146.527
7140	National Park	TAS	-42.6805	146.7277
7140	Butlers Gorge	TAS	-42.279	146.2777
7140	Moogara	TAS	-42.7833	146.9167
7140	Strickland	TAS	-42.3667	146.6667
7140	New Norfolk	TAS	-42.7826	147.0587
7140	Wayatinah	TAS	-42.3769	146.5085
7140	Fentonbury	TAS	-42.65	146.7667
7466	Gormanston	TAS	-42.0749	145.5968
7467	Lake Margaret	TAS	-42.0805	145.5565
7467	Queenstown	TAS	-42.0805	145.5565
7468	Macquarie Heads	TAS	-42.1519	145.3273
7468	Strahan	TAS	-42.1519	145.3273
7469	Renison Bell	TAS	-41.7943	145.4337
7469	Granville Harbour	TAS	-41.8079	145.0363
7469	Trial Harbour	TAS	-41.9294	145.1752
7469	Zeehan	TAS	-41.8834	145.3362
7470	Rosebery	TAS	-41.7794	145.5383
7276	Gravelly Beach	TAS	-41.2863	146.9752
7292	Quamby Bend	TAS	-41.4695	146.9268
7292	Hagley	TAS	-41.526	146.9026
7292	Selbourne	TAS	-41.4496	146.8896
7292	Westwood	TAS	-41.4859	146.9817
7292	Rosevale	TAS	-41.4167	146.9333
7303	Oaks	TAS	-41.5898	146.9819
7303	Exton	TAS	-41.5209	146.7421
7303	Whitemore	TAS	-41.5833	146.9333
7303	Cluan	TAS	-41.6074	146.8245
7303	Osmaston	TAS	-41.5807	146.7683
7303	Birralee	TAS	-41.4096	146.8172
7303	Westbury	TAS	-41.5291	146.8391
7304	Brandum	TAS	-41.8283	146.6776
7304	Walls Of Jerusalem	TAS	-41.5833	146.5709
7304	Caveside	TAS	-41.6164	146.4238
7304	Moltema	TAS	-41.4598	146.5395
7304	Central Plateau	TAS	-41.5833	146.5709
7304	Western Creek	TAS	-41.5833	146.5709
7304	Elizabeth Town	TAS	-41.468	146.5637
7304	Quamby Brook	TAS	-41.6014	146.7271
7304	Liena	TAS	-41.5515	146.233
7304	Mayberry	TAS	-41.5836	146.3013
7304	Needles	TAS	-41.5469	146.5522
7304	Mole Creek	TAS	-41.5782	146.4042
7304	Jackeys Marsh	TAS	-41.6865	146.6787
7304	Dunorlan	TAS	-41.4834	146.5449
7304	Breona	TAS	-41.7822	146.7043
7304	Mersey Forest	TAS	-41.5833	146.5709
7304	Reynolds Neck	TAS	-41.8584	146.6954
7304	Weegena	TAS	-41.4881	146.4819
7304	Reedy Marsh	TAS	-41.4477	146.7128
7304	Chudleigh	TAS	-41.5759	146.4728
7304	Montana	TAS	-41.5955	146.5871
7304	Weetah	TAS	-41.4735	146.6446
7304	Doctors Point	TAS	-41.793	146.6818
7304	Golden Valley	TAS	-41.6308	146.7212
7304	Dairy Plains	TAS	-41.587	146.4972
7304	Red Hills	TAS	-41.5271	146.6058
7304	Deloraine	TAS	-41.5248	146.657
7304	Kimberley	TAS	-41.417	146.4923
7304	Meander	TAS	-41.653	146.6296
7304	Parkham	TAS	-41.4072	146.6129
3971	Calrossie	VIC	-38.4999	146.6722
3971	Robertsons Beach	VIC	-38.6571	146.7291
3971	Gelliondale	VIC	-38.6194	146.6036
3971	Manns Beach	VIC	-38.6447	146.7823
3971	Hunterston	VIC	-38.5964	146.7828
3971	Hiawatha	VIC	-38.5325	146.4339
3971	Baromi	VIC	-38.4024	146.1816
3971	Tarra Valley	VIC	-38.4688	146.5624
3971	Tarraville	VIC	-38.6333	146.7167
3971	Yarram	VIC	-38.5648	146.6756
3971	Alberton West	VIC	-38.6	146.6
3971	Balook	VIC	-38.4333	146.5667
3971	Staceys Bridge	VIC	-38.55	146.5333
3971	Port Albert	VIC	-38.6654	146.6885
3971	Snake Island	VIC	-38.5546	146.6145
3971	Devon North	VIC	-38.5234	146.6478
3971	Won Wron	VIC	-38.4667	146.7167
3971	Langsborough	VIC	-38.6551	146.678
3971	Alberton	VIC	-38.6167	146.6667
3971	Jack River	VIC	-38.55	146.5667
3971	Macks Creek	VIC	-38.4667	146.6333
3971	Madalya	VIC	-38.5	146.4667
8383	Melbourne	VIC	-37.814	144.9633
8438	Sunshine West	VIC	-37.7912	144.8164
8511	Sunshine West	VIC	-37.7912	144.8164
3691	Talgarno	VIC	-36.071	147.1529
3691	Wodonga Forward	VIC	-36.2676	147.0798
3691	Huon Creek	VIC	-36.1514	146.8167
3691	Kancoona South	VIC	-36.2676	147.0798
3691	Staghorn Flat	VIC	-36.2659	146.9433
3691	Kancoona	VIC	-36.5833	146.9833
3691	Bonegilla	VIC	-36.1403	147.0062
3691	Bethanga	VIC	-36.117	147.0951
3691	Osbornes Flat	VIC	-36.321	146.905
3691	Castle Creek	VIC	-36.2676	147.0798
3691	Bellbridge	VIC	-36.0974	147.0617
3691	Lone Pine	VIC	-36.2676	147.0798
3691	Bandiana	VIC	-36.1479	146.9262
3691	Mongans Bridge	VIC	-36.5891	147.1218
3691	Ebden	VIC	-36.153	147.0252
3691	Dederang	VIC	-36.4833	147.0167
3691	Allans Flat	VIC	-36.2667	146.9
3691	Gundowring	VIC	-36.4333	147.05
3691	Kiewa	VIC	-36.2667	147.0167
3691	Glen Creek	VIC	-36.45	146.95
3691	Gateway Island	VIC	-36.0949	146.8976
3691	Barnawartha North	VIC	-36.2676	147.0798
3691	Kergunyah South	VIC	-36.429	147.0379
3691	Running Creek	VIC	-36.6167	146.9167
3691	Lucyvale	VIC	-36.2833	147.6167
3691	Thologolong	VIC	-35.9676	147.4052
3691	Leneva	VIC	-36.2167	146.9
3691	Upper Gundowring	VIC	-36.4833	147.0667
3691	Bungil	VIC	-36.0539	147.3515
3691	Mount Alfred	VIC	-35.9847	147.6176
3691	Berringama	VIC	-36.2117	147.6498
3691	Tangambalanga	VIC	-36.2522	147.0286
3691	Kergunyah	VIC	-36.3833	147.05
3691	Killara	VIC	-36.1396	146.9514
3691	Coral Bank	VIC	-36.6168	147.1016
3691	Hume Weir	VIC	-36.1022	147.0373
3691	Baranduda	VIC	-36.1911	146.9538
3644	Cobram East	VIC	-35.9746	145.7364
3644	Yarroweyah	VIC	-35.9241	145.5572
3644	Cobram	VIC	-35.9207	145.6407
3644	Muckatah	VIC	-36.0198	145.6478
3644	Koonoomoo	VIC	-35.8893	145.5755
3900	Cobberas	VIC	-36.9535	147.7046
3900	Benambra	VIC	-36.9535	147.7046
3900	Uplands	VIC	-36.9535	147.7046
3697	Tawonga	VIC	-36.6895	147.1421
3698	Tawonga South	VIC	-36.3056	147.0798
3738	Ovens	VIC	-36.5874	146.7593
3739	Eurobin	VIC	-36.6352	146.8596
3740	Mount Buffalo	VIC	-36.7897	146.8802
3740	Porepunkah	VIC	-36.6961	146.9104
3740	Buckland	VIC	-36.8833	146.85
3744	Wandiligong	VIC	-36.7833	146.9833
3862	Budgee Budgee	VIC	-37.783	147.2266
3862	Castleburn	VIC	-37.783	147.2266
3862	Miowera	VIC	-37.783	147.2266
3862	Moornapa	VIC	-37.783	147.2266
3862	Cowa	VIC	-37.783	147.2266
3862	Stratford	VIC	-37.9634	147.0826
3862	Crooked River	VIC	-37.783	147.2266
3862	Munro	VIC	-37.9167	147.1833
3862	Llowalong	VIC	-37.9052	147.0414
3862	Perry Bridge	VIC	-38	147.2667
3862	Meerlieu	VIC	-38	147.4
3862	Hawkhurst	VIC	-37.783	147.2266
3862	Dargo	VIC	-37.4833	147.2667
3862	Stockdale	VIC	-37.8	147.1667
3862	Cobbannah	VIC	-37.6379	147.2709
3862	Hollands Landing	VIC	-38.049	147.46
3862	Wongungarra	VIC	-37.3411	147.1546
3862	Waterford	VIC	-37.5167	147.2
3898	Omeo Valley	VIC	-36.9545	147.6364
3898	Hinnomunjie	VIC	-37.0167	147.65
3898	Glen Wills	VIC	-36.8339	147.4768
3898	Bundara	VIC	-37.0112	147.5097
3898	Dinner Plain	VIC	-37.0236	147.2412
3898	Anglers Rest	VIC	-36.9931	147.4884
3898	Bingo	VIC	-37.0112	147.5097
3898	Cassilis	VIC	-37.2167	147.6
3898	Cobungra	VIC	-37.1	147.4167
3898	Glen Valley	VIC	-36.8667	147.4833
3898	Shannonvale	VIC	-37.0112	147.5097
3898	Omeo	VIC	-37.0961	147.5949
3898	Bingo Munjie	VIC	-37.0112	147.5097
3271	Pura Pura	VIC	-37.8167	143.0833
3271	Dundonnell	VIC	-37.85	142.9833
3271	Darlington	VIC	-38	143.05
3272	Woorndoo	VIC	-37.9	142.8167
3272	Mortlake	VIC	-38.081	142.8083
3294	Karabeal	VIC	-37.6	142.1833
3294	Victoria Point	VIC	-37.5766	142.3021
3294	Moutajup	VIC	-37.6667	142.2333
3294	Mirranatwa	VIC	-37.4167	142.4167
3294	Woodhouse	VIC	-37.5766	142.3021
3294	Victoria Valley	VIC	-37.55	142.3333
3294	Dunkeld	VIC	-37.6499	142.3439
3361	Bradvale	VIC	-37.7833	143.4
3361	Skipton	VIC	-37.686	143.3647
3361	Carranballac	VIC	-37.7	143.2167
3373	Chute	VIC	-37.3333	143.3833
3373	Mena Park	VIC	-37.5231	143.4944
3373	Stockyard Hill	VIC	-37.55	143.3167
3373	Shirley	VIC	-37.35	143.2667
3373	Trawalla	VIC	-37.4333	143.4667
3373	Waterloo	VIC	-37.3667	143.4167
3373	Nerring	VIC	-37.4979	143.446
3373	Cross Roads	VIC	-37.4334	143.39
3373	Lake Wongan	VIC	-37.4334	143.39
3373	Lake Goldsmith	VIC	-37.55	143.4
3373	Raglan	VIC	-37.35	143.35
3373	Main Lead	VIC	-37.3833	143.3667
3373	Stoneleigh	VIC	-37.4334	143.39
3373	Beaufort	VIC	-37.43	143.3835
3374	Great Western	VIC	-37.15	142.85
3378	Tatyoon	VIC	-37.5167	142.95
3378	Yalla-Y-Poora	VIC	-37.5284	143.1267
3381	Wallaloo East	VIC	-36.8056	142.909
3381	Barkly	VIC	-36.9333	143.2
3381	Rostron	VIC	-36.7667	143.1833
3381	Lubeck	VIC	-36.7333	142.5667
3381	Fyans Creek	VIC	-37.0864	142.5558
3381	Callawadda	VIC	-36.8	142.8
3381	Bellfield	VIC	-37.7531	145.0385
3381	Paradise	VIC	-36.8333	143.1333
3381	Wal Wal	VIC	-36.8167	142.6167
3381	Wallaloo	VIC	-36.7472	142.8765
3381	Lake Fyans	VIC	-37.1468	142.6397
3381	Campbells Bridge	VIC	-36.9333	142.7833
3381	Mokepilly	VIC	-36.9784	142.9155
3381	Mount Dryden	VIC	-36.9784	142.9155
3381	Deep Lead	VIC	-37.0167	142.7333
3381	Bellellen	VIC	-36.9784	142.9155
3381	Morrl Morrl	VIC	-36.866	142.8903
3381	Kanya	VIC	-36.7737	142.9622
3381	Illawarra	VIC	-37.0667	142.7
3381	Halls Gap	VIC	-37.1465	142.5234
3381	Bolangum	VIC	-36.9784	142.9155
3381	Lake Lonsdale	VIC	-37.0333	142.5833
3381	Concongella	VIC	-37.0358	142.817
3381	Germania	VIC	-36.9784	142.9155
3381	Joel South	VIC	-37.066	143.002
3381	Joel Joel	VIC	-37.0167	142.9833
3381	Greens Creek	VIC	-36.9333	142.95
3381	Pomonal	VIC	-37.1917	142.6076
3381	Black Range	VIC	-36.9784	142.9155
3402	Horsham	VIC	-36.7113	142.1998
3350	Redan	VIC	-37.5765	143.8386
3350	Mount Pleasant	VIC	-37.5833	143.8667
3350	Golden Point	VIC	-37.5749	143.8687
3350	Soldiers Hill	VIC	-37.5496	143.8587
3350	Ballarat East	VIC	-37.5667	143.8667
3350	Alfredton	VIC	-37.5667	143.8167
3350	Canadian	VIC	-37.5761	143.8774
3350	Bakery Hill	VIC	-37.5635	143.8658
3350	Ballarat North	VIC	-37.5409	143.8665
3350	Nerrina	VIC	-37.55	143.8833
3350	Eureka	VIC	-37.5647	143.8826
3350	Newington	VIC	-37.5585	143.8249
3350	Lucas	VIC	-37.5457	143.7758
3350	Ballarat Central	VIC	-37.5621	143.8508
3350	Ballarat West	VIC	-37.5641	143.8592
3350	Lake Wendouree	VIC	-37.5499	143.8473
3350	Sovereign Hill	VIC	-37.5641	143.8592
3350	Mount Clear	VIC	-37.6	143.8833
3350	Invermay Park	VIC	-37.5306	143.858
3350	Ballarat	VIC	-37.5662	143.8496
3350	Mount Helen	VIC	-37.6246	143.8789
3350	Brown Hill	VIC	-37.5465	143.9155
3350	Black Hill	VIC	-37.55	143.8667
3354	Ballarat Mc	VIC	-37.5635	143.8658
3354	Bakery Hill	VIC	-37.5635	143.8658
3355	Wendouree Village	VIC	-37.528	143.8082
3355	Mitchell Park	VIC	-37.5069	143.7798
3355	Wendouree	VIC	-37.5308	143.8284
3355	Lake Gardens	VIC	-37.5463	143.8165
3356	Delacombe	VIC	-37.5891	143.8147
3356	Bonshaw	VIC	-37.604	143.8226
3356	Sebastopol	VIC	-37.5853	143.8395
3358	Winter Valley	VIC	-37.5908	143.7672
3363	Glendaruel	VIC	-37.35	143.7167
3363	Tourello	VIC	-37.35	143.7833
3363	Mount Beckworth	VIC	-37.3167	143.6833
3363	Creswick North	VIC	-37.3841	143.8556
3363	Dean	VIC	-37.45	143.9833
3363	Creswick	VIC	-37.424	143.8947
3363	Langdons Hill	VIC	-37.4139	144.0724
3079	Ivanhoe North	VIC	-37.7712	145.0525
3079	Ivanhoe	VIC	-37.769	145.0431
3079	Ivanhoe East	VIC	-37.7734	145.062
3081	Heidelberg Heights	VIC	-37.7431	145.057
3081	Heidelberg West	VIC	-37.7392	145.0403
3081	Heidelberg Rgh	VIC	-37.7451	145.0453
3081	Bellfield	VIC	-37.7531	145.0385
3084	Eaglemont	VIC	-37.7638	145.0638
3084	Banyule	VIC	-37.7482	145.0728
3084	Rosanna	VIC	-37.739	145.0674
3084	Heidelberg	VIC	-37.75	145.0667
3084	Viewbank	VIC	-37.7399	145.0932
3087	Watsonia	VIC	-37.7167	145.0833
3087	Watsonia North	VIC	-37.6998	145.0847
3093	Lower Plenty	VIC	-37.7333	145.1167
3094	Montmorency	VIC	-37.7167	145.1167
3095	Research	VIC	-37.7	145.1833
3095	Eltham North	VIC	-37.7	145.15
3095	Eltham	VIC	-37.7333	145.15
3922	Surf Beach	VIC	-38.3751	144.2564
3922	Smiths Beach	VIC	-38.5007	145.2552
3922	Sunderland Bay	VIC	-38.5026	145.279
3922	Sunset Strip	VIC	-38.4922	145.2627
3922	Ventnor	VIC	-38.4676	145.1736
3922	Summerlands	VIC	-38.4654	145.1214
3922	Cowes	VIC	-38.4523	145.2386
3922	Wimbledon Heights	VIC	-38.479	145.233
3922	Silverleaves	VIC	-38.4539	145.2727
3923	Rhyll	VIC	-38.4642	145.2995
3925	Newhaven	VIC	-38.5121	145.3558
3925	Cape Woolamai	VIC	-38.5428	145.3441
3925	Churchill Island	VIC	-38.5268	145.3587
3925	San Remo	VIC	-38.5255	145.3762
3945	Loch	VIC	-38.3691	145.7081
3945	Jeetho	VIC	-38.4054	145.7244
3945	Bellview	VIC	-38.402	145.6831
3945	Woodleigh	VIC	-38.4	145.6333
3945	Krowera	VIC	-38.4333	145.6667
3951	Moyarra	VIC	-38.4833	145.7333
3951	Fairbank	VIC	-38.408	145.921
3951	Jumbunna	VIC	-38.4667	145.7667
3951	Kongwak	VIC	-38.5167	145.7
3951	Arawata	VIC	-38.4	145.8667
3951	Ranceby	VIC	-38.3833	145.85
3951	Kardella	VIC	-38.4167	145.8667
3951	Outtrim	VIC	-38.5288	145.7713
3979	Korrine	VIC	-38.4668	145.6139
3979	Almurta	VIC	-38.4667	145.5833
3979	Kernot	VIC	-38.4333	145.6
3979	Glen Alvie	VIC	-38.5005	145.6585
3990	Glen Forbes	VIC	-38.45	145.5333
3991	Bass	VIC	-38.4833	145.45
3992	Ryanston	VIC	-38.5333	145.5833
3992	West Creek	VIC	-38.5544	145.6214
3992	Dalyston	VIC	-38.5667	145.55
3992	Blackwood Forest	VIC	-38.5	145.6167
3995	Anderson	VIC	-38.5232	145.4484
3995	Powlett River	VIC	-38.5667	145.5833
3995	South Dudley	VIC	-38.594	145.575
3995	Cape Paterson	VIC	-38.6709	145.6213
3995	Lance Creek	VIC	-38.5537	145.6557
3995	Hicksborough	VIC	-38.5833	145.5667
3995	Archies Creek	VIC	-38.5483	145.5639
3995	Wattle Bank	VIC	-38.5667	145.7
3995	Woolamai	VIC	-38.5	145.5
3995	Wonthaggi	VIC	-38.6059	145.5936
3995	Harmers Haven	VIC	-38.6545	145.5784
3995	North Wonthaggi	VIC	-38.5777	145.593
3995	Kilcunda	VIC	-38.55	145.4833
3995	St Clair	VIC	-38.5765	145.574
3818	Ripplebrook	VIC	-38.1379	145.8557
3818	Athlone	VIC	-38.2333	145.7667
3818	Drouin West	VIC	-38.082	145.8639
3818	Drouin South	VIC	-38.1667	145.8333
3818	Jindivick	VIC	-38.0333	145.9
3818	Hallora	VIC	-38.2667	145.8333
3818	Drouin	VIC	-38.1366	145.8584
3818	Drouin East	VIC	-38.1183	145.8901
3818	Tarago	VIC	-38.0667	145.9
3820	Bona Vista	VIC	-38.2117	145.9627
3820	Lillico	VIC	-38.1227	145.9643
3820	Warragul	VIC	-38.1591	145.9312
3821	Neerim Junction	VIC	-37.9296	145.9612
3821	Tetoora Road	VIC	-38.2667	145.9
3821	Warragul West	VIC	-38.1187	145.9487
3821	Bravington	VIC	-38.1187	145.9487
3821	Ferndale	VIC	-38.3167	145.9333
3821	Buln Buln East	VIC	-38.0833	146
3821	Shady Creek	VIC	-38.1167	146.05
3821	Buln Buln	VIC	-38.1	145.9333
3821	Brandy Creek	VIC	-38.1037	145.9152
3821	Ellinbank	VIC	-38.2333	145.9333
3821	Seaview	VIC	-38.1187	145.9487
3821	Torwood	VIC	-38.2621	145.8758
3821	Nayook	VIC	-37.9137	145.9324
3821	Nilma North	VIC	-38.15	145.9833
3821	Neerim North	VIC	-37.9234	146.0287
3821	Rokeby	VIC	-38.0667	145.9333
3821	Nilma	VIC	-38.1833	145.9667
3821	Crossover	VIC	-38.05	145.9667
3821	Warragul South	VIC	-38.1187	145.9487
3821	Lardner	VIC	-38.2	145.8667
3822	Gainsborough	VIC	-38.2333	145.9667
3822	Cloverlea	VIC	-38.2333	146
3822	Darnum	VIC	-38.1885	146.0053
3823	Yarragon	VIC	-38.2052	146.0608
3823	Yarragon South	VIC	-38.2389	146.0844
3823	Allambee	VIC	-38.2667	146.0333
3831	Neerim South	VIC	-38.0168	145.9545
3831	Neerim East	VIC	-37.9833	146
3831	Neerim	VIC	-37.9667	145.95
3832	Nayook	VIC	-37.9137	145.9324
3832	Neerim Junction	VIC	-37.9296	145.9612
3832	Neerim North	VIC	-37.9234	146.0287
3853	Sale	VIC	-38.111	147.068
3854	Glengarry West	VIC	-38.15	146.5167
3854	Glengarry	VIC	-38.1167	146.5667
3854	Glengarry North	VIC	-38.0912	146.5793
3856	Toongabbie	VIC	-38.05	146.6167
3871	Baromi	VIC	-38.4024	146.1816
3871	Mirboo North	VIC	-38.401	146.1613
3871	Dollar	VIC	-38.5667	146.1667
3871	Delburn	VIC	-38.3342	146.243
3871	Darlimurla	VIC	-38.3667	146.2167
3871	Limonite	VIC	-38.45	146.2
3871	Mirboo	VIC	-38.4667	146.2
3871	Allambee South	VIC	-38.35	146.1
3871	Tarwin East	VIC	-38.5167	146.2333
3871	Allambee Reserve	VIC	-38.2984	146.0592
3950	Kardella South	VIC	-38.45	145.8833
3950	Whitelaw	VIC	-38.4167	145.7833
3950	Korumburra South	VIC	-38.4667	145.85
3950	Korumburra	VIC	-38.4319	145.8235
3950	Strzelecki	VIC	-38.3333	145.9
3953	Leongatha	VIC	-38.4761	145.9469
3953	Wooreen	VIC	-38.4	146.0333
3953	Koorooman	VIC	-38.4832	146.0455
3953	Trida	VIC	-38.3167	145.9667
3953	Hallston	VIC	-38.3667	146.0333
3953	Wild Dog Valley	VIC	-38.4296	146.0065
3953	Berrys Creek	VIC	-38.4167	146.0667
3953	Nerrena	VIC	-38.5167	146.0833
3953	Mount Eccles	VIC	-38.3667	145.9833
3953	Mardan	VIC	-38.45	146.1333
3953	Leongatha North	VIC	-38.425	145.9747
3953	Ruby	VIC	-38.45	145.9167
3953	Leongatha South	VIC	-38.5333	145.8833
3953	Mount Eccles South	VIC	-38.3667	145.9833
3953	Boorool	VIC	-38.4474	146.0403
3981	Dalmore	VIC	-38.1833	145.4167
3981	Yannathan	VIC	-38.2333	145.65
3981	Bayles	VIC	-38.1833	145.5667
3981	Koo Wee Rup North	VIC	-38.1667	145.5333
3981	Koo Wee Rup	VIC	-38.1994	145.4908
3981	Heath Hill	VIC	-38.25	145.7
3981	Catani	VIC	-38.2	145.6333
3987	Nyora	VIC	-38.3336	145.6725
3988	Poowong	VIC	-38.3428	145.7638
3988	Poowong North	VIC	-38.3	145.8
3988	Mountain View	VIC	-38.303	145.8667
3988	Poowong East	VIC	-38.3	145.8333
3186	Dendy	VIC	-37.9063	145.004
3186	Were Street Po	VIC	-37.9063	145.004
3186	Brighton North	VIC	-37.9069	145.0053
3186	Brighton	VIC	-37.9056	145.0028
3188	Hampton	VIC	-37.9377	145.0095
3188	Hampton North	VIC	-37.9373	145.0191
3188	Hampton East	VIC	-37.937	145.0286
3191	Sandringham	VIC	-37.9522	145.0113
3192	Cheltenham	VIC	-37.9694	145.0481
3192	Cheltenham North	VIC	-37.9694	145.0481
3192	Cheltenham East	VIC	-37.9694	145.0481
3192	Southland Centre	VIC	-37.9694	145.0481
3193	Black Rock	VIC	-37.9736	145.0164
3193	Beaumaris	VIC	-37.9826	145.04
3193	Cromer	VIC	-37.9743	145.0243
3193	Black Rock North	VIC	-37.9667	145.0167
3672	Benalla West	VIC	-36.5511	145.9843
3672	Benalla	VIC	-36.5511	145.9843
3726	Devenish	VIC	-36.3333	145.9
3726	Thoona	VIC	-36.3167	146.0667
3726	Bungeet West	VIC	-36.3401	146.0006
3726	Bungeet	VIC	-36.3	146.05
3101	Kew	VIC	-37.8064	145.0309
3101	Cotham	VIC	-37.8064	145.0309
3102	Kew East	VIC	-37.7976	145.0538
3103	Deepdene Dc	VIC	-37.8105	145.0744
3103	Balwyn East	VIC	-37.8105	145.0744
3103	Balwyn	VIC	-37.8096	145.0827
3103	Stradbroke Park	VIC	-37.8105	145.0744
3103	Deepdene	VIC	-37.8114	145.0661
3122	Hawthorn West	VIC	-37.8266	145.0429
3122	Glenferrie South	VIC	-37.8266	145.0429
3122	Hawthorn North	VIC	-37.8266	145.0429
3122	Hawthorn	VIC	-37.8199	145.0358
3122	Auburn South	VIC	-37.8333	145.05
3123	Auburn	VIC	-37.8167	145.05
3123	Hawthorn East	VIC	-37.8248	145.0464
3124	Hartwell	VIC	-37.8421	145.0694
3124	Camberwell	VIC	-37.8421	145.0694
3124	Middle Camberwell	VIC	-37.8421	145.0694
3124	Camberwell North	VIC	-37.8421	145.0694
3124	Camberwell West	VIC	-37.8421	145.0694
3124	Camberwell South	VIC	-37.8421	145.0694
3126	Camberwell East	VIC	-37.8247	145.0848
3126	Canterbury	VIC	-37.8247	145.0848
3127	Surrey Hills	VIC	-37.8167	145.1
3127	Mont Albert	VIC	-37.8179	145.108
3127	Surrey Hills North	VIC	-37.8173	145.104
3012	Tottenham	VIC	-37.805	144.8574
3012	Brooklyn	VIC	-37.8161	144.8415
3012	Kingsville	VIC	-37.8082	144.8791
3012	West Footscray	VIC	-37.7975	144.8773
3012	Kingsville West	VIC	-37.8014	144.8658
3012	Maidstone	VIC	-37.7803	144.8735
3020	Sunshine West	VIC	-37.7912	144.8164
3020	Albion	VIC	-37.7802	144.8172
3020	Sunshine	VIC	-37.7833	144.8333
3020	Sunshine North	VIC	-37.7699	144.8279
3020	Glengala	VIC	-37.7811	144.8237
3021	Kealba	VIC	-37.7371	144.8283
3021	Kings Park	VIC	-37.734	144.7777
3021	Albanvale	VIC	-37.7461	144.7686
3021	St Albans	VIC	-37.745	144.8005
3022	Ardeer	VIC	-37.7759	144.8014
3022	Deer Park East	VIC	-37.7759	144.8014
3023	Burnside Heights	VIC	-37.7269	144.7523
3023	Burnside	VIC	-37.7494	144.753
3023	Ravenhall	VIC	-37.7655	144.751
3023	Caroline Springs	VIC	-37.7412	144.7363
3023	Cairnlea	VIC	-37.7593	144.7878
3023	Deer Park	VIC	-37.7672	144.7666
3023	Deer Park North	VIC	-37.7516	144.7578
3033	Keilor East	VIC	-37.7326	144.865
3037	Sydenham	VIC	-37.7	144.7667
3037	Plumpton	VIC	-37.687	144.6908
3037	Delahey	VIC	-37.7198	144.7773
3037	Taylors Hill	VIC	-37.7099	144.7548
3037	Hillside	VIC	-37.6905	144.7417
3037	Calder Park	VIC	-37.6798	144.7611
3038	Keilor Lodge	VIC	-37.7	144.8033
3038	Keilor Downs	VIC	-37.7234	144.8084
3038	Taylors Lakes	VIC	-37.6986	144.7863
3038	Watergardens	VIC	-37.7073	144.7993
3042	Airport West	VIC	-37.7247	144.8813
3042	Niddrie North	VIC	-37.7275	144.8759
3042	Keilor Park	VIC	-37.7203	144.8542
3042	Niddrie	VIC	-37.7375	144.8921
3043	Tullamarine	VIC	-37.7013	144.881
3043	Gowanbrae	VIC	-37.7082	144.8908
3043	Gladstone Park	VIC	-37.6874	144.8868
3427	Plumpton	VIC	-37.687	144.6908
3427	Diggers Rest	VIC	-37.626	144.7188
3478	Gowar East	VIC	-36.55	143.4167
3478	Stuart Mill	VIC	-36.8053	143.2862
3478	Warrenmang	VIC	-37.0333	143.3
3478	Avon Plains	VIC	-36.55	142.9333
3478	Moolerr	VIC	-36.6333	143.2167
3478	Medlyn	VIC	-36.6675	143.2134
3478	Gre Gre North	VIC	-36.5833	143.0667
3478	Percydale	VIC	-37.05	143.4
3478	Beazleys Bridge	VIC	-36.7	143.1667
3478	Carapooee	VIC	-36.7	143.3333
3478	Carapooee West	VIC	-36.728	143.2692
3478	Coonooer Bridge	VIC	-36.4667	143.3167
3478	Gre Gre	VIC	-36.6667	143.0667
3478	Gre Gre South	VIC	-36.6649	143.0114
3478	Kooreh	VIC	-36.6333	143.4
3478	Mitchells Hill	VIC	-36.6167	143
3478	Swanwater	VIC	-36.54	143.103
3478	Sutherland	VIC	-36.55	143.2
3478	St Arnaud North	VIC	-36.5723	143.213
3478	Tottington	VIC	-36.7833	143.1167
3478	Traynors Lagoon	VIC	-36.5833	143
3478	Tulkara	VIC	-36.6675	143.2134
3478	Slaty Creek	VIC	-36.55	143.3
3478	St Arnaud East	VIC	-36.616	143.31
3478	Gooroc	VIC	-36.4667	143.2
3478	Elberton	VIC	-36.6675	143.2134
3478	Darkbonee	VIC	-36.6675	143.2134
3478	Coonooer West	VIC	-36.6675	143.2134
3478	Berrimal West	VIC	-36.6675	143.2134
3478	Moonambel	VIC	-36.9833	143.3167
3478	Tanwood	VIC	-37.0137	143.361
3478	Yawong Hills	VIC	-36.6675	143.2134
3478	Dooboobetic	VIC	-36.3667	143.2
3478	St Arnaud	VIC	-36.6168	143.2587
3483	Narraport	VIC	-36	143.0333
3483	Birchip	VIC	-35.9838	142.9173
3483	Ballapur	VIC	-35.9667	142.7667
3483	Curyo	VIC	-35.8333	142.8
3483	Reedy Dam	VIC	-35.9667	142.65
3483	Birchip West	VIC	-35.9189	142.8641
3483	Marlbed	VIC	-35.9189	142.8641
3483	Kinnabulla	VIC	-35.8833	142.8
3483	Jil Jil	VIC	-35.8167	142.9667
3483	Karyrie	VIC	-35.9	142.85
3483	Whirily	VIC	-35.9199	142.9928
3485	Willangie	VIC	-35.756	142.8295
3485	Watchupga	VIC	-35.75	142.7167
3485	Banyan	VIC	-35.6333	142.75
3485	Woomelang	VIC	-35.6811	142.6617
3488	Turriff East	VIC	-35.4457	142.5815
3488	Turriff	VIC	-35.45	142.45
3488	Speed	VIC	-35.4	142.4333
3518	Kurraca West	VIC	-36.5	143.5667
3518	Wedderburn Junction	VIC	-36.4167	143.7
3518	Wedderburn	VIC	-36.419	143.6139
3518	Berrimal	VIC	-36.4833	143.4833
3518	Borung	VIC	-36.3	143.75
3518	Fiery Flat	VIC	-36.4	143.8
3518	Woosang	VIC	-36.3333	143.4833
3518	Richmond Plains	VIC	-36.3833	143.45
3518	Fentons Creek	VIC	-36.5667	143.5333
3518	Mysia	VIC	-36.2249	143.7533
3518	Wehla	VIC	-36.6041	143.6449
3518	Nine Mile	VIC	-36.4333	143.4833
3518	Skinners Flat	VIC	-36.4153	143.6211
3518	Fernihurst	VIC	-36.25	143.8667
3518	Kurraca	VIC	-36.5	143.5667
3518	Woolshed Flat	VIC	-36.4153	143.6211
3529	Kalpienung	VIC	-35.7826	143.2558
3529	Nullawil	VIC	-35.85	143.1833
3530	Sutton	VIC	-35.7333	143
3530	Warne	VIC	-35.7808	143.1242
3530	Wangie	VIC	-35.7436	143.0692
3530	Culgoa	VIC	-35.7167	143.0833
3531	Springfield	VIC	-37.3333	144.8167
3531	Boigbeat	VIC	-35.55	142.9167
3531	Berriwillock	VIC	-35.6333	143
3542	Tittybong	VIC	-35.7466	143.372
3542	Cokum	VIC	-35.7069	143.375
3542	Lalbert	VIC	-35.6672	143.3779
3542	Titybong	VIC	-35.7069	143.375
3544	Murnungin	VIC	-35.8967	143.5906
3544	Chinangin	VIC	-35.8967	143.5906
3544	Waitchie	VIC	-35.3667	143.0833
3544	Ultima East	VIC	-35.8967	143.5906
3544	Ultima	VIC	-35.468	143.2709
3544	Springfield	VIC	-37.3333	144.8167
3544	Gowanford	VIC	-35.4187	143.1916
3557	Barnadown	VIC	-36.6479	144.5262
3557	Goornong	VIC	-36.6165	144.5072
3557	Muskerry East	VIC	-36.6833	144.6333
3557	Fosterville	VIC	-36.7	144.5
3557	Muskerry	VIC	-36.7121	144.5271
3558	Runnymede	VIC	-36.4771	144.5858
3558	Hunter	VIC	-36.45	144.5167
3558	Elmore	VIC	-36.4946	144.6105
3558	Creek View	VIC	-36.4771	144.5858
3558	Burnewang	VIC	-36.4868	144.6303
3558	Corop West	VIC	-36.4771	144.5858
3561	The Settlement	VIC	-36.3289	144.6933
3561	Fairy Dell	VIC	-36.3333	144.75
3561	Bamawm	VIC	-36.2145	144.6089
3561	Rochester West	VIC	-36.3289	144.6933
3561	Timmering	VIC	-36.3667	144.9167
3561	Ballendella	VIC	-36.3	144.65
3561	Rochester	VIC	-36.3635	144.7008
3561	Nanneella	VIC	-36.3167	144.7833
3561	Bonn	VIC	-36.4109	144.7336
3561	Diggora West	VIC	-36.4167	144.5833
3561	Bamawm Extension	VIC	-36.2145	144.6089
3561	Diggora	VIC	-36.3522	144.5976
3562	Torrumbarry	VIC	-36.0231	144.5533
3563	Lockington	VIC	-36.2712	144.5373
3564	Roslynmead	VIC	-36.1306	144.5567
3564	Echuca Village	VIC	-36.1333	144.8167
3564	Kanyapella	VIC	-36.0996	144.9049
3564	Patho West	VIC	-36.1277	144.6747
3564	Wharparilla	VIC	-36.129	144.6289
3564	Mcevoys	VIC	-36.1277	144.6747
3564	Echuca East	VIC	-36.1277	144.6747
3564	Campaspe West	VIC	-36.1277	144.6747
3564	Patho	VIC	-36.0087	144.4304
3564	Echuca South	VIC	-36.1277	144.6747
3564	Simmie	VIC	-36.1277	144.6747
3564	Echuca West	VIC	-36.1651	144.6994
3564	Bamawm Extension	VIC	-36.2145	144.6089
3564	Echuca	VIC	-36.1406	144.7518
3565	Kotta	VIC	-36.2003	144.5363
3566	Gunbower	VIC	-35.9561	144.3692
3573	Pine Grove	VIC	-36.2333	144.4167
3573	Terrick Terrick East	VIC	-36.2359	144.238
3573	Pine Grove East	VIC	-36.2359	144.238
3573	Mitiamo	VIC	-36.2078	144.2306
3573	Calivil	VIC	-36.2667	144.0667
3621	Yambuna	VIC	-36.1531	144.9729
3621	Kyvalley	VIC	-36.2833	145
3621	Koyuga South	VIC	-36.2304	144.9764
3621	Ky Valley	VIC	-36.2304	144.9764
3621	Ky West	VIC	-36.2304	144.9764
3621	Tongala	VIC	-36.2547	144.9562
3622	Koyuga	VIC	-36.2207	144.8906
3622	Cornelia Creek	VIC	-36.2353	144.8203
3622	Strathallan	VIC	-36.25	144.75
3624	Girgarre	VIC	-36.3999	144.9496
3139	Yellingbo	VIC	-37.846	145.5291
3139	Don Valley	VIC	-37.7364	145.5923
3139	Hoddles Creek	VIC	-37.8333	145.5833
3139	Beenak	VIC	-37.9	145.6333
3139	Launching Place	VIC	-37.7806	145.5683
3139	Wandin East	VIC	-37.8151	145.458
3139	Seville East	VIC	-37.775	145.4973
3139	Wandin North	VIC	-37.7833	145.4333
3139	Seville	VIC	-37.798	145.4876
3139	Woori Yallock	VIC	-37.7806	145.5382
3159	Menzies Creek	VIC	-37.9167	145.4
3159	Selby	VIC	-37.9167	145.3833
3781	Cockatoo	VIC	-37.9368	145.4938
3781	Mount Burnett	VIC	-37.9833	145.5
3781	Nangana	VIC	-37.8667	145.5333
3783	Gembrook	VIC	-37.9532	145.5554
3791	Kallista	VIC	-37.8981	145.3823
3808	Dewhurst	VIC	-37.9801	145.4669
3808	Beaconsfield Upper	VIC	-37.9941	145.4142
3809	Officer South	VIC	-38.0863	145.4021
3809	Officer	VIC	-38.0592	145.4095
3810	Pakenham South	VIC	-38.1333	145.5167
3810	Pakenham	VIC	-38.0702	145.4741
3810	Pakenham Upper	VIC	-38.0167	145.5167
3810	Rythdale	VIC	-38.1409	145.4619
3812	Nar Nar Goon North	VIC	-38.0167	145.5667
3812	Maryknoll	VIC	-38.036	145.5948
3812	Nar Nar Goon	VIC	-38.0825	145.5701
3813	Tynong North	VIC	-38.0667	145.6167
3813	Tynong	VIC	-38.0834	145.6246
3814	Garfield North	VIC	-38.0474	145.6838
3814	Cora Lynn	VIC	-38.15	145.6
3814	Garfield	VIC	-38.0899	145.675
3814	Vervale	VIC	-38.1333	145.6667
3815	Tonimbuk	VIC	-38.0167	145.7333
3815	Iona	VIC	-38.1333	145.6833
3815	Bunyip North	VIC	-38.0634	145.7206
3815	Bunyip	VIC	-38.0979	145.7161
3816	Longwarry	VIC	-38.1128	145.7685
3816	Modella	VIC	-38.1833	145.7167
3816	Labertouche	VIC	-38.05	145.8
3816	Longwarry North	VIC	-38.0833	145.7667
3978	Clyde North	VIC	-38.1167	145.3333
3978	Cardinia	VIC	-38.15	145.4167
3978	Clyde	VIC	-38.1333	145.3333
3980	Tooradin	VIC	-38.2147	145.3833
3980	Blind Bight	VIC	-38.2143	145.3377
3980	Warneet	VIC	-38.2239	145.3089
3156	Lysterfield	VIC	-37.9333	145.3
3156	Lysterfield South	VIC	-37.9581	145.2727
3156	Mountain Gate	VIC	-37.9176	145.2951
3156	Upper Ferntree Gully	VIC	-37.8942	145.3124
3156	Ferntree Gully	VIC	-37.8846	145.2954
3175	Dandenong South	VIC	-37.9833	145.2
3175	Dandenong North	VIC	-37.9665	145.2081
3175	Dunearn	VIC	-37.9929	145.1988
3175	Dandenong East	VIC	-37.9929	145.1988
3175	Dandenong	VIC	-37.9833	145.2
3175	Bangholme	VIC	-38.0384	145.1869
3177	Eumemmerring	VIC	-37.9978	145.2482
3177	Doveton	VIC	-37.9935	145.2389
3802	Endeavour Hills	VIC	-37.977	145.2587
3803	Hallam	VIC	-38.0167	145.2667
3805	Fountain Gate	VIC	-38.0263	145.3069
3805	Narre Warren	VIC	-38.0333	145.3
3805	Narre Warren South	VIC	-38.0437	145.2923
3806	Berwick	VIC	-38.0333	145.35
3806	Harkaway	VIC	-38	145.35
3807	Guys Hill	VIC	-38.0161	145.3871
3807	Beaconsfield	VIC	-38.05	145.3667
3912	Pearcedale	VIC	-38.203	145.2349
3912	Somerville	VIC	-38.2167	145.1667
3976	Hampton Park	VIC	-38.0333	145.25
3364	Smokeytown	VIC	-37.3995	143.9184
3364	Glendonald	VIC	-37.3604	143.8444
3364	Kingston	VIC	-37.3799	143.9586
3364	Strathlea	VIC	-37.1333	143.9667
3364	Campbelltown	VIC	-37.2	143.95
3364	Cabbage Tree	VIC	-37.3434	143.9512
3364	Coghills Creek	VIC	-37.3833	143.7667
3364	Bald Hills	VIC	-37.4333	143.85
3364	Newlyn	VIC	-37.4167	143.9833
3364	Ascot	VIC	-37.4	143.8
3364	Kooroocheang	VIC	-37.2833	144.0333
3364	Mount Prospect	VIC	-37.3901	144.0567
3364	Barkstead	VIC	-37.4776	144.0994
3364	Springmount	VIC	-37.4167	143.9333
3364	Ullina	VIC	-37.2833	143.9
3364	Glendonnell	VIC	-37.3434	143.9512
3364	Allendale	VIC	-37.3667	143.9333
3364	Newlyn North	VIC	-37.4	144
3364	Blampied	VIC	-37.3667	144.05
3364	Smeaton	VIC	-37.3333	143.95
3364	Smokey Town	VIC	-37.3434	143.9512
3364	Lawrence	VIC	-37.3167	143.9
3364	Rocklyn	VIC	-37.4333	144.05
3364	Werona	VIC	-37.25	144.0333
3364	Joyces Creek	VIC	-37.0884	143.9879
3364	Broomfield	VIC	-37.3867	143.9119
3370	Glengower	VIC	-37.2167	143.8833
3370	Mount Cameron	VIC	-37.2649	143.8566
3370	Ullina	VIC	-37.2833	143.9
3370	Clunes	VIC	-37.2947	143.7864
3233	Skenes Creek	VIC	-38.7132	143.7102
3233	Cape Otway	VIC	-38.8525	143.524
3233	Skenes Creek North	VIC	-38.6958	143.7168
3233	Petticoat Creek	VIC	-38.7599	143.6558
3233	Apollo Bay	VIC	-38.7594	143.6722
3233	Marengo	VIC	-38.7783	143.6555
3234	Separation Creek	VIC	-38.5989	143.8937
3234	Sugarloaf	VIC	-37.1347	145.0372
3234	Grey River	VIC	-38.6814	143.8357
3234	Wongarra	VIC	-38.6756	143.7794
3234	Wye River	VIC	-38.6333	143.8833
3234	Kennett River	VIC	-38.6685	143.8584
3235	Pennyroyal	VIC	-38.4444	143.8766
3235	Benwerrin	VIC	-38.4858	143.9113
3235	Deans Marsh	VIC	-38.4	143.8667
3235	Boonah	VIC	-38.4277	143.9838
3236	Mount Sabine	VIC	-38.6341	143.7439
3236	Forrest	VIC	-38.5167	143.7167
3238	Lavers Hill	VIC	-38.6667	143.4
3238	Glenaire	VIC	-38.7767	143.4318
3238	Johanna	VIC	-38.7578	143.3773
3238	Hordern Vale	VIC	-38.7782	143.5004
3241	Wensleydale	VIC	-38.3738	144.052
3241	Bambra	VIC	-38.3667	143.9333
3241	Wurdiboluc	VIC	-38.3	144.05
3241	Winchelsea South	VIC	-38.3234	143.9833
3241	Ombersley	VIC	-38.2089	143.8805
3241	Winchelsea	VIC	-38.2448	143.9832
3243	Warncoort	VIC	-38.3167	143.7167
3243	Whoorel	VIC	-38.3667	143.8167
3243	Murroon	VIC	-38.4333	143.8167
3243	Gerangamete	VIC	-38.45	143.7333
3243	Barwon Downs	VIC	-38.4667	143.75
3250	Colac West	VIC	-38.4366	143.5651
3250	Colac East	VIC	-38.4175	143.4748
3250	Colac	VIC	-38.339	143.5849
3250	Elliminyt	VIC	-38.3711	143.58
3254	Cororooke	VIC	-38.2833	143.5167
3260	South Purrumbete	VIC	-38.3548	143.2003
3260	Pomborneit	VIC	-38.3	143.3
3260	Leslie Manor	VIC	-38.1333	143.3833
3260	Skibo	VIC	-38.2098	143.1275
3260	Koallah	VIC	-38.2974	143.2453
3260	Kariah	VIC	-38.1833	143.2167
3260	Camperdown	VIC	-38.2339	143.1498
3260	Pomborneit North	VIC	-38.2581	143.3009
3260	Bostocks Creek	VIC	-38.3	143.1167
3260	Tesbury	VIC	-38.2937	143.1636
3260	Tandarook	VIC	-38.2637	143.2199
3260	Carpendeit	VIC	-38.3833	143.2667
3260	Weerite	VIC	-38.25	143.25
3260	Chocolyn	VIC	-38.1938	143.2021
3260	Gnotuk	VIC	-38.2049	143.0749
3260	Stonyford	VIC	-38.3286	143.2735
3260	Bungador	VIC	-38.4119	143.3334
3260	Bookaar	VIC	-38.1463	143.1333
3266	Glenfyne	VIC	-38.4	142.9833
3266	Jancourt	VIC	-38.3667	143.1
3266	Jancourt East	VIC	-38.4158	143.1703
3266	Naroghid	VIC	-38.379	143.0793
3266	Cobden	VIC	-38.3286	143.0748
3266	Simpson	VIC	-38.5022	143.2501
3266	Bullaharre	VIC	-38.379	143.0793
3266	Cobrico	VIC	-38.3	143.0333
3266	Elingamite	VIC	-38.3688	143.0059
3266	Elingamite North	VIC	-38.35	143.0167
3321	Inverleigh	VIC	-38.1018	144.0513
3321	Wingeel	VIC	-38.0889	143.8525
3321	Hesse	VIC	-38.0953	143.9519
3329	Shelford	VIC	-38.0167	143.9667
3329	Barunah Plains	VIC	-38.0234	143.8601
3329	Barunah Park	VIC	-38.0234	143.8601
3237	Ferguson	VIC	-38.631	143.5258
3237	Gellibrand Lower	VIC	-38.716	143.2238
3237	Yuulong	VIC	-38.7423	143.3259
3237	Beech Forest	VIC	-38.6366	143.5678
3237	Aire Valley	VIC	-38.703	143.5728
3237	Weeaproinah	VIC	-38.6333	143.5
3237	Wyelangta	VIC	-38.6333	143.4667
3237	Wattle Hill	VIC	-38.755	143.254
3239	Kennedys Creek	VIC	-38.6	143.25
3239	Carlisle River	VIC	-38.5667	143.3833
3239	Gellibrand	VIC	-38.5167	143.5333
3239	Chapple Vale	VIC	-38.6333	143.3167
3249	Barongarook	VIC	-38.4167	143.6
3249	Yeodene	VIC	-38.4167	143.7
3249	Pomborneit East	VIC	-38.2866	143.3818
3249	Swan Marsh	VIC	-38.3667	143.3833
3249	Yeo	VIC	-38.3583	143.6388
3249	Balintore	VIC	-38.2825	143.5742
3249	Larpent	VIC	-38.35	143.5
3249	Warrion	VIC	-38.2333	143.5667
3249	Ondit	VIC	-38.25	143.6333
3249	Barongarook West	VIC	-38.4366	143.5651
3249	Gerangamete	VIC	-38.45	143.7333
3249	Pirron Yallock	VIC	-38.35	143.4333
3249	Nalangil	VIC	-38.3225	143.4592
3249	Tanybryn	VIC	-38.65	143.7167
3249	Dreeite South	VIC	-38.1992	143.4863
3249	Irrewillipe East	VIC	-38.4175	143.4748
3249	Alvie	VIC	-38.2333	143.5
3249	Barramunga	VIC	-38.5833	143.6833
3249	Irrewillipe	VIC	-38.4	143.4167
3249	Irrewarra	VIC	-38.3167	143.6333
3249	Coragulac	VIC	-38.2667	143.5333
3249	Wool Wool	VIC	-38.25	143.4167
3249	Corunnun	VIC	-38.2812	143.4914
3249	Dreeite	VIC	-38.1833	143.5167
3249	Kawarren	VIC	-38.4833	143.5833
3251	Beeac	VIC	-38.1938	143.6413
3251	Eurack	VIC	-38.15	143.7
3251	Weering	VIC	-38.0977	143.6948
3251	Cundare	VIC	-38.1352	143.5943
3251	Cundare North	VIC	-38.1167	143.5667
3265	Noorat East	VIC	-38.2432	142.8476
3265	Glenormiston	VIC	-38.1833	142.9667
3265	Panmure	VIC	-38.3333	142.7333
3265	The Sisters	VIC	-38.2	142.7833
3265	Taroon	VIC	-38.2432	142.8476
3265	Ecklin South	VIC	-38.4	142.9167
3265	Laang	VIC	-38.3667	142.8167
3265	Glenormiston North	VIC	-38.15	142.9833
3265	Cudgee	VIC	-38.35	142.65
3265	Ellerslie	VIC	-38.15	142.7
3265	Noorat	VIC	-38.1916	142.9287
3265	Kolora	VIC	-38.1333	142.9167
3265	Framlingham East	VIC	-38.2	142.7
3265	Framlingham	VIC	-38.2333	142.7167
3265	Glenormiston South	VIC	-38.1833	142.9667
3265	Dixie	VIC	-38.3	142.9333
3265	Boorcan	VIC	-38.2167	143.0167
3265	Garvoc	VIC	-38.3	142.8333
3267	Scotts Creek	VIC	-38.4333	143.05
3269	Port Campbell	VIC	-38.6192	142.9958
3269	Princetown	VIC	-38.6912	143.1557
3269	Waarre	VIC	-38.6552	143.0758
3270	Peterborough	VIC	-38.6035	142.8733
3322	Cressy	VIC	-38.0333	143.6333
3325	Larralea	VIC	-37.8715	143.1957
3325	Derrinallum	VIC	-37.9479	143.2203
3325	Vite Vite	VIC	-37.8833	143.1667
3325	Vite Vite North	VIC	-37.7833	143.2
3352	Lamplough	VIC	-37.1333	143.5167
3352	Cardigan	VIC	-37.5333	143.75
3352	Bonshaw	VIC	-37.604	143.8226
3352	Ercildoune	VIC	-37.4193	143.5684
3352	Bullarook	VIC	-37.5277	143.9976
3352	Mitchell Park	VIC	-37.5069	143.7798
3352	Sulky	VIC	-37.4658	143.8528
3352	Warrenheip	VIC	-37.5667	143.9333
3352	Langi Kal Kal	VIC	-37.3798	143.4973
3352	Chapel Flat	VIC	-37.5533	143.8445
3352	Barkstead	VIC	-37.4776	144.0994
3352	Scotsburn	VIC	-37.6667	143.9333
3352	Scotchmans Lead	VIC	-37.6609	143.8438
3352	Cambrian Hill	VIC	-37.637	143.8172
3352	Miners Rest	VIC	-37.4808	143.8011
3352	Mount Rowan	VIC	-37.5	143.85
3352	Claretown	VIC	-37.5251	144.0286
3352	Glenbrae	VIC	-37.35	143.5667
3352	Werneth	VIC	-37.95	143.6167
3352	Waubra	VIC	-37.3667	143.65
3352	Windermere	VIC	-37.4833	143.7167
3352	Lexton	VIC	-37.2667	143.5167
3352	Dunnstown	VIC	-37.6	143.9833
3352	Lal Lal	VIC	-37.6833	144.0333
3352	Wattle Flat	VIC	-37.4667	143.95
3352	Mount Bolton	VIC	-37.5533	143.8445
3352	Millbrook	VIC	-37.5833	144.05
3352	Bunkers Hill	VIC	-37.5716	143.746
3352	Mount Mitchell	VIC	-37.5533	143.8445
3352	Gong Gong	VIC	-37.55	143.9333
3352	Pootilla	VIC	-37.5167	143.9667
3352	Clarkes Hill	VIC	-37.4833	143.9833
3352	Leigh Creek	VIC	-37.5612	143.9608
3352	Magpie	VIC	-37.6167	143.85
3352	Invermay	VIC	-37.5164	143.8818
3352	Bolwarrah	VIC	-37.5167	144.1
3352	Cardigan Village	VIC	-37.5167	143.7138
3352	Blowhard	VIC	-37.4333	143.8
3352	Grenville	VIC	-37.7667	143.8833
3352	Corindhap	VIC	-37.8833	143.7333
3352	Learmonth	VIC	-37.4188	143.7122
3352	Glen Park	VIC	-37.5167	143.9333
3352	Napoleons	VIC	-37.6667	143.8333
3352	Wallace	VIC	-37.55	144.05
3352	Yendon	VIC	-37.6333	143.9667
3352	Addington	VIC	-37.3833	143.6833
3352	Durham Lead	VIC	-37.7	143.8833
3352	Garibaldi	VIC	-37.731	143.857
3352	Mount Mercer	VIC	-37.8167	143.85
3352	Weatherboard	VIC	-37.4333	143.6667
3352	Springbank	VIC	-37.531	144.0574
3352	Brewster	VIC	-37.4833	143.5167
3352	Navigators	VIC	-37.6167	143.9333
3352	Mollongghip	VIC	-37.4833	144.0333
3352	Clarendon	VIC	-37.7	143.9667
3352	Dereel	VIC	-37.8167	143.7667
3352	Enfield	VIC	-37.7281	143.7945
3352	Bungaree	VIC	-37.5667	144
3352	Ballarat Roadside Delivery	VIC	-37.5533	143.8445
3352	Mount Egerton	VIC	-37.6333	144.1
3352	Burrumbeet	VIC	-37.4667	143.6667
3352	Dean	VIC	-37.45	143.9833
3360	Mannibadar	VIC	-37.7667	143.5
3360	Pittong	VIC	-37.6667	143.4833
3360	Happy Valley	VIC	-37.7167	143.6
3360	Linton	VIC	-37.6863	143.5629
3360	Willowvale	VIC	-37.8544	143.4654
3058	Coburg	VIC	-37.75	144.9667
3058	Batman	VIC	-37.7393	144.964
3058	Merlynston	VIC	-37.7393	144.964
3058	Moreland	VIC	-37.7393	144.964
3058	Coburg North	VIC	-37.7287	144.9613
3071	Thornbury	VIC	-37.7582	145.0058
3072	Preston	VIC	-37.75	145.0167
3072	Preston Lower	VIC	-37.75	145.0167
3072	Gilberton	VIC	-37.75	145.0167
3072	Sylvester	VIC	-37.75	145.0167
3072	Regent West	VIC	-37.75	145.0167
3072	Preston West	VIC	-37.75	145.0167
3072	Northland Centre	VIC	-37.75	145.0167
3072	Preston South	VIC	-37.75	145.0167
3073	Reservoir North	VIC	-37.7083	145.0083
3073	Reservoir South	VIC	-37.7083	145.0083
3073	Reservoir East	VIC	-37.7083	145.0083
3073	Reservoir	VIC	-37.7167	145
3073	Keon Park	VIC	-37.7	145.0167
3083	Kingsbury	VIC	-37.7141	145.0351
3083	Bundoora	VIC	-37.6982	145.0597
3083	La Trobe University	VIC	-37.7062	145.0474
3085	Yallambie	VIC	-37.7251	145.0935
3085	Macleod West	VIC	-37.7241	145.0833
3085	Macleod	VIC	-37.723	145.073
3086	La Trobe University	VIC	-37.7179	145.0818
3689	Wodonga	VIC	-36.1218	146.8881
3699	Mount Beauty	VIC	-36.7363	147.1753
3699	Bogong	VIC	-36.8047	147.2237
3699	Falls Creek	VIC	-36.8653	147.2778
3699	Nelse	VIC	-36.8021	147.2256
3701	Tallandoon	VIC	-36.4006	147.2239
3701	Mitta Mitta	VIC	-36.55	147.3833
3701	Granya	VIC	-36.1085	147.3201
3701	Shelley	VIC	-36.3667	147.3299
3701	Fernvale	VIC	-36.3667	147.3299
3701	Tallangatta Valley	VIC	-36.2936	147.389
3701	Tallangatta South	VIC	-36.3667	147.3299
3701	Granite Flat	VIC	-36.3667	147.3299
3701	Old Tallangatta	VIC	-36.2011	147.2482
3701	Dartmouth	VIC	-36.5462	147.5116
3701	Eskdale	VIC	-36.4667	147.2333
3707	Colac Colac	VIC	-36.2129	147.8326
3707	Towong Upper	VIC	-36.2025	148.0261
3707	Corryong	VIC	-36.197	147.9026
3707	Towong	VIC	-36.1266	147.9808
3707	Biggara	VIC	-36.2814	148.0298
3707	Tom Groggin	VIC	-36.5192	148.127
3707	Nariel Valley	VIC	-36.329	147.8338
3707	Thowgla Valley	VIC	-36.2418	147.9483
3865	Lindenow	VIC	-37.8005	147.4598
3875	Mount Taylor	VIC	-37.7437	147.5994
3875	Bairnsdale	VIC	-37.8229	147.6104
3875	Fairy Dell	VIC	-36.3333	144.75
3875	Eastwood	VIC	-37.6857	147.3771
3875	Merrijig	VIC	-37.1	146.25
3875	Granite Rock	VIC	-37.7569	147.672
3875	Forge Creek	VIC	-37.9	147.6333
3875	Goon Nure	VIC	-37.9778	147.5882
3875	Tabberabbera	VIC	-37.5565	147.371
3875	Calulu	VIC	-37.7816	147.51
3875	Woodglen	VIC	-37.7767	147.3899
3875	Ellaswood	VIC	-37.7847	147.5793
3875	Melwood	VIC	-37.7431	147.5044
3875	Hollands Landing	VIC	-38.049	147.46
3875	Clifton Creek	VIC	-37.7078	147.6658
3875	Walpa	VIC	-37.7943	147.3941
3875	Sarsfield	VIC	-37.75	147.7167
3875	Banksia Peninsula	VIC	-37.9531	147.672
3875	Waterholes	VIC	-37.6467	147.7232
3875	Broadlands	VIC	-37.6857	147.3771
3875	Wy Yung	VIC	-37.8	147.5833
3875	Marthavale	VIC	-37.6857	147.3771
3875	Bullumwaal	VIC	-37.6333	147.5333
3875	Newlands Arm	VIC	-37.929	147.692
3875	Hillside	VIC	-37.8333	147.5
3875	Lindenow South	VIC	-37.8167	147.4333
3875	Wentworth	VIC	-37.6857	147.3771
3875	Flaggy Creek	VIC	-37.7564	147.4835
3875	Ryans	VIC	-36.6368	146.1925
3875	Wuk Wuk	VIC	-37.7667	147.4333
3875	Bengworden	VIC	-37.9833	147.4667
3875	East Bairnsdale	VIC	-37.8229	147.6104
3875	Lucknow	VIC	-37.8167	147.65
3875	Iguana Creek	VIC	-37.7007	147.322
3875	Deptford	VIC	-37.5833	147.7
3878	Eagle Point	VIC	-37.9	147.6833
3882	Nicholson	VIC	-37.8167	147.7333
3885	Tambo Upper	VIC	-37.767	147.843
3885	Suggan Buggan	VIC	-36.9556	148.3276
3885	Gelantipy	VIC	-37.1833	148.2833
3885	Bruthen	VIC	-37.7067	147.831
3885	Mossiface	VIC	-37.7415	147.8159
3885	Butchers Ridge	VIC	-37.2583	148.2443
3885	Buchan South	VIC	-37.5667	148.1167
3885	Wulgulmerang	VIC	-37.028	148.3021
3885	Wulgulmerang East	VIC	-37.028	148.3021
3885	Brumby	VIC	-37.3989	148.115
3885	Murrindal	VIC	-37.4167	148.2
3885	Buchan	VIC	-37.5	148.1833
3885	W Tree	VIC	-37.3226	148.2402
3885	Wiseleigh	VIC	-37.7117	147.8056
3885	Wulgulmerang West	VIC	-37.3989	148.115
3885	Timbarra	VIC	-37.3989	148.115
3885	Yalmy	VIC	-37.3989	148.115
3886	Newmerella	VIC	-37.753	148.4549
3887	Wairewa	VIC	-37.6892	148.1693
3887	Lake Tyers	VIC	-37.841	148.121
3887	Nowa Nowa	VIC	-37.7167	148.1
3888	Dellicknora	VIC	-37.1	148.7
3888	Omeo Valley	VIC	-36.9545	147.6364
3888	Brodribb River	VIC	-37.7	148.5667
3888	Cabanandra	VIC	-37.4284	148.4846
3888	Lochend	VIC	-37.4284	148.4846
3888	Tubbut	VIC	-37.0926	148.5976
3888	Delegate River	VIC	-37.0619	148.8009
3888	Haydens Bog	VIC	-37.4284	148.4846
3888	Bete Bolong North	VIC	-37.5845	148.2911
3888	Simpsons Creek	VIC	-37.7439	148.35
3888	Bonang	VIC	-37.167	148.648
3888	Deddick Valley	VIC	-37.0507	148.5321
3888	Bete Bolong	VIC	-37.6858	148.3833
3888	Waygara	VIC	-37.7333	148.3167
3888	Cape Conran	VIC	-37.4284	148.4846
3888	Wombat Creek	VIC	-37.4284	148.4846
3888	Nurran	VIC	-37.4284	148.4846
3888	Marlo	VIC	-37.7962	148.5319
3888	Goongerah	VIC	-37.3321	148.6943
3888	Martins Creek	VIC	-37.4284	148.4846
3888	Tostaree	VIC	-37.75	148.1667
3888	Jarrahmond	VIC	-37.6984	148.4064
3888	Corringle	VIC	-37.7833	148.445
3888	Orbost	VIC	-37.6964	148.457
3888	Delegate River East	VIC	-37.0619	148.8009
3888	Bendoc	VIC	-37.1469	148.8825
3889	Combienbar	VIC	-37.3833	149.0167
3889	Bellbird Creek	VIC	-37.5885	148.8611
3889	Cabbage Tree Creek	VIC	-37.6967	148.7197
3889	Bemm River	VIC	-37.7582	148.9692
3889	Club Terrace	VIC	-37.5333	148.95
3889	Errinundra	VIC	-37.4837	148.7164
3889	Bell Bird Creek	VIC	-37.5885	148.8611
3889	Manorina	VIC	-37.6756	148.7948
3890	Chandlers Creek	VIC	-37.3238	149.309
3890	Tamboon	VIC	-37.7393	149.1419
3890	Noorinbee North	VIC	-37.4235	149.1976
3890	Tonghi Creek	VIC	-37.5638	149.0588
3890	Noorinbee	VIC	-37.5167	149.1667
3890	Cann River	VIC	-37.5658	149.151
3890	Weeragua	VIC	-37.4855	149.1668
3890	Buldah	VIC	-37.2655	149.1431
3891	Wallagaraugh	VIC	-37.4838	149.573
3891	Genoa	VIC	-37.4833	149.5833
3891	Wroxham	VIC	-37.4838	149.573
3891	Gipsy Point	VIC	-37.4893	149.6886
3891	Wingan River	VIC	-37.5338	149.3932
3891	Wangarabell	VIC	-37.4838	149.573
3891	Maramingo Creek	VIC	-37.4286	149.6268
3892	Mallacoota	VIC	-37.559	149.7541
3893	Double Bridges	VIC	-37.4667	147.7917
3893	Tambo Crossing	VIC	-37.5	147.8333
3893	Stirling	VIC	-37.4333	147.75
3895	Ensay North	VIC	-37.3254	147.8373
3895	Doctors Flat	VIC	-37.3	147.75
3895	Ensay	VIC	-37.3738	147.8243
3895	Reedy Creek	VIC	-37.2667	145.1333
3895	Reedy Flat	VIC	-37.4	147.9
3896	Nunniong	VIC	-37.2201	147.7201
3896	Tongio	VIC	-37.1833	147.7333
3896	Bindi	VIC	-37.1136	147.8137
3896	Swifts Creek	VIC	-37.25	147.7167
3896	Brookville	VIC	-37.3333	147.6167
3902	Johnsonville	VIC	-37.8167	147.8
3902	Bumberrah	VIC	-37.8	147.8333
3903	Swan Reach	VIC	-37.8333	147.8667
3904	Metung	VIC	-37.8915	147.853
3909	Nyerimilang	VIC	-37.8664	147.9857
3909	Lakes Entrance	VIC	-37.8668	148.0016
3909	Toorloo Arm	VIC	-37.8664	147.9857
3909	Nungurner	VIC	-37.8819	147.8858
3909	Kalimna West	VIC	-37.8568	147.9522
3909	Lake Bunga	VIC	-37.8612	148.0389
3909	Kalimna	VIC	-37.8701	147.9666
3909	Lake Tyers Beach	VIC	-37.8618	148.0692
3198	Seaford	VIC	-38.1	145.1333
3198	Belvedere Park	VIC	-38.1	145.1333
3199	Frankston East	VIC	-38.1333	145.1333
3199	Karingal	VIC	-38.148	145.1309
3199	Frankston Heights	VIC	-38.148	145.1309
3199	Frankston South	VIC	-38.166	145.1364
3199	Karingal Centre	VIC	-38.148	145.1309
3199	Frankston	VIC	-38.1446	145.1229
3200	Frankston North	VIC	-38.1235	145.1484
3200	Pines Forest	VIC	-38.1235	145.1484
3201	Carrum Downs	VIC	-38.0997	145.1725
3910	Langwarrin	VIC	-38.1667	145.1667
3911	Langwarrin South	VIC	-38.1895	145.1935
3911	Baxter	VIC	-38.2	145.15
3977	Skye	VIC	-38.1051	145.2163
3977	Sandhurst	VIC	-38.081	145.2077
3977	Cranbourne East	VIC	-38.1153	145.2981
3977	Cranbourne South	VIC	-38.135	145.2396
3977	Five Ways	VIC	-38.1667	145.3167
3977	Devon Meadows	VIC	-38.1667	145.3
3977	Cranbourne	VIC	-38.1134	145.2833
3977	Cranbourne North	VIC	-38.0776	145.2987
3977	Junction Village	VIC	-38.1364	145.2968
3977	Cannons Creek	VIC	-38.2122	145.3153
3977	Cranbourne West	VIC	-38.0965	145.2671
3977	Botanic Ridge	VIC	-38.144	145.268
3537	Canary Island	VIC	-35.9917	143.843
3537	Barraport	VIC	-36.0078	143.6709
3537	Gredgwin	VIC	-35.9694	143.6191
3537	Leaghur	VIC	-35.9637	143.7847
3537	Barraport West	VIC	-36.0297	143.7263
3537	Boort	VIC	-36.1157	143.7199
3537	Yando	VIC	-36.0789	143.8058
3537	Catumnal	VIC	-36.0699	143.6155
3537	Minmindie	VIC	-36.0402	143.7511
3540	Cannie	VIC	-35.754	143.4485
3540	Quambatook	VIC	-35.8524	143.5207
3540	Oakvale	VIC	-35.9109	143.5635
3540	Ninyeunook	VIC	-35.9871	143.4019
3568	Mead	VIC	-35.8117	144.1181
3568	Burkes Bridge	VIC	-35.8527	144.3205
3568	Wee Wee Rup	VIC	-35.8198	144.1982
3568	Cohuna	VIC	-35.807	144.2189
3568	Daltons Bridge	VIC	-35.8314	144.2861
3568	Mcmillans	VIC	-35.8333	144.15
3568	Mincha West	VIC	-35.8198	144.1982
3568	Gannawarra	VIC	-35.7333	144.15
3568	Keely	VIC	-35.85	144.25
3568	Macorna North	VIC	-35.8391	144.0922
3568	Cullen	VIC	-35.8198	144.1982
3580	Koondrook	VIC	-35.6318	144.1248
3581	Lake Charm	VIC	-35.65	143.7833
3581	Beauchamp	VIC	-35.6082	143.5719
3585	Chillingollah	VIC	-35.25	143.05
3585	Swan Hill West	VIC	-35.4073	143.4315
3585	Fish Point	VIC	-35.4354	143.7268
3585	Polisbet	VIC	-35.4073	143.4315
3585	Speewa	VIC	-35.4073	143.4315
3585	Swan Hill Pioneer	VIC	-35.4073	143.4315
3585	Nowie	VIC	-35.3681	143.2739
3585	Swan Hill	VIC	-35.3378	143.5544
3585	Nyrraby	VIC	-35.4073	143.4315
3585	Winlaton	VIC	-35.4073	143.4315
3585	Kunat	VIC	-35.5412	143.4973
3585	Goschen	VIC	-35.4833	143.4667
3585	Pira	VIC	-35.2558	143.3676
3585	Castle Donnington	VIC	-35.4225	143.6037
3585	Meatian	VIC	-35.5715	143.3427
3145	Caulfield East	VIC	-37.8812	145.0421
3145	Wattletree Road Po	VIC	-37.8776	145.0423
3145	Malvern East	VIC	-37.874	145.0425
3145	Darling South	VIC	-37.8776	145.0423
3145	Central Park	VIC	-37.8776	145.0423
3145	Darling	VIC	-37.8776	145.0423
3161	Caulfield Junction	VIC	-37.8739	145.0249
3161	Caulfield North	VIC	-37.8739	145.0249
3162	Caulfield	VIC	-37.8825	145.0229
3162	Hopetoun Gardens	VIC	-37.8891	145.0244
3162	Caulfield South	VIC	-37.8956	145.026
3163	Booran Road Po	VIC	-37.8946	145.0576
3163	Glen Huntly	VIC	-37.8924	145.0414
3163	Murrumbeena	VIC	-37.8977	145.0762
3163	Carnegie	VIC	-37.8936	145.0553
3165	Coatesville	VIC	-37.9193	145.053
3165	Bentleigh East	VIC	-37.9193	145.053
3183	St Kilda East	VIC	-37.8659	145.0002
3183	Balaclava	VIC	-37.8667	145
3187	Brighton East	VIC	-37.9023	145.0173
3187	North Road	VIC	-37.9667	145.0167
3204	Mckinnon	VIC	-37.911	145.038
3204	Ormond	VIC	-37.9	145.0333
3204	Patterson	VIC	-38.0693	145.1433
3204	Bentleigh	VIC	-37.9181	145.0354
3292	Nelson	VIC	-38.05	141.0167
3301	Buckley Swamp	VIC	-37.8587	142.0801
3301	Hensley Park	VIC	-37.6155	142.0149
3301	Tarrington	VIC	-37.7667	142.1
3301	Wannon	VIC	-37.6667	141.8333
3301	Byaduk	VIC	-37.9523	141.9552
3301	Strathkellar	VIC	-37.7	142.1
3301	Yatchaw	VIC	-37.8167	142.1
3301	Bochara	VIC	-37.7	141.9333
3301	Warrayure	VIC	-37.7168	142.1793
3301	Yulecart	VIC	-37.7516	141.956
3301	Tahara	VIC	-37.7333	141.7
3301	Mount Napier	VIC	-37.7805	142.0042
3301	Croxton East	VIC	-37.8	142.2167
3301	Broadwater	VIC	-38.1253	142.0497
3301	Morgiana	VIC	-37.7241	141.8396
3302	Grassdale	VIC	-37.8	141.65
3302	Branxholme	VIC	-37.8667	141.8
3305	Portland North	VIC	-38.3085	141.5707
3305	Dutton Way	VIC	-38.2971	141.6236
3305	Gorae West	VIC	-38.25	141.4833
3305	Cashmore	VIC	-38.3116	141.4774
3305	Portland	VIC	-38.3462	141.6026
3305	Allestree	VIC	-38.2833	141.65
3305	Cape Bridgewater	VIC	-38.3705	141.3995
3305	Gorae	VIC	-38.2333	141.55
3305	Mount Richmond	VIC	-38.2019	141.3416
3305	Bolwarra	VIC	-38.2833	141.6167
3305	Heathmere	VIC	-38.2167	141.6167
3305	Portland West	VIC	-38.354	141.574
3309	Digby	VIC	-37.8	141.5333
3310	Tahara West	VIC	-37.7222	141.6193
3310	Merino	VIC	-37.7205	141.5483
3311	Puralka	VIC	-37.8167	141.0833
3311	Heath Field	VIC	-37.7008	141.2432
3311	Corndale	VIC	-37.7008	141.2432
3311	Casterton	VIC	-37.5849	141.403
3213	Lovely Banks	VIC	-38.0667	144.3333
3213	Anakie	VIC	-37.9167	144.25
3213	Moorabool	VIC	-38.0498	144.2881
3213	Batesford	VIC	-38.088	144.2785
3218	Manifold Heights	VIC	-38.1376	144.3337
3218	Herne Hill	VIC	-38.1343	144.3241
3218	Geelong West	VIC	-38.1389	144.3484
3218	Fyansford	VIC	-38.1333	144.3167
3218	Stonehaven	VIC	-38.1236	144.2291
3218	Murgheboluc	VIC	-38.0833	144.1333
3323	Foxhow	VIC	-38.05	143.4667
3323	Duverney	VIC	-38.0167	143.5667
3323	Berrybank	VIC	-37.9833	143.4833
3324	Mount Bute	VIC	-37.8667	143.4167
3324	Lismore	VIC	-37.9527	143.3378
3324	Mingay	VIC	-37.8333	143.3167
3328	Teesdale	VIC	-38.0333	144.05
3330	Rokewood	VIC	-37.9	143.7167
3331	Steiglitz	VIC	-37.8833	144.1833
3331	Gheringhap	VIC	-38.0833	144.2333
3331	She Oaks	VIC	-37.9	144.1333
3331	Bannockburn	VIC	-38.0489	144.1688
3331	Maude	VIC	-37.95	144.1667
3331	Russells Bridge	VIC	-38.0161	144.1806
3331	Sutherlands Creek	VIC	-38.0346	144.2163
3332	Lethbridge	VIC	-37.9657	144.1357
3334	Bungal	VIC	-37.772	144.0359
3334	Cargerie	VIC	-37.8	143.9667
3334	Morrisons	VIC	-37.7833	144.1
3334	Mount Doran	VIC	-37.7214	144.0437
3334	Elaine	VIC	-37.7833	144.0333
3342	Ballan	VIC	-37.5999	144.2289
3342	Ingliston	VIC	-37.65	144.3
3342	Bunding	VIC	-37.5167	144.1667
3342	Mount Wallace	VIC	-37.75	144.2167
3342	Beremboke	VIC	-37.7833	144.25
3342	Colbrook	VIC	-37.6371	144.2281
3342	Durdidwarrah	VIC	-37.6371	144.2281
3342	Blakeville	VIC	-37.4776	144.2081
3342	Fiskville	VIC	-37.6819	144.2264
3453	Harcourt North	VIC	-36.9386	144.2837
3453	Ravenswood	VIC	-36.9	144.2167
3453	Harcourt	VIC	-36.9998	144.2599
3453	Ravenswood South	VIC	-36.9397	144.213
3516	Bridgewater North	VIC	-36.5521	143.9994
3516	Yarraberb	VIC	-36.5746	144.064
3516	Bridgewater	VIC	-36.6027	143.9423
3516	Derby	VIC	-36.65	144.0167
3516	Leichardt	VIC	-36.6833	144.0667
3516	Bridgewater On Loddon	VIC	-36.6072	143.9327
3550	Spring Gully	VIC	-36.7256	144.3174
3550	West Bendigo	VIC	-36.4167	144.5833
3550	Kennington	VIC	-36.7713	144.303
3550	Diamond Hill	VIC	-36.7256	144.3174
3550	Ironbark	VIC	-36.7548	144.2638
3550	Long Gully	VIC	-36.7431	144.2579
3550	White Hills	VIC	-36.7287	144.3053
3550	Flora Hill	VIC	-36.7812	144.2956
3550	Sandhurst East	VIC	-36.7256	144.3174
3550	Bendigo South	VIC	-36.7256	144.3174
3550	Quarry Hill	VIC	-36.7765	144.2802
3550	Tysons Reef	VIC	-36.7256	144.3174
3550	North Bendigo	VIC	-36.7436	144.2879
3550	Strathdale	VIC	-36.7657	144.3155
3550	Bendigo	VIC	-36.7582	144.2802
3550	East Bendigo	VIC	-36.7416	144.3189
3554	Bendigo Dc	VIC	-36.7114	144.3417
3555	Big Hill	VIC	-36.7862	144.2561
3555	Kangaroo Flat	VIC	-36.8	144.25
3555	Lansell Plaza	VIC	-36.7862	144.2561
3555	Specimen Hill	VIC	-36.7862	144.2561
3555	Golden Square	VIC	-36.7726	144.2527
3555	Golden Gully	VIC	-36.7859	144.2655
3559	Burramboot	VIC	-36.5295	144.789
3559	Mayreef	VIC	-36.5333	144.5
3559	Gobarup	VIC	-36.6791	144.9186
3559	Lyndale	VIC	-36.557	144.7318
3559	Corop	VIC	-36.4667	144.8
3559	Runnymede	VIC	-36.557	144.7318
3559	Avonmore	VIC	-36.5333	144.5667
3559	Colbinabbin	VIC	-36.6	144.8167
3164	Dandenong South	VIC	-37.9833	145.2
3171	Sandown Village	VIC	-37.9485	145.1527
3171	Springvale	VIC	-37.9485	145.1527
3173	Keysborough	VIC	-37.9912	145.1739
3174	Noble Park East	VIC	-37.9582	145.1796
3174	Noble Park	VIC	-37.9667	145.1667
3174	Noble Park North	VIC	-37.9498	145.1926
3502	Mildura	VIC	-34.1855	142.1625
3975	Lyndhurst	VIC	-38.065	145.2268
3975	Lynbrook	VIC	-38.0559	145.2562
8785	Dandenong South	VIC	-37.9833	145.2
8785	Dandenong	VIC	-37.9833	145.2
3211	Little River	VIC	-37.9667	144.5
3212	Avalon	VIC	-38.0391	144.4229
3212	Lara	VIC	-38.0239	144.4062
3212	Point Wilson	VIC	-38.0416	144.5187
3214	North Shore	VIC	-38.1	144.3667
3214	Corio	VIC	-38.0833	144.3833
3214	Norlane	VIC	-38.1014	144.3542
3215	Hamlyn Heights	VIC	-38.1211	144.328
3215	Rippleside	VIC	-38.1257	144.355
3215	Bell Park	VIC	-38.1079	144.3384
3215	Bell Post Hill	VIC	-38.0956	144.3197
3215	Geelong North	VIC	-38.115	144.341
3215	North Geelong	VIC	-38.1095	144.3513
3215	Drumcondra	VIC	-38.1302	144.3538
3216	Grovedale East	VIC	-38.2057	144.3224
3216	Grovedale	VIC	-38.2	144.35
3216	Waurn Ponds	VIC	-38.2167	144.2833
3216	Belmont	VIC	-38.1748	144.3428
3216	Wandana Heights	VIC	-38.1758	144.3039
3216	Mount Duneed	VIC	-38.2409	144.3375
3216	Highton	VIC	-38.1706	144.3114
3216	Marshall	VIC	-38.2	144.3667
3216	Freshwater Creek	VIC	-38.2667	144.2833
3219	East Geelong	VIC	-38.1557	144.372
3219	Breakwater	VIC	-38.1799	144.3676
3219	St Albans Park	VIC	-38.188	144.3921
3219	Thomson	VIC	-38.1698	144.3789
3219	Newcomb	VIC	-38.1662	144.3943
3219	Whittington	VIC	-38.1808	144.3932
3220	Geelong	VIC	-38.1471	144.3607
3220	Bareena	VIC	-38.1543	144.3505
3220	Newtown	VIC	-38.1539	144.3351
3220	South Geelong	VIC	-38.1619	144.3556
3221	Wallington	VIC	-38.2264	144.512
3221	Grey River	VIC	-38.6814	143.8357
3221	Staughton Vale	VIC	-37.847	144.2576
3221	Anakie	VIC	-37.9167	144.25
3221	Murgheboluc	VIC	-38.0833	144.1333
3221	Barrabool	VIC	-38.1667	144.2263
3221	Moolap	VIC	-38.1833	144.4333
3221	Kennett River	VIC	-38.6685	143.8584
3221	Wongarra	VIC	-38.6756	143.7794
3221	Stonehaven	VIC	-38.1236	144.2291
3221	Moorabool	VIC	-38.0498	144.2881
3221	Lovely Banks	VIC	-38.0667	144.3333
3221	Fyansford	VIC	-38.1333	144.3167
3221	Bellarine	VIC	-38.1333	144.6167
3221	Wye River	VIC	-38.6333	143.8833
3221	Ceres	VIC	-38.1667	144.2667
3221	Sugarloaf	VIC	-37.1347	145.0372
3221	Separation Creek	VIC	-38.5989	143.8937
3221	Batesford	VIC	-38.088	144.2785
3221	Gnarwarre	VIC	-38.1667	144.15
3221	Geelong Mc	VIC	-38.1872	144.229
3222	Marcus Hill	VIC	-38.25	144.5667
3222	Clifton Springs	VIC	-38.1567	144.5551
3222	Mannerim	VIC	-38.2167	144.5833
3222	Curlewis	VIC	-38.1765	144.5234
3222	Wallington	VIC	-38.2264	144.512
3222	Drysdale	VIC	-38.1724	144.5699
3223	Portarlington	VIC	-38.1154	144.6556
3223	Indented Head	VIC	-38.1431	144.7134
3223	St Leonards	VIC	-38.1705	144.718
3223	Bellarine	VIC	-38.1333	144.6167
3224	Leopold	VIC	-38.19	144.4682
3224	Moolap	VIC	-38.1833	144.4333
3225	Point Lonsdale	VIC	-38.2817	144.6105
3225	Swan Island	VIC	-35.4034	143.6912
3225	Swan Bay	VIC	-37.3177	144.3212
3225	Queenscliff	VIC	-38.2679	144.6619
3226	Ocean Grove	VIC	-38.2745	144.4885
3608	Nagambie	VIC	-36.7851	145.1537
3608	Graytown	VIC	-36.8167	144.95
3608	Kirwans Bridge	VIC	-36.7386	145.1358
3608	Wirrate	VIC	-36.7704	144.9821
3608	Goulburn Weir	VIC	-36.7167	145.1833
3608	Bailieston	VIC	-36.7333	145.05
3608	Wahring	VIC	-36.7167	145.2167
3608	Mitchellstown	VIC	-36.85	145.0667
3614	Toolamba	VIC	-36.5	145.35
3614	Toolamba West	VIC	-36.4807	145.2704
3616	Cooma	VIC	-36.4167	145.0667
3616	Mooroopna North West	VIC	-36.3514	145.2473
3616	Tatura East	VIC	-36.4416	145.2985
3616	Gillieston	VIC	-36.3167	145.2167
3616	Waranga	VIC	-36.6	145.1167
3616	Toolamba West	VIC	-36.4807	145.2704
3616	Harston	VIC	-36.4667	145.15
3616	Girgarre East	VIC	-36.4333	145.0667
3616	Tatura	VIC	-36.4396	145.2299
3617	Byrneside	VIC	-36.4167	145.1833
3618	Merrigum	VIC	-36.3724	145.1322
3620	St Germains	VIC	-36.25	145.1667
3620	Kyabram	VIC	-36.3134	145.0504
3620	Mount Scobie	VIC	-36.2799	145.0898
3620	Wyuna	VIC	-36.1968	145.0589
3620	Taripta	VIC	-36.2667	145.05
3620	Kyabram South	VIC	-36.3808	145.0669
3620	Lancaster	VIC	-36.3167	145.1333
3620	Wyuna East	VIC	-36.2351	145.1023
3623	Carag Carag	VIC	-36.4667	144.9167
3623	Stanhope	VIC	-36.4472	144.9827
3623	Stanhope South	VIC	-36.457	144.9497
3629	Ardmona	VIC	-36.3833	145.3
3629	Mooroopna	VIC	-36.4	145.35
3629	Undera	VIC	-36.2833	145.2167
3629	Mooroopna North	VIC	-36.3333	145.3
3629	Coomboona	VIC	-36.2865	145.308
3630	Shepparton	VIC	-36.3805	145.3987
3630	Dunkirk	VIC	-36.4283	145.5142
3630	Benarch	VIC	-36.4283	145.5142
3630	Branditt	VIC	-36.4283	145.5142
3630	Colliver	VIC	-36.4283	145.5142
3630	Shepparton South	VIC	-36.4283	145.5142
3630	Caniambo	VIC	-36.4761	145.6297
3632	Shepparton	VIC	-36.3805	145.3987
3633	Congupna	VIC	-36.3	145.4333
3647	Dookie College	VIC	-36.3957	145.7047
3671	Benalla	VIC	-36.5511	145.9843
3725	Boxwood	VIC	-36.3167	145.8
3725	Goorambat	VIC	-36.4167	145.9167
3725	Chesney Vale	VIC	-36.4105	146.086
3725	Stewarton	VIC	-36.4333	145.8
3725	Major Plains	VIC	-36.3667	145.8
8004	St Kilda Road	VIC	-37.8153	144.9756
3371	Burnbank	VIC	-37.2333	143.6
3371	Caralulup	VIC	-37.2	143.6333
3371	Lillicur	VIC	-37.1685	143.6281
3371	Dunach	VIC	-37.2167	143.7167
3371	Red Lion	VIC	-37.3532	143.9302
3371	Evansford	VIC	-37.25	143.6333
3371	Mount Glasgow	VIC	-37.2049	143.7591
3371	Talbot	VIC	-37.1723	143.7017
3371	Stony Creek	VIC	-38.5833	146.0333
3371	Amherst	VIC	-37.15	143.6667
3447	Taradale	VIC	-37.15	144.3667
3451	Guildford	VIC	-37.1667	144.1667
3451	Faraday	VIC	-37.05	144.3
3451	Yapeen	VIC	-37.1333	144.1833
3451	Fryerstown	VIC	-37.1333	144.25
3451	Chewton Bushlands	VIC	-37.0781	144.2935
3451	Glenluce	VIC	-37.1847	144.2473
3451	Barkers Creek	VIC	-37.0167	144.25
3451	Tarilta	VIC	-37.184	144.1905
3451	Irishtown	VIC	-37.1462	144.1982
3451	Muckleford	VIC	-37.0521	144.1536
3451	Woodbrook	VIC	-37.1462	144.1982
3451	Vaughan	VIC	-37.1589	144.2148
3451	Campbells Creek	VIC	-37.0867	144.202
3451	Golden Point	VIC	-37.5749	143.8687
3451	Gower	VIC	-37.1462	144.1982
3451	Mckenzie Hill	VIC	-37.1462	144.1982
3451	Chewton	VIC	-37.0814	144.2568
3460	Basalt	VIC	-37.3411	144.1426
3460	Daylesford	VIC	-37.3411	144.1426
3393	Bangerang	VIC	-36.2	142.5833
3393	Warracknabeal	VIC	-36.2533	142.3928
3393	Aubrey	VIC	-36.2333	142.2333
3393	Kellalac	VIC	-36.3808	142.4012
3393	Willenabrina	VIC	-36.0667	142.2
3393	Crymelon	VIC	-36.1595	142.2699
3393	Cannum	VIC	-36.3	142.25
3393	Ailsa	VIC	-36.3333	142.35
3393	Angip	VIC	-36.1	142.2333
3393	Wilkur	VIC	-36.0667	142.6167
3393	Lah	VIC	-36.1333	142.45
3395	Rosebery	VIC	-35.8167	142.4167
3395	Reedy Dam	VIC	-35.9667	142.65
3395	Kenmare	VIC	-35.9434	142.2031
3395	Beulah	VIC	-35.9378	142.4222
3419	Kaniva	VIC	-36.3786	141.2422
3423	Lake Hindmarsh	VIC	-36	141.85
3423	Jeparit	VIC	-36.1425	141.9882
3490	Tutye	VIC	-35.2167	141.4833
3490	Mittyack	VIC	-35.15	142.65
3490	Kulwin	VIC	-35.0333	142.6167
3490	Murray-Sunset	VIC	-34.807	141.6426
3490	Torrita	VIC	-35.15	141.9333
3490	Boinka	VIC	-35.2	141.6
3490	Ouyen	VIC	-35.0709	142.3203
3490	Big Desert	VIC	-35.0897	142.0352
3015	South Kingsville	VIC	-37.8302	144.8709
3015	Spotswood	VIC	-37.8298	144.8852
3015	Newport	VIC	-37.8443	144.8848
3016	Williamstown	VIC	-37.8635	144.899
3016	Williamstown North	VIC	-37.8552	144.8826
3018	Altona	VIC	-37.8696	144.8304
3018	Seaholme	VIC	-37.864	144.845
3025	Altona North	VIC	-37.8349	144.8474
3025	Altona East	VIC	-37.8349	144.8474
3025	Altona Gate	VIC	-37.8349	144.8474
3390	Murtoa	VIC	-36.6201	142.4668
3390	Kewell	VIC	-36.5	142.4167
3399	Jung	VIC	-36.6167	142.3667
3399	Longerenong	VIC	-36.683	142.344
3400	St Helens Plains	VIC	-36.8	142.3833
3400	Horsham West	VIC	-36.892	142.2564
3400	Brimpaen	VIC	-37.0333	142.2
3400	Wonwondah South	VIC	-36.9167	142.15
3400	Wonwondah East	VIC	-36.8667	142.2667
3400	Wartook	VIC	-37.0239	142.3385
3400	Horsham	VIC	-36.7113	142.1998
3036	Keilor	VIC	-37.7167	144.8333
3036	Keilor North	VIC	-37.6963	144.8047
3045	Melbourne Airport	VIC	-37.6743	144.8518
3047	Dallas	VIC	-37.6708	144.9354
3047	Broadmeadows	VIC	-37.6802	144.9188
3047	Jacana	VIC	-37.6878	144.9111
3048	Meadow Heights	VIC	-37.6512	144.9186
3048	Coolaroo	VIC	-37.6568	144.9346
3049	Attwood	VIC	-37.6696	144.8868
3049	Westmeadows	VIC	-37.676	144.887
3059	Greenvale	VIC	-37.6333	144.8667
3060	Fawkner	VIC	-37.7167	144.9667
3060	Fawkner North	VIC	-37.7167	144.9667
3060	Fawkner East	VIC	-37.7167	144.9667
3061	Campbellfield	VIC	-37.6639	144.9595
3062	Somerton	VIC	-37.6334	144.9504
3063	Oaklands Junction	VIC	-37.615	144.8434
3063	Yuroke	VIC	-37.5911	144.8782
3428	Bulla	VIC	-37.6384	144.8074
3429	Sunbury	VIC	-37.5774	144.7261
3429	Wildwood	VIC	-37.5735	144.7881
3430	Clarkefield	VIC	-37.4833	144.75
3682	Boralma	VIC	-36.2167	146.4167
3682	Springhurst	VIC	-36.2	146.5
3682	Norong	VIC	-36.1167	146.4
3682	Lilliput	VIC	-36.1131	146.4751
3683	Indigo	VIC	-36.0854	146.5682
3683	Chiltern	VIC	-36.1504	146.6084
3683	Chiltern Valley	VIC	-36.1399	146.5408
3683	Cornishtown	VIC	-36.1043	146.5729
3687	Wahgunyah	VIC	-36.0118	146.3971
3687	Carlyle	VIC	-36.0151	146.4699
3688	Barnawartha	VIC	-36.1041	146.6761
3688	Barnawartha North	VIC	-36.1591	146.6667
3688	Indigo Valley	VIC	-36.1399	146.5408
3688	Indigo Upper	VIC	-36.2333	146.7833
3749	Yackandandah	VIC	-36.3137	146.8396
3749	Bruarong	VIC	-36.4167	146.85
3167	Oakleigh South	VIC	-37.9	145.1
3169	Clayton South	VIC	-37.9333	145.1167
3169	Clarinda	VIC	-37.9407	145.1024
3172	Dingley Village	VIC	-37.9827	145.1342
3172	Springvale South	VIC	-37.9667	145.15
3189	Moorabbin	VIC	-37.9415	145.0578
3189	Wishart	VIC	-37.9415	145.0578
3189	Moorabbin East	VIC	-37.9415	145.0578
3190	Highett	VIC	-37.95	145.05
3194	Mentone East	VIC	-37.9833	145.0667
3194	Moorabbin Airport	VIC	-37.9833	145.0667
3194	Mentone	VIC	-37.9833	145.0667
3195	Parkdale	VIC	-37.9919	145.0813
3195	Waterways	VIC	-38.0148	145.1305
3195	Aspendale	VIC	-38.0291	145.1027
3195	Mordialloc North	VIC	-38.0097	145.1053
3195	Aspendale Gardens	VIC	-38.0228	145.118
3195	Braeside	VIC	-37.9995	145.1163
3195	Mordialloc	VIC	-38	145.0833
3196	Edithvale	VIC	-38.0372	145.1097
3196	Bonbeach	VIC	-38.0653	145.1228
3196	Chelsea	VIC	-38.05	145.1167
3196	Chelsea Heights	VIC	-38.0333	145.1333
3197	Patterson Lakes	VIC	-38.0693	145.1433
3197	Carrum	VIC	-38.0833	145.1333
3202	Heatherton	VIC	-37.9552	145.0843
3152	Wantirna	VIC	-37.85	145.2167
3152	Wantirna South	VIC	-37.8833	145.2167
3152	Studfield	VIC	-37.8667	145.2167
3152	Knox City Centre	VIC	-37.8667	145.2167
3154	The Basin	VIC	-37.85	145.3167
3155	Boronia	VIC	-37.8667	145.2833
3176	Scoresby Bc	VIC	-37.9687	145.1931
3178	Rowville	VIC	-37.9333	145.2333
3179	Scoresby	VIC	-37.9	145.2333
3180	Knoxfield	VIC	-37.8898	145.2496
3787	Sassafras Gully	VIC	-37.8667	145.35
3787	Sassafras	VIC	-37.8667	145.35
3661	Seymour	VIC	-37.0266	145.1392
3824	Trafalgar	VIC	-38.2091	146.1535
3824	Narracan	VIC	-38.2637	146.2371
3824	Trafalgar East	VIC	-38.1723	146.1925
3824	Trafalgar South	VIC	-38.2667	146.15
3824	Childers	VIC	-38.2993	146.1139
3824	Thorpdale South	VIC	-38.3344	146.137
3840	Morwell Upper	VIC	-38.3058	146.4106
3840	Morwell	VIC	-38.2348	146.395
3840	Hazelwood	VIC	-38.2833	146.35
3840	Morwell East	VIC	-38.3058	146.4106
3840	Hazelwood North	VIC	-38.2676	146.4829
3840	Jeeralang Junction	VIC	-38.3479	146.413
3840	Mid Valley	VIC	-38.3058	146.4106
3840	Maryvale	VIC	-38.3058	146.4106
3840	Hazelwood South	VIC	-38.317	146.4626
3840	Jeeralang	VIC	-38.4038	146.4753
3840	Driffield	VIC	-38.2859	146.2954
3842	Churchill	VIC	-38.3078	146.4137
3857	Cowwarr	VIC	-38.0167	146.6833
3869	Jumbuk	VIC	-38.4	146.4278
3869	Yinnar South	VIC	-38.3833	146.3833
3869	Yinnar	VIC	-38.3225	146.3292
8010	Law Courts	VIC	-37.8149	144.9505
3463	Woodstock West	VIC	-36.8205	144.0095
3463	Maldon	VIC	-36.9957	144.0683
3463	Shelbourne	VIC	-36.8833	144.0167
3463	Tarrengower	VIC	-36.9944	144.0135
3463	Perkins Reef	VIC	-36.9215	144.0147
3463	Nuggetty	VIC	-36.9575	144.0585
3463	Baringhup West	VIC	-36.9215	144.0147
3463	Porcupine Flat	VIC	-36.9215	144.0147
3463	Neereman	VIC	-36.9215	144.0147
3463	Laanecoorie	VIC	-36.8167	143.9
3463	Gower	VIC	-36.9215	144.0147
3463	Eastville	VIC	-36.8754	143.9487
3463	Baringhup	VIC	-36.9833	143.9667
3463	Bradford	VIC	-36.9215	144.0147
3463	Walmer	VIC	-36.9667	144.15
3477	Sutherland	VIC	-36.55	143.2
3477	Gre Gre South	VIC	-36.6649	143.0114
3477	Paradise	VIC	-36.8333	143.1333
3477	Moyreisk	VIC	-36.8733	143.3905
3477	Carapooee West	VIC	-36.728	143.2692
3477	Winjallok	VIC	-36.8167	143.2
3477	Stuart Mill	VIC	-36.8053	143.2862
3477	Gre Gre North	VIC	-36.5833	143.0667
3477	Kooreh	VIC	-36.6333	143.4
3477	Tottington	VIC	-36.7833	143.1167
3477	Carapooee	VIC	-36.7	143.3333
3477	Slaty Creek	VIC	-36.55	143.3
3477	Gooroc	VIC	-36.4667	143.2
3477	Gowar East	VIC	-36.55	143.4167
3477	Swanwater	VIC	-36.54	143.103
3477	Redbank	VIC	-36.9333	143.3167
3477	Beazleys Bridge	VIC	-36.7	143.1667
3477	Gre Gre	VIC	-36.6667	143.0667
3477	York Plains	VIC	-36.6627	143.206
3477	Moolerr	VIC	-36.6333	143.2167
3477	Grays Bridge	VIC	-36.6627	143.206
3477	Coonooer Bridge	VIC	-36.4667	143.3167
3477	Traynors Lagoon	VIC	-36.5833	143
3477	Coonooer West	VIC	-36.6627	143.206
3477	Avon Plains	VIC	-36.55	142.9333
3477	Rostron	VIC	-36.7667	143.1833
3477	St Arnaud North	VIC	-36.5723	143.213
3477	St Arnaud East	VIC	-36.616	143.31
3477	Dalyenong	VIC	-36.6627	143.206
3477	Marnoo East	VIC	-36.6627	143.206
3517	Brenanah	VIC	-36.5525	143.7043
3517	Rheola	VIC	-36.65	143.7
3517	Kingower	VIC	-36.6167	143.75
3517	Glenalbyn	VIC	-36.5167	143.7333
3517	Bullabul	VIC	-36.6	143.8833
3517	Powlett Plains	VIC	-36.45	143.8667
3517	Jarklin	VIC	-36.2667	143.9667
3517	Salisbury West	VIC	-36.5167	143.9667
3517	Serpentine	VIC	-36.4333	143.9833
3517	Inglewood	VIC	-36.575	143.8683
3517	Bears Lagoon	VIC	-36.328	143.9755
3517	Kurting	VIC	-36.5333	143.85
3520	Korong Vale	VIC	-36.3561	143.7034
3520	Kinypanial	VIC	-36.35	143.8
3520	South Kinypanial	VIC	-36.35	143.8
3525	Buckrabanyule	VIC	-36.25	143.5167
3525	Nareewillock	VIC	-36.2529	143.4083
3525	Wychitella North	VIC	-36.2529	143.4083
3525	Lake Marmal	VIC	-36.132	143.516
3525	Yeungroon	VIC	-36.3833	143.4
3525	Terrappee	VIC	-36.1578	143.5757
3525	Teddywaddy West	VIC	-36.2529	143.4083
3525	Wychitella	VIC	-36.2833	143.6167
3525	Granite Flat	VIC	-36.2529	143.4083
3525	Chirrip	VIC	-36.2529	143.4083
3525	Jeffcott	VIC	-36.2529	143.4083
3525	Charlton	VIC	-36.2644	143.349
3525	Barrakee	VIC	-36.2667	143.45
3525	Jeffcott North	VIC	-36.2511	143.0966
3525	Teddywaddy	VIC	-36.1937	143.3374
3525	Yeungroon East	VIC	-36.35	143.4333
3525	Wooroonook	VIC	-36.25	143.2
3527	Dumosa	VIC	-35.936	143.2245
3527	Thalia	VIC	-36.0667	143.0833
3527	Teddywaddy	VIC	-36.1937	143.3374
3527	Wycheproof	VIC	-36.0776	143.2271
3527	Glenloth	VIC	-36.1451	143.3388
3527	Towaninny	VIC	-35.9229	143.3527
3527	Jeruk	VIC	-36.014	143.4261
3527	Wycheproof South	VIC	-36.0322	143.3135
3527	Glenloth East	VIC	-36.0322	143.3135
3527	Teddywaddy West	VIC	-36.0322	143.3135
3527	Bunguluke	VIC	-36.0561	143.3904
3527	Ninyeunook	VIC	-35.9871	143.4019
3527	Towaninny South	VIC	-35.9229	143.3527
3556	Woodvale	VIC	-36.65	144.2167
3556	Eaglehawk	VIC	-36.7161	144.2505
3556	Jackass Flat	VIC	-36.7159	144.286
3556	Sailors Gully	VIC	-36.71	144.2366
3556	Comet Hill	VIC	-36.6755	144.223
3556	Whipstick	VIC	-36.6755	144.223
3556	California Gully	VIC	-36.7289	144.2609
3556	Eaglehawk North	VIC	-36.6755	144.223
3556	Sebastian	VIC	-36.6	144.2
3556	Campbells Forest	VIC	-36.6	144.1333
3556	Myers Flat	VIC	-36.6833	144.2
3567	Leitchville	VIC	-35.9039	144.3022
3567	Horfield	VIC	-35.8807	144.2251
3570	Raywood	VIC	-36.5333	144.2167
3570	Auchmore	VIC	-36.5052	144.3042
3570	Neilborough	VIC	-36.5667	144.2333
3570	Drummartin	VIC	-36.45	144.4333
3570	Summerfield	VIC	-36.5052	144.3042
3570	Kamarooka	VIC	-36.4707	144.3336
3571	Tandarra	VIC	-36.4285	144.2286
3571	Kamarooka North	VIC	-36.3817	144.1762
3571	Dingee	VIC	-36.3667	144.2167
3571	Pompapiel	VIC	-36.35	144.0833
3571	Yallook	VIC	-36.3817	144.1762
3572	Piavella	VIC	-36.3024	144.3189
3572	Milloo	VIC	-36.3167	144.3667
3572	Tennyson	VIC	-36.2905	144.3568
3572	Prairie	VIC	-36.3	144.2333
3575	Yarrawalla	VIC	-36.1165	144.0308
3575	Bald Rock	VIC	-36.033	144.2215
3575	Gladfield	VIC	-36.0506	143.9521
3575	Sylvaterre	VIC	-36.11	144.2248
3575	Mologa	VIC	-36.1437	144.1791
3575	Pyramid Hill	VIC	-36.0558	144.1147
3575	Terrick Terrick	VIC	-36.0843	144.2808
3575	Loddon Vale	VIC	-36.0059	143.9461
3575	Jungaburra	VIC	-36.0669	144.114
3575	Mincha	VIC	-36.0022	144.0757
3576	Durham Ox	VIC	-36.1259	143.9199
3337	Melton	VIC	-37.6834	144.5854
3337	Harkness	VIC	-37.6594	144.5878
3337	Toolern Vale	VIC	-37.6	144.6
3337	Melton West	VIC	-37.6785	144.5688
3337	Kurunjang	VIC	-37.6759	144.5969
3431	Riddells Creek	VIC	-37.4605	144.6796
3432	Bolinda	VIC	-37.4333	144.75
3433	Monegeetta	VIC	-37.4167	144.75
3434	Springfield	VIC	-37.3333	144.8167
3434	Cherokee	VIC	-37.3556	144.7426
3434	Romsey	VIC	-37.3507	144.743
3434	Kerrie	VIC	-37.3827	144.6681
3438	New Gisborne	VIC	-37.4607	144.5993
3440	Macedon	VIC	-37.4196	144.5624
3441	Mount Macedon	VIC	-37.4005	144.5841
3458	Barrys Reef	VIC	-37.454	144.2964
3458	Lerderderg	VIC	-37.4082	144.3306
3458	Newbury	VIC	-37.42	144.2834
3458	Little Hampton	VIC	-37.365	144.2901
3458	Fern Hill	VIC	-37.3667	144.4
3458	Trentham East	VIC	-37.3833	144.3833
3458	Blackwood	VIC	-37.4722	144.3034
3458	Trentham	VIC	-37.3888	144.3216
3458	North Blackwood	VIC	-37.4157	144.3667
3461	Musk	VIC	-37.3732	144.1963
3461	Bullarto South	VIC	-37.427	144.2174
3461	Coomoora	VIC	-37.3347	144.1892
3461	Yandoit	VIC	-37.2	144.1
3461	Spargo Creek	VIC	-37.4833	144.15
3461	Korweinguboora	VIC	-37.45	144.1333
3461	Denver	VIC	-37.2857	144.2946
3461	Hepburn Springs	VIC	-37.3163	144.1379
3461	Franklinford	VIC	-37.2333	144.1
3461	Elevated Plains	VIC	-37.2948	144.1317
3461	Lyonville	VIC	-37.3833	144.2667
3461	Strangways	VIC	-37.15	144.1167
3461	Glenlyon	VIC	-37.3	144.25
3461	Bullarto	VIC	-37.4	144.2333
3461	Dry Diggings	VIC	-37.2982	144.1465
3461	Clydesdale	VIC	-37.1745	144.0979
3461	Shepherds Flat	VIC	-37.2769	144.118
3461	Sailors Hill	VIC	-37.3577	144.1267
3461	Eganstown	VIC	-37.3667	144.0833
3461	Sailors Falls	VIC	-37.4	144.1333
3461	Hepburn	VIC	-37.3167	144.1333
3461	Mount Franklin	VIC	-37.2714	144.1634
3461	Wheatsheaf	VIC	-37.3291	144.2204
3461	Leonards Hill	VIC	-37.4113	144.1396
3461	Porcupine Ridge	VIC	-37.2931	144.1956
3461	Musk Vale	VIC	-37.3833	144.1333
3461	Yandoit Hills	VIC	-37.2122	144.0599
3461	Drummond	VIC	-37.2333	144.3333
3756	Chintin	VIC	-37.417	145.0127
3756	Wallan	VIC	-37.4162	144.9786
3756	Upper Plenty	VIC	-37.4197	145.0547
3756	Wallan East	VIC	-37.415	145.0048
3756	Darraweit Guim	VIC	-37.417	145.0127
3756	Hidden Valley	VIC	-37.417	145.0127
3762	Bylands	VIC	-37.35	144.9667
3764	Moranding	VIC	-37.2414	144.9486
3764	Tantaraboo	VIC	-37.4042	145.0221
3764	High Camp	VIC	-37.1833	144.9
3764	Kilmore East	VIC	-37.3	144.9833
3764	Glenaroua	VIC	-37.1	144.9667
3764	Forbes	VIC	-38.45	145.5333
3764	Kilmore	VIC	-37.2958	144.9525
3764	Willowmavin	VIC	-37.2587	144.87
3105	Bulleen	VIC	-37.7667	145.0833
3105	Bulleen South	VIC	-37.7667	145.0833
3106	Templestowe	VIC	-37.754	145.1486
3107	Templestowe Lower	VIC	-37.7667	145.1167
3108	Doncaster	VIC	-37.7883	145.1237
3109	Doncaster East	VIC	-37.7876	145.1489
3109	Tunstall Square Po	VIC	-37.7876	145.1489
3109	Doncaster Heights	VIC	-37.7876	145.1489
3109	The Pines	VIC	-37.7876	145.1489
3111	Donvale	VIC	-37.7891	145.1749
3131	Nunawading	VIC	-37.8204	145.1731
3131	Brentford Square	VIC	-37.8269	145.1782
3131	Forest Hill	VIC	-37.8333	145.1833
3134	Warranwood	VIC	-37.773	145.2505
3134	Warrandyte South	VIC	-37.7585	145.2453
3134	Ringwood North	VIC	-37.8	145.2333
3134	Heathwood	VIC	-37.7871	145.2406
3134	Ringwood	VIC	-37.8167	145.2333
3669	Boho South	VIC	-36.7833	145.8
3669	Marraweeney	VIC	-36.75	145.75
3669	Creek Junction	VIC	-36.8197	145.8114
3669	Koonda	VIC	-36.5	145.7333
3669	Gowangardie	VIC	-36.4833	145.7
3669	Violet Town	VIC	-36.6361	145.7151
3669	Upotipotpon	VIC	-36.4833	145.8167
3669	Tamleugh	VIC	-36.6	145.6333
3669	Boho	VIC	-36.6793	145.7836
3669	Earlston	VIC	-36.55	145.6667
3669	Tamleugh North	VIC	-36.5	145.55
3673	Lurg	VIC	-36.5833	146.1333
3673	Moorngag	VIC	-36.75	146.0667
3673	Winton	VIC	-36.5167	146.0833
3673	Goomalibee	VIC	-36.4833	145.9167
3673	Samaria	VIC	-36.8	146.0833
3673	Lima	VIC	-36.7486	145.9499
3673	Upotipotpon	VIC	-36.4833	145.8167
3673	Upper Ryans Creek	VIC	-36.6368	146.1925
3673	Broken Creek	VIC	-36.4315	145.8861
3673	Tatong	VIC	-36.7333	146.1
3673	Lima South	VIC	-36.633	146.0363
3673	Lake Mokoan	VIC	-36.633	146.0363
3673	Swanpool	VIC	-36.7667	146.0167
3673	Winton North	VIC	-36.633	146.0363
3673	Molyullah	VIC	-36.65	146.15
3673	Lima East	VIC	-36.7771	145.9814
3673	Benalla	VIC	-36.5511	145.9843
3673	Kilfeera	VIC	-36.633	146.0363
3673	Upper Lurg	VIC	-36.5833	146.1833
3713	Eildon	VIC	-37.2324	145.9126
3713	Lake Eildon	VIC	-37.2203	145.8952
3713	Taylor Bay	VIC	-37.2082	145.8778
3720	Bonnie Doon	VIC	-37.0167	145.8667
3724	Mansfield	VIC	-37.052	146.0885
3858	Arbuckle	VIC	-37.9294	146.737
3858	Glenmaggie	VIC	-37.9	146.75
3858	Dawson	VIC	-37.9742	146.69
3858	Howitt Plains	VIC	-37.9294	146.737
3858	Glenfalloch	VIC	-37.9294	146.737
3858	Crookayan	VIC	-37.9294	146.737
3858	Gillum	VIC	-37.9294	146.737
3858	Buragwonduc	VIC	-37.9294	146.737
3858	Heyfield	VIC	-37.9813	146.7856
3858	Worrowing	VIC	-37.9294	146.737
3858	Billabong	VIC	-37.9294	146.737
3858	Winnindoo	VIC	-38.05	146.7667
3858	Yangoura	VIC	-37.9294	146.737
3858	Licola	VIC	-37.6333	146.6167
3858	Seaton	VIC	-37.9333	146.6667
3858	Licola North	VIC	-37.9294	146.737
3858	Reynard	VIC	-37.9294	146.737
3858	Tamboritha	VIC	-37.9294	146.737
3858	Denison	VIC	-38.0333	146.8833
3858	Glen Falloch	VIC	-37.9294	146.737
3858	Sargood	VIC	-37.9294	146.737
3011	Seddon West	VIC	-37.803	144.8954
3011	Footscray	VIC	-37.8	144.9
3011	Seddon	VIC	-37.8061	144.8907
3013	Yarraville	VIC	-37.8167	144.9
3013	Yarraville West	VIC	-37.8167	144.9
3019	Braybrook North	VIC	-37.7867	144.8548
3019	Robinson	VIC	-37.7867	144.8548
3019	Braybrook	VIC	-37.7867	144.8548
3032	Ascot Vale	VIC	-37.7799	144.9228
3032	Highpoint City	VIC	-37.7777	144.9142
3032	Maribyrnong	VIC	-37.7724	144.8844
3032	Travancore	VIC	-37.7808	144.9354
3353	Ballarat	VIC	-37.5662	143.8496
3114	Park Orchards	VIC	-37.7769	145.2146
3115	Wonga Park	VIC	-37.7333	145.2667
3133	Vermont South	VIC	-37.8575	145.1827
3133	Vermont	VIC	-37.8362	145.1943
3135	Heathmont	VIC	-37.8333	145.25
3135	Ringwood East	VIC	-37.8167	145.25
3135	Bedford Road	VIC	-37.825	145.25
3136	Croydon Hills	VIC	-37.7744	145.2661
3136	Croydon North	VIC	-37.7674	145.2907
3136	Croydon	VIC	-37.8	145.2833
3136	Croydon South	VIC	-37.8155	145.2781
3137	Kilsyth	VIC	-37.8	145.3167
3137	Kilsyth South	VIC	-37.8203	145.316
3153	Bayswater North	VIC	-37.8256	145.2822
3153	Bayswater	VIC	-37.85	145.2667
3000	Melbourne	VIC	-37.814	144.9633
3001	Melbourne	VIC	-37.814	144.9633
3002	East Melbourne	VIC	-37.8167	144.9879
3003	West Melbourne	VIC	-37.8101	144.95
3004	Melbourne	VIC	-37.814	144.9633
3004	St Kilda Road Central	VIC	-37.814	144.9633
3004	St Kilda Road Melbourne	VIC	-37.814	144.9633
3005	World Trade Centre	VIC	-37.8165	144.9619
3008	Docklands	VIC	-37.8149	144.9505
3010	University Of Melbourne	VIC	-37.8233	144.8733
3050	Royal Melbourne Hospital	VIC	-37.761	144.9517
3051	Hotham Hill	VIC	-37.798	144.9451
3051	North Melbourne	VIC	-37.798	144.9451
3053	Carlton South	VIC	-37.8	144.9667
3053	Carlton	VIC	-37.8	144.9667
3141	South Yarra	VIC	-37.8383	144.9915
3141	Domain Road Po	VIC	-37.8383	144.9915
3141	Chapel Street North	VIC	-37.8383	144.9915
3207	Garden City	VIC	-37.836	144.9183
3207	Port Melbourne	VIC	-37.8396	144.9423
8003	Collins Street East	VIC	-37.8153	144.9756
8005	World Trade Centre	VIC	-37.8153	144.9756
8006	Abeckett Street	VIC	-37.8153	144.9756
8007	Collins Street West	VIC	-37.8153	144.9756
8009	Flinders Lane	VIC	-37.8153	144.9756
8011	Little Lonsdale Street	VIC	-37.8149	144.9505
8012	Docklands	VIC	-37.8149	144.9505
3024	Wyndham Vale	VIC	-37.8914	144.6237
3024	Mambourin	VIC	-37.891	144.5945
3024	Mount Cottrell	VIC	-37.8167	144.5833
3024	Manor Lakes	VIC	-37.8715	144.5901
3024	Fieldstone	VIC	-37.8676	144.5979
3029	Truganina	VIC	-37.8167	144.75
3029	Tarneit	VIC	-37.8363	144.6595
3029	Hoppers Crossing	VIC	-37.8826	144.7003
3335	Plumpton	VIC	-37.687	144.6908
3335	Grangefields	VIC	-37.7103	144.6804
3335	Rockbank	VIC	-37.7335	144.67
3335	Bonnie Brook	VIC	-37.7103	144.6804
3335	Thornhill Park	VIC	-37.7103	144.6804
3336	Deanside	VIC	-37.7225	144.6677
3336	Fraser Rise	VIC	-37.7225	144.6677
3336	Aintree	VIC	-37.7225	144.6677
3340	Balliang	VIC	-37.8333	144.3667
3340	Coimadai	VIC	-37.6167	144.4667
3340	Parwan	VIC	-37.705	144.4699
3340	Darley	VIC	-37.6581	144.4434
3340	Merrimu	VIC	-37.6576	144.4535
3340	Bacchus Marsh	VIC	-37.6727	144.4383
3340	Hopetoun Park	VIC	-37.6928	144.501
3340	Long Forest	VIC	-37.6727	144.514
3340	Balliang East	VIC	-37.7833	144.45
3340	Maddingley	VIC	-37.6852	144.4324
3340	Staughton Vale	VIC	-37.847	144.2576
3340	Glenmore	VIC	-37.7127	144.3185
3340	Rowsley	VIC	-37.7199	144.3727
3489	Tempy	VIC	-35.3333	142.4167
3491	Patchewollock	VIC	-35.3833	142.2
3494	Nangiloc	VIC	-34.4718	142.3062
3494	Iraak	VIC	-34.4304	142.354
3494	Carwarp	VIC	-34.4602	142.199
3494	Colignan	VIC	-34.5248	142.3656
3496	Merrinee	VIC	-34.3702	141.7978
3496	Lindsay Point	VIC	-34.102	141.0081
3496	Cardross	VIC	-34.3066	142.1259
3496	Cullulleraine	VIC	-34.278	141.5994
3496	Red Cliffs	VIC	-34.3094	142.1897
3496	Neds Corner	VIC	-34.1425	141.3304
3496	Werrimull	VIC	-34.3887	141.5993
3496	Murray Lock No 9	VIC	-34.2858	141.6231
3496	Meringur	VIC	-34.3886	141.3343
3496	Sunnycliffs	VIC	-34.2858	141.6231
3498	Irymple	VIC	-34.2354	142.171
3500	Mildura	VIC	-34.1855	142.1625
3500	Mildura West	VIC	-34.1631	142.0026
3500	Mildura East	VIC	-34.2246	142.1719
3505	Birdwoodton	VIC	-34.2012	142.0697
3505	Merbein South	VIC	-34.2198	142.0181
3505	Merbein	VIC	-34.168	142.066
3505	Cabarita	VIC	-34.2041	142.0866
3505	Merbein West	VIC	-34.1631	142.0026
3505	Wargan	VIC	-34.1989	141.9549
3505	Yelta	VIC	-34.1284	142.0152
3506	Cowangie	VIC	-35.2333	141.3667
3507	Walpeup	VIC	-35.1333	142.0333
3509	Underbool	VIC	-35.1695	141.8081
3509	Linga	VIC	-35.171	141.699
3512	Carina	VIC	-35.25	141.1
3512	Panitya	VIC	-35.2333	141
3512	Murrayville	VIC	-35.2625	141.1835
3989	St Helier	VIC	-38.2941	145.5647
3435	Nulla Vale	VIC	-37.1742	144.7508
3435	Goldie	VIC	-37.2657	144.7872
3435	Lancefield	VIC	-37.2773	144.736
3435	Benloch	VIC	-37.1972	144.6838
3444	Lauriston	VIC	-37.25	144.3833
3444	Lyal	VIC	-36.95	144.4833
3444	Kyneton	VIC	-37.2444	144.4515
3444	Greenhill	VIC	-37.1681	144.5078
3444	Pipers Creek	VIC	-37.25	144.5333
3444	Tylden	VIC	-37.3258	144.4062
3444	Metcalfe East	VIC	-37.1681	144.5078
3444	Tylden South	VIC	-37.1681	144.5078
3444	Redesdale	VIC	-37.0167	144.5167
3444	Baynton	VIC	-37.1492	144.6337
3444	Glenhope	VIC	-37.0833	144.6
3444	Langley	VIC	-37.15	144.5
3444	Spring Hill	VIC	-37.3	144.3333
3444	Edgecombe	VIC	-37.1851	144.4633
3444	Baynton East	VIC	-37.1681	144.5078
3444	Barfold	VIC	-37.0833	144.5167
3444	Sidonia	VIC	-37.1667	144.55
3444	Myrtle Creek	VIC	-37.1681	144.5078
3444	Mia Mia	VIC	-37	144.5667
3444	Pastoria East	VIC	-37.179	144.6459
3444	Kyneton South	VIC	-37.3047	144.4529
3444	Pastoria	VIC	-37.2203	144.5952
3521	Pyalong	VIC	-37.1129	144.8523
3522	Tooborac	VIC	-37.05	144.8333
3522	Emu Flat	VIC	-37.1167	144.7667
3522	Glenhope East	VIC	-37.0833	144.8
3523	Heathcote South	VIC	-36.8558	144.7292
3523	Derrinal	VIC	-36.8833	144.6333
3523	Knowsley	VIC	-36.8333	144.5833
3523	Ladys Pass	VIC	-36.8287	144.6901
3523	Mount Camel	VIC	-36.8344	144.731
3523	Redcastle	VIC	-36.7833	144.7833
3523	Heathcote	VIC	-36.9221	144.7084
3523	Moormbool West	VIC	-36.8	144.9
3523	Argyle	VIC	-36.95	144.7333
3523	Costerfield	VIC	-36.8667	144.8
3659	Sugarloaf Creek	VIC	-37.1347	145.0372
3659	Tallarook	VIC	-37.0937	145.1
3662	Puckapunyal Milpo	VIC	-36.9949	145.0401
3662	Puckapunyal	VIC	-36.9949	145.0401
3663	Mangalore	VIC	-36.9333	145.1833
3664	Upton Hill	VIC	-36.8851	145.4081
3664	Avenel	VIC	-36.9009	145.2337
3717	Homewood	VIC	-37.2	145.3333
3717	Limestone	VIC	-37.25	145.5
3717	Murrindindi	VIC	-37.3667	145.5333
3717	Killingworth	VIC	-37.2739	145.4172
3717	Ghin Ghin	VIC	-37.1397	145.3761
3717	Glenburn	VIC	-37.4167	145.4167
3717	Flowerdale	VIC	-37.3333	145.3333
3717	Yea	VIC	-37.2107	145.4276
3758	Heathcote Junction	VIC	-37.3719	145.0321
3758	Wandong	VIC	-37.3719	145.0321
3634	Bunbartha	VIC	-36.2167	145.3167
3634	Marionvale	VIC	-36.2322	145.4768
3634	Katandra West	VIC	-36.2241	145.5583
3634	Zeerust	VIC	-36.2723	145.3997
3634	Invergordon South	VIC	-36.2322	145.4768
3634	Tallygaroopna	VIC	-36.25	145.4333
3634	Katandra	VIC	-36.2333	145.6167
3634	Marungi	VIC	-36.1969	145.536
3635	Kaarimba	VIC	-36.1333	145.25
3635	Mundoona	VIC	-36.1641	145.3528
3635	Wunghnu	VIC	-36.1526	145.431
3636	Numurkah	VIC	-36.0885	145.4422
3636	Invergordon	VIC	-36.1667	145.5833
3636	Naring	VIC	-36.0693	145.5758
3636	Drumanure	VIC	-36.1693	145.4869
3637	Waaia	VIC	-36.0475	145.3334
3637	Yalca	VIC	-35.9833	145.3167
3638	Yielima	VIC	-35.9243	145.1926
3638	Nathalia	VIC	-36.0577	145.2041
3638	Kotupna	VIC	-36.1475	145.1337
3639	Picola West	VIC	-35.9669	145.0759
3639	Barmah	VIC	-36.0159	144.9628
3639	Lower Moira	VIC	-36.0855	144.9763
3639	Picola	VIC	-35.9969	145.1193
3640	Katunga	VIC	-36.0133	145.4695
3641	Ulupna	VIC	-35.838	145.451
3641	Strathmerton	VIC	-35.9253	145.4787
3641	Bearii	VIC	-35.8857	145.3453
3641	Mywee	VIC	-35.8566	145.4976
3643	Cobram	VIC	-35.9207	145.6407
3649	Katamatite East	VIC	-36.0265	145.7618
3649	Katamatite	VIC	-36.0759	145.6872
3675	Taminick	VIC	-36.4019	146.185
3675	Hansonville	VIC	-36.6	146.3
3675	Glenrowan West	VIC	-36.5456	146.1577
3675	Greta	VIC	-36.5384	146.2948
3675	Boweya	VIC	-36.2667	146.1333
3675	Greta West	VIC	-36.5333	146.2167
3675	Boweya North	VIC	-36.2304	146.1072
3675	Glenrowan	VIC	-36.4635	146.2245
3675	Mount Bruno	VIC	-36.3256	146.1496
3675	Greta South	VIC	-36.6167	146.25
3678	Cheshunt	VIC	-36.8	146.4333
3678	Edi Upper	VIC	-36.7	146.45
3678	East Wangaratta	VIC	-36.3596	146.3851
3678	Wangandary	VIC	-36.3278	146.2382
3678	Docker	VIC	-36.5167	146.3833
3678	Bowser	VIC	-36.3052	146.3624
3678	Laceby	VIC	-36.4333	146.3
3678	Oxley Flats	VIC	-36.3954	146.3852
3678	Byawatha	VIC	-36.2893	146.4738
3678	Milawa	VIC	-36.4333	146.4333
3678	Everton	VIC	-36.4167	146.55
3678	Everton Upper	VIC	-36.3985	146.5461
3678	Rose River	VIC	-36.4106	146.3866
3678	Carboor	VIC	-36.6333	146.55
3678	Dockers Plains	VIC	-36.2966	146.3372
3678	Meadow Creek	VIC	-36.4106	146.3866
3678	King Valley	VIC	-36.695	146.403
3678	Killawarra	VIC	-36.25	146.25
3678	Boorhaman	VIC	-36.2333	146.3
3678	North Wangaratta	VIC	-36.095	146.2226
3678	Bobinawarrah	VIC	-36.5167	146.5
3678	Cheshunt South	VIC	-36.4106	146.3866
3678	Wangaratta Forward	VIC	-36.4106	146.3866
3678	Londrigan	VIC	-36.3333	146.4167
3678	Wabonga	VIC	-36.4106	146.3866
3678	Whitlands	VIC	-36.4106	146.3866
3678	Oxley	VIC	-36.45	146.3667
3678	Waldara	VIC	-36.3199	146.2844
3678	Peechelba	VIC	-36.1947	146.2299
3678	Boorhaman East	VIC	-36.4106	146.3866
3678	Tarrawingee	VIC	-36.4	146.4667
3678	Edi	VIC	-36.65	146.4071
3678	Wangaratta South	VIC	-36.4106	146.3866
3678	Markwood	VIC	-36.473	146.5088
3678	Peechelba East	VIC	-36.1692	146.2544
3727	Almonds	VIC	-36.2398	146.0457
3727	Lake Rowan	VIC	-36.2667	145.9667
3727	St James	VIC	-36.2667	145.9
3727	Pelluebla	VIC	-36.2004	146.0044
3727	Yundool	VIC	-36.277	145.8205
3727	Waggarandall	VIC	-36.25	145.8
3728	Boomahnoomoonah	VIC	-36.1245	146.0991
3728	Wilby	VIC	-36.1574	146.022
3728	Tungamah	VIC	-36.161	145.8768
3728	Youarang	VIC	-36.1472	145.772
3730	Bundalong South	VIC	-36.0955	146.1876
3730	Bundalong	VIC	-36.0298	146.1581
3730	Bathumi	VIC	-36.0367	146.0793
3730	Esmond	VIC	-36.0622	146.1825
3730	Boosey	VIC	-36.05	145.7833
3730	Yarrawonga South	VIC	-36.0909	146.0462
3730	Telford	VIC	-36.0966	145.9337
3730	Burramine South	VIC	-36.0639	145.854
3730	Yarrawonga	VIC	-36.0192	145.9997
3730	Burramine	VIC	-36.0055	145.8725
3125	Surrey Hills South	VIC	-37.8498	145.119
3125	Bennettswood	VIC	-37.8498	145.119
3125	Burwood	VIC	-37.8498	145.119
3148	Jordanville	VIC	-37.8877	145.0952
3148	Chadstone Centre	VIC	-37.8877	145.0952
3148	Chadstone	VIC	-37.8877	145.0952
3148	Holmesglen	VIC	-37.8877	145.0952
3149	Pinewood	VIC	-37.8756	145.1387
3149	Syndal	VIC	-37.8742	145.1479
3149	Mount Waverley	VIC	-37.8771	145.1294
3150	Brandon Park	VIC	-37.8891	145.174
3150	Wheelers Hill	VIC	-37.9	145.1833
3150	Glen Waverley	VIC	-37.8781	145.1648
3166	Oakleigh	VIC	-37.8981	145.0884
3166	Hughesdale	VIC	-37.9	145.0833
3166	Oakleigh East	VIC	-37.9	145.1167
3166	Huntingdale	VIC	-37.9077	145.1085
3168	Notting Hill	VIC	-37.905	145.1427
3168	Clayton	VIC	-37.9189	145.1258
3170	Waverley Gardens	VIC	-37.9284	145.1771
3170	Mulgrave	VIC	-37.9284	145.1771
3800	Monash University	VIC	-38.0176	145.35
3031	Flemington	VIC	-37.7882	144.93
3031	Kensington	VIC	-37.7919	144.9311
3034	Avondale Heights	VIC	-37.7616	144.8626
3039	Moonee Ponds	VIC	-37.7667	144.9167
3040	Essendon	VIC	-37.7498	144.9109
3040	Essendon West	VIC	-37.7549	144.8834
3040	Aberfeldie	VIC	-37.7596	144.8974
3041	Essendon Fields	VIC	-37.7245	144.8989
3041	Cross Keys	VIC	-37.7267	144.9004
3041	Essendon North	VIC	-37.7422	144.9055
3041	Strathmore Heights	VIC	-37.7133	144.8969
3041	Strathmore	VIC	-37.7267	144.9004
3333	Meredith	VIC	-37.8454	144.0774
3333	Bamganie	VIC	-37.9333	143.9833
3341	Greendale	VIC	-37.5603	144.2968
3341	Pentland Hills	VIC	-37.6632	144.4085
3341	Dales Creek	VIC	-37.5226	144.298
3341	Korobeit	VIC	-37.5907	144.3383
3341	Myrniong	VIC	-37.6167	144.35
3345	Gordon	VIC	-37.5823	144.1093
3357	Buninyong	VIC	-37.6502	143.8839
3357	Scotsmans Lead	VIC	-37.6584	143.8669
3357	Yarrowee	VIC	-37.6667	143.85
3437	Gisborne	VIC	-37.4886	144.5942
3437	Gisborne South	VIC	-37.5413	144.605
3437	Bullengarook	VIC	-37.5167	144.4833
3442	Rochford	VIC	-37.3167	144.6833
3442	Hanging Rock	VIC	-37.3129	144.5838
3442	Hesket	VIC	-37.35	144.65
3442	Carlsruhe	VIC	-37.2833	144.5
3442	Newham	VIC	-37.2996	144.6037
3442	Cadello	VIC	-37.3057	144.5294
3442	Woodend North	VIC	-37.3263	144.5414
3442	Cobaw	VIC	-37.2667	144.6333
3442	Ashbourne	VIC	-37.3129	144.5838
3442	Woodend	VIC	-37.3547	144.529
3044	Pascoe Vale South	VIC	-37.7397	144.9461
3044	Pascoe Vale	VIC	-37.7333	144.9333
3046	Oak Park	VIC	-37.7184	144.9195
3046	Hadfield	VIC	-37.7073	144.9416
3046	Glenroy	VIC	-37.7	144.9333
3052	Melbourne University	VIC	-37.7833	144.95
3052	Parkville	VIC	-37.7833	144.95
3054	Carlton North	VIC	-37.7882	144.9701
3054	Princes Hill	VIC	-37.7818	144.9666
3055	Brunswick West	VIC	-37.7646	144.9438
3055	Moonee Vale	VIC	-37.7646	144.9438
3055	Brunswick South	VIC	-37.7646	144.9438
3055	Moreland West	VIC	-37.7646	144.9438
3056	Brunswick	VIC	-37.7667	144.9667
3056	Brunswick North	VIC	-37.7667	144.9667
3056	Brunswick Lower	VIC	-37.7667	144.9667
3057	Lygon Street North	VIC	-37.7725	144.9724
3057	Sumner	VIC	-37.7725	144.9724
3057	Brunswick East	VIC	-37.7725	144.9724
3068	Fitzroy North	VIC	-37.7886	144.9788
3068	Clifton Hill	VIC	-37.792	144.995
3070	Northcote South	VIC	-37.7667	145
3070	Northcote	VIC	-37.7667	145
3619	Kyabram	VIC	-36.3134	145.0504
3913	Tyabb	VIC	-38.25	145.1833
3915	Hastings	VIC	-38.3	145.1833
3915	Tuerong	VIC	-38.2987	145.0967
3916	Point Leo	VIC	-38.415	145.0694
3916	Shoreham	VIC	-38.4263	145.0469
3916	Merricks	VIC	-38.3833	145.0833
3918	Bittern	VIC	-38.3333	145.1667
3919	Crib Point	VIC	-38.35	145.2
3920	Flinders Naval Depot	VIC	-38.3649	145.2004
3920	Hmas Cerberus	VIC	-38.3649	145.2004
3926	Balnarring	VIC	-38.3667	145.1333
3926	Merricks North	VIC	-38.35	145.0833
3926	Balnarring Beach	VIC	-38.3918	145.1204
3926	Merricks Beach	VIC	-38.3988	145.106
3927	Somers	VIC	-38.3813	145.159
3928	Main Ridge	VIC	-38.3973	144.9724
3929	Flinders	VIC	-38.4739	145.0222
3930	Mount Eliza	VIC	-38.1833	145.0833
3930	Kunyung	VIC	-38.1833	145.0833
3931	Mornington	VIC	-38.2179	145.0388
3933	Moorooduc	VIC	-38.2167	145.1167
3934	Mount Martha	VIC	-38.2667	145.0167
3936	Dromana	VIC	-38.3338	144.9646
3936	Arthurs Seat	VIC	-38.3632	144.9598
3936	Safety Beach	VIC	-38.3153	145.0003
3937	Red Hill	VIC	-38.35	145.0167
3937	Red Hill South	VIC	-38.3833	145.0333
3938	Mccrae	VIC	-38.3497	144.9281
3939	Rosebud	VIC	-38.3554	144.9068
3939	Fingal	VIC	-38.414	144.8499
3939	Rosebud Plaza	VIC	-38.4119	144.8854
3939	Cape Schanck	VIC	-38.4616	144.9014
3939	Boneo	VIC	-38.4167	144.8833
3940	Rosebud West	VIC	-38.3644	144.8775
3940	Capel Sound	VIC	-38.3673	144.8788
3941	Tootgarook	VIC	-38.3777	144.8502
3941	St Andrews Beach	VIC	-38.4141	144.8244
3941	Rye	VIC	-38.3853	144.8122
3942	Blairgowrie	VIC	-38.3613	144.7795
3943	Sorrento	VIC	-38.3396	144.7413
3944	Portsea	VIC	-38.3238	144.7099
3446	Malmsbury	VIC	-37.1886	144.3847
3446	Drummond North	VIC	-37.1886	144.3847
3448	Sutton Grange	VIC	-36.9833	144.3667
3448	Metcalfe	VIC	-37.1	144.4333
3448	Elphinstone	VIC	-37.1	144.3333
3450	Castlemaine	VIC	-37.0671	144.2168
3450	Moonlight Flat	VIC	-37.0671	144.2168
3462	Muckleford South	VIC	-37.1	144.1333
3462	Welshmans Reef	VIC	-37.0667	144.05
3462	Green Gully	VIC	-37.0903	144.059
3462	Newstead	VIC	-37.106	144.0647
3462	Sandon	VIC	-37.0903	144.059
3462	Joyces Creek	VIC	-37.0884	143.9879
3464	Carisbrook	VIC	-37.0481	143.8167
3465	Rodborough	VIC	-37.1	143.8667
3465	Craigie	VIC	-37.0613	143.7144
3465	Moonlight Flat	VIC	-37.0613	143.7144
3465	Daisy Hill	VIC	-37.1167	143.7167
3465	Bung Bong	VIC	-37.0667	143.6167
3465	Rathscar West	VIC	-37.0333	143.4833
3465	Adelaide Lead	VIC	-37.0667	143.6833
3465	Flagstaff	VIC	-37.0503	143.778
3465	Maryborough	VIC	-37.0456	143.7392
3465	Havelock	VIC	-36.9667	143.7833
3465	Rathscar	VIC	-36.9667	143.5667
3465	Wareek	VIC	-36.9833	143.6167
3465	Natte Yallock	VIC	-36.95	143.5
3465	Majorca	VIC	-37.1167	143.8
3465	Alma	VIC	-37.0333	143.6833
3465	Golden Point	VIC	-37.5749	143.8687
3465	Homebush	VIC	-37.05	143.5333
3465	Simson	VIC	-36.9959	143.7739
3465	Timor West	VIC	-36.9667	143.7
3465	Timor	VIC	-36.9869	143.7418
3465	Moolort	VIC	-37.0833	143.9333
3465	Cotswold	VIC	-37.1333	143.9
3465	Bowenvale	VIC	-37	143.7167
3472	Mcintyre	VIC	-36.6893	143.6643
3472	Bet Bet	VIC	-36.9167	143.75
3472	Dunluce	VIC	-36.9	143.6
3472	Moliagul	VIC	-36.75	143.6667
3472	Dunolly	VIC	-36.8601	143.7336
3472	Goldsborough	VIC	-36.8202	143.6564
3472	Bromley	VIC	-36.8833	143.7667
3472	Mount Hooghly	VIC	-36.9	143.6667
3472	Inkerman	VIC	-36.8521	143.7149
3472	Betley	VIC	-36.9179	143.7945
3472	Eddington	VIC	-36.8833	143.85
3515	Wilsons Hill	VIC	-36.7304	144.1028
3515	Marong	VIC	-36.7333	144.1333
3515	Shelbourne	VIC	-36.8833	144.0167
3551	Mandurang South	VIC	-36.85	144.2833
3551	Mosquito Creek	VIC	-36.85	144.4833
3551	Bagshot	VIC	-36.65	144.4167
3551	Kimbolton	VIC	-36.9252	144.5307
3551	Toolleen	VIC	-36.7167	144.7
3551	Lockwood	VIC	-36.8111	144.1576
3551	Murphys Creek	VIC	-36.75	143.7667
3551	Eppalock	VIC	-36.8525	144.4605
3551	Painswick	VIC	-36.764	144.2628
3551	Wellsford	VIC	-36.718	144.397
3551	Mandurang	VIC	-36.8167	144.3
3551	Lockwood South	VIC	-36.8436	144.1584
3551	Myola East	VIC	-36.764	144.2628
3551	Arnold	VIC	-36.6833	143.8667
3551	Arnold West	VIC	-36.6667	143.8
3551	Epsom	VIC	-36.7167	144.3167
3551	Axedale	VIC	-36.8	144.5167
3551	Bendigo Forward	VIC	-36.764	144.2628
3551	Maiden Gully	VIC	-36.7539	144.2079
3551	Cornella	VIC	-36.7	144.75
3551	Myola	VIC	-36.6333	144.65
3551	Huntly	VIC	-36.6645	144.3338
3551	Ascot	VIC	-36.7	144.3333
3551	Axe Creek	VIC	-36.8416	144.3946
3551	Longlea	VIC	-36.7833	144.4333
3551	Junortoun	VIC	-36.7711	144.3631
3551	Pilchers Bridge	VIC	-36.764	144.2628
3551	Strathfieldsaye	VIC	-36.8067	144.3549
3551	Tarnagulla	VIC	-36.775	143.832
3551	Myrtle Creek	VIC	-36.764	144.2628
3551	Newbridge	VIC	-36.7333	143.9167
3551	Bagshot North	VIC	-36.764	144.2628
3551	Emu Creek	VIC	-36.8333	144.35
3551	Waanyarra	VIC	-36.8	143.8
3551	Lake Eppalock	VIC	-36.764	144.2628
3551	Woodstock On Loddon	VIC	-36.7833	144.05
3551	Huntly North	VIC	-36.6082	144.3371
3551	Sedgwick	VIC	-36.8833	144.3167
3551	Llanelly	VIC	-36.7281	143.8334
3551	Minto	VIC	-36.764	144.2628
3551	Creek View	VIC	-36.764	144.2628
3264	Terang	VIC	-38.2408	142.9212
3268	Nirranda	VIC	-38.5	142.7833
3268	Curdies River	VIC	-38.444	142.945
3268	Cowleys Creek	VIC	-38.5026	143.0376
3268	Paaratte	VIC	-38.5394	142.9943
3268	The Cove	VIC	-38.503	142.9128
3268	Nullawarre North	VIC	-38.4386	142.7862
3268	Nullawarre East	VIC	-38.503	142.9128
3268	Heytesbury Lower	VIC	-38.5667	142.9333
3268	Nullawarre	VIC	-38.4667	142.7667
3268	Ayrford	VIC	-38.4249	142.8596
3268	Curdievale	VIC	-38.503	142.9128
3268	Nirranda East	VIC	-38.503	142.9128
3268	Nirranda South	VIC	-38.5247	142.7915
3268	Curdie Vale	VIC	-38.5167	142.8333
3268	Cooriemungle	VIC	-38.5597	143.1363
3268	Newfield	VIC	-38.5667	143.0167
3268	Timboon West	VIC	-38.5477	142.9272
3268	Brucknell	VIC	-38.463	142.9
3268	Timboon	VIC	-38.4843	142.9803
3273	Hexham	VIC	-38	142.7
3275	Mailors Flat	VIC	-38.3	142.4667
3275	Mailer Flat	VIC	-38.3	142.4667
3276	Woolsthorpe	VIC	-38.2	142.4333
3276	Minjah	VIC	-38.0705	142.4533
3277	Mepunga East	VIC	-38.45	142.7333
3277	Allansford	VIC	-38.3864	142.5943
3277	Mepunga West	VIC	-38.4194	142.6465
3277	Mepunga	VIC	-38.45	142.7333
3277	Naringal East	VIC	-38.3958	142.7808
3277	Naringal	VIC	-38.4	142.7
3278	Purnim West	VIC	-38.2833	142.6333
3278	Purnim	VIC	-38.2833	142.6333
3279	Ballangeich	VIC	-38.2167	142.6667
3279	Wangoom	VIC	-38.3333	142.5833
3280	Minjah	VIC	-38.0705	142.4533
3280	Warrnambool	VIC	-38.3818	142.488
3280	Warrnambool East	VIC	-38.2691	142.4583
3280	Warrnambool West	VIC	-38.2691	142.4583
3280	Dennington	VIC	-38.3552	142.4336
3281	Grassmere	VIC	-38.2833	142.5333
3281	Bushfield	VIC	-38.3333	142.5167
3281	Winslow	VIC	-38.2333	142.45
3281	Woodford	VIC	-38.3167	142.4667
3284	Orford	VIC	-38.2035	142.1009
3284	Port Fairy	VIC	-38.3853	142.2371
3285	Codrington	VIC	-38.2667	141.9667
3285	Tyrendarra	VIC	-38.2167	141.7833
3285	St Helens	VIC	-38.2805	141.9882
3285	Yambuk	VIC	-38.3156	142.0651
3285	Narrawong	VIC	-38.25	141.7167
3285	Toolong	VIC	-38.3114	142.2314
3285	Rosebrook	VIC	-38.3536	142.2545
3285	Tyrendarra East	VIC	-38.25	141.9
3286	Knebsworth	VIC	-38	141.8667
3286	Ripponhurst	VIC	-38.0167	142.1167
3286	Condah Swamp	VIC	-38.0126	142.0005
3286	Warrabkook	VIC	-38	142.0167
3286	Macarthur	VIC	-38.0339	142.0018
3287	Hawkesdale	VIC	-38.1167	142.3167
3287	Minhamite	VIC	-37.9833	142.35
3289	Gerrigerrup	VIC	-37.9882	142.213
3289	Purdeet	VIC	-37.9289	142.429
3289	Penshurst	VIC	-37.8753	142.2907
3289	Tabor	VIC	-37.8333	142.2
3289	Gazette	VIC	-37.9197	142.1576
3293	Glenthompson	VIC	-37.6333	142.55
3293	Nareeb	VIC	-37.8216	142.5328
3293	Narrapumelap South	VIC	-37.7533	142.6389
3303	Wallacedale	VIC	-37.9333	141.8
3303	Hotspur	VIC	-37.9333	141.5667
3303	Breakaway Creek	VIC	-38.0167	141.8
3303	Lake Condah	VIC	-38.0912	141.8147
3303	Condah	VIC	-37.95	141.75
3303	Condah Swamp	VIC	-37.9849	141.7463
3304	Homerton	VIC	-38.1333	141.7833
3304	Mumbannar	VIC	-37.9269	141.1875
3304	Greenwald	VIC	-37.9667	141.3667
3304	Milltown	VIC	-38.05	141.7167
3304	Dartmoor	VIC	-37.9222	141.2749
3304	Winnap	VIC	-37.95	141.3167
3304	Drumborg	VIC	-38.0833	141.6
3304	Myamyn	VIC	-38	141.7333
3304	Bessiebelle	VIC	-38.15	141.9667
3304	Drik Drik	VIC	-38	141.3
3304	Heywood	VIC	-38.1329	141.6295
3304	Lyons	VIC	-38.0167	141.4667
3351	Carngham	VIC	-37.5833	143.5833
3351	Springdallah	VIC	-37.7466	143.6292
3351	Rokewood Junction	VIC	-37.85	143.6833
3351	Cape Clear	VIC	-37.7833	143.6167
3351	Smythesdale	VIC	-37.6431	143.6862
3351	Lake Bolac	VIC	-37.7126	142.8396
3351	Chepstowe	VIC	-37.5833	143.5
3351	Newtown	VIC	-37.7	143.65
3351	Illabarook	VIC	-37.8205	143.652
3351	Nintingbool	VIC	-37.6099	143.7213
3351	Staffordshire Reef	VIC	-37.75	143.7
3351	Scarsdale	VIC	-37.6795	143.6669
3351	Wallinduc	VIC	-37.8667	143.5167
3351	Pitfield	VIC	-37.8263	143.5961
3351	Mortchup	VIC	-37.6167	143.5
3351	Nerrin Nerrin	VIC	-37.7667	143.0167
3351	Hillcrest	VIC	-37.6167	143.6333
3351	Ross Creek	VIC	-37.65	143.75
3351	Happy Valley	VIC	-37.7167	143.6
3351	Smythes Creek	VIC	-37.6	143.7833
3351	Berringa	VIC	-37.7667	143.7
3351	Mount Emu	VIC	-37.6069	143.4298
3351	Mininera	VIC	-37.6	142.9667
3351	Streatham	VIC	-37.6667	143.0667
3351	Snake Valley	VIC	-37.6116	143.585
3351	Piggoreet	VIC	-37.7167	143.6333
3351	Westmere	VIC	-37.6833	142.9667
3351	Haddon	VIC	-37.6	143.7167
3351	Bo Peep	VIC	-37.6919	143.5139
3379	Chatsworth	VIC	-37.858	142.6511
3379	Berrambool	VIC	-37.5575	142.6591
3379	Mafeking	VIC	-37.403	142.643
3379	Wickliffe	VIC	-37.6833	142.7167
3379	Watgania	VIC	-37.4167	142.6167
3379	Willaura	VIC	-37.5454	142.7404
3379	Bornes Hill	VIC	-37.5643	142.5197
3379	Stavely	VIC	-37.6	142.6167
3379	Willaura North	VIC	-37.3896	142.7683
3658	Waterford Park	VIC	-37.3002	145.0668
3658	Hazeldene	VIC	-37.3413	145.2908
3658	Sunday Creek	VIC	-37.2436	145.0502
3658	Sugarloaf Creek	VIC	-37.1347	145.0372
3658	Flowerdale	VIC	-37.3333	145.3333
3658	Tyaak	VIC	-37.2167	145.1333
3658	Strath Creek	VIC	-37.2333	145.2167
3658	Reedy Creek	VIC	-37.2667	145.1333
3658	Clonbinane	VIC	-37.2525	145.1456
3658	Broadford	VIC	-37.2028	145.0484
3660	Seymour South	VIC	-37.0562	145.2566
3660	Caveat	VIC	-37.0562	145.2566
3660	Trawool	VIC	-37.1	145.2167
3660	Hilldene	VIC	-37.0333	145.0667
3660	Kerrisdale	VIC	-37.15	145.2667
3660	Highlands	VIC	-37.1	145.4
3660	Kobyboyn	VIC	-37.05	145.4
3660	Seymour	VIC	-37.0266	145.1392
3660	Dysart	VIC	-37.0562	145.2566
3660	Northwood	VIC	-36.9667	145.1167
3660	Dropmore	VIC	-37.0326	145.4169
3660	Whiteheads Creek	VIC	-37.0468	145.2864
3666	Molka	VIC	-36.6833	145.45
3666	Creighton	VIC	-36.7833	145.5
3666	Ruffy	VIC	-36.9833	145.5
3666	Miepoll	VIC	-36.6167	145.4667
3666	Euroa	VIC	-36.7555	145.5708
3666	Kithbrook	VIC	-36.8154	145.744
3666	Strathbogie	VIC	-36.85	145.75
3666	Gooram	VIC	-36.906	145.5964
3666	Moglonemby	VIC	-36.65	145.5333
3666	Creightons Creek	VIC	-36.7831	145.5555
3666	Balmattum	VIC	-36.7	145.65
3666	Pranjip	VIC	-36.7333	145.3667
3666	Tarcombe	VIC	-36.9833	145.4
3666	Sheans Creek	VIC	-36.7833	145.65
3666	Kelvin View	VIC	-36.8167	145.6667
3666	Riggs Creek	VIC	-36.6529	145.5937
3666	Longwood East	VIC	-36.8167	145.45
3711	Buxton	VIC	-37.4167	145.7167
3712	Rubicon	VIC	-37.2987	145.8297
3712	Thornton	VIC	-37.2558	145.7964
3714	Devils River	VIC	-37.1721	145.8169
3714	Maintongoon	VIC	-37.1426	145.7536
3714	Whanregarwen	VIC	-37.1924	145.7019
3714	Koriella	VIC	-37.1667	145.65
3714	Crystal Creek	VIC	-37.1924	145.7019
3714	Alexandra	VIC	-37.1913	145.7112
3714	Cathkin	VIC	-37.15	145.5833
3714	Taggerty	VIC	-37.3333	145.7167
3714	Fawcett	VIC	-37.1333	145.6833
3714	Acheron	VIC	-37.25	145.7
3715	Merton	VIC	-36.9768	145.7108
3715	Ancona	VIC	-36.9833	145.8167
3715	Woodfield	VIC	-37.0167	145.8
3718	Molesworth	VIC	-37.1667	145.5333
3719	Yarck	VIC	-37.1	145.6167
3719	Kanumbra	VIC	-37.05	145.6667
3719	Terip Terip	VIC	-37	145.5667
3719	Gobur	VIC	-37.0167	145.6
3723	Howqua	VIC	-37.2433	146.1907
3723	Barjarg	VIC	-36.9234	145.9943
3723	Macs Cove	VIC	-37.2125	146.1464
3723	Archerton	VIC	-36.8833	146.2
3723	Nillahcootie	VIC	-36.9833	146.0333
3723	Tolmie	VIC	-36.9333	146.2333
3723	Woods Point	VIC	-37.56	146.3423
3723	Sawmill Settlement	VIC	-37.1172	146.3581
3723	Goughs Bay	VIC	-37.1663	146.0696
3723	Mountain Bay	VIC	-37.1975	146.0971
3723	Howqua Hills	VIC	-37.1917	146.3269
3723	Mount Buller	VIC	-37.146	146.4369
3723	Jamieson	VIC	-37.3167	146.1333
3723	Howes Creek	VIC	-37.1667	146
3723	Howqua Inlet	VIC	-37.2089	146.1706
3723	Enochs Point	VIC	-37.4167	146.1
3723	Maindample	VIC	-37.0333	145.9333
3723	Delatite	VIC	-37.1296	146.1608
3723	Boorolite	VIC	-37.2089	146.1706
3723	Knockwood	VIC	-37.45	146.2333
3723	Merrijig	VIC	-37.1	146.25
3723	Kevington	VIC	-37.3667	146.15
3723	Bridge Creek	VIC	-37.2089	146.1706
3723	Matlock	VIC	-37.6	146.2167
3723	Gaffneys Creek	VIC	-37.4667	146.1833
3723	Piries	VIC	-37.2	146.1333
3777	Toolangi	VIC	-37.5333	145.4667
3777	Healesville Post Shop	VIC	-37.6179	145.4973
3777	Badger Creek	VIC	-37.7	145.5167
3777	Castella	VIC	-37.5167	145.4333
3777	Chum Creek	VIC	-37.6051	145.4874
3777	Mount Toolebewong	VIC	-37.6984	145.5625
3777	Healesville Main Street	VIC	-37.6179	145.4973
3777	Healesville	VIC	-37.654	145.5172
3088	Briar Hill	VIC	-37.7063	145.121
3088	Saint Helena	VIC	-37.7	145.1333
3088	Greensborough	VIC	-37.7046	145.103
3088	St Helena	VIC	-37.6899	145.1232
3089	Diamond Creek	VIC	-37.6667	145.15
3090	Plenty	VIC	-37.6667	145.1167
3091	Yarrambat	VIC	-37.6375	145.1349
3096	Wattle Glen	VIC	-37.6667	145.1833
3097	Watsons Creek	VIC	-37.6833	145.2333
3097	Bend Of Islands	VIC	-37.7008	145.2848
3097	Kangaroo Ground	VIC	-37.6892	145.2317
3099	Strathewen	VIC	-37.55	145.2667
3099	Cottles Bridge	VIC	-37.6071	145.2232
3099	Hurstbridge	VIC	-37.6416	145.1941
3099	Nutfield	VIC	-37.6167	145.1833
3099	Arthurs Creek	VIC	-37.5833	145.2
3113	Warrandyte	VIC	-37.75	145.2333
3113	North Warrandyte	VIC	-37.7292	145.2157
3754	Doreen	VIC	-37.6	145.15
3754	Mernda	VIC	-37.6007	145.0956
3755	Yan Yean	VIC	-37.5667	145.1
3757	Pheasant Creek	VIC	-37.4833	145.2833
3757	Eden Park	VIC	-37.4833	145.0833
3757	Bruces Creek	VIC	-37.4908	145.1975
3757	Kinglake Central	VIC	-37.5	145.3
3757	Kinglake West	VIC	-37.4667	145.2333
3757	Whittlesea	VIC	-37.5115	145.1184
3757	Humevale	VIC	-37.5	145.1667
3759	Panton Hill	VIC	-37.6408	145.2399
3760	Smiths Gully	VIC	-37.6202	145.2603
3761	St Andrews	VIC	-37.523	145.1388
3763	Mount Slide	VIC	-37.5329	145.3396
3763	Kinglake	VIC	-37.5329	145.3396
3775	Christmas Hills	VIC	-37.65	145.3333
3775	Steels Creek	VIC	-37.5833	145.3833
3775	Tarrawarra	VIC	-37.65	145.4333
3775	Yarra Glen	VIC	-37.6579	145.3742
3775	Dixons Creek	VIC	-37.6	145.4167
3314	Grampians	VIC	-37.0297	142.4986
3314	Glenisla	VIC	-37.2333	142.1667
3314	Cavendish	VIC	-37.5167	142.0333
3314	Bulart	VIC	-37.55	141.95
3314	Woohlpooer	VIC	-37.3333	142.15
3314	Mooralla	VIC	-37.4	142.1333
3377	Maroona	VIC	-37.4167	142.8667
3377	Dobie	VIC	-37.3167	143.0333
3377	Jallukur	VIC	-37.2797	143.0194
3377	Ararat East	VIC	-37.5833	143.0333
3377	Rhymney	VIC	-37.2667	142.7833
3377	Moyston	VIC	-37.3	142.7667
3377	Crowlands	VIC	-37.15	143.1167
3377	Rossbridge	VIC	-37.4833	142.85
3377	Bulgana	VIC	-37.1387	142.999
3377	Great Western	VIC	-37.15	142.85
3377	Shays Flat	VIC	-37.2797	143.0194
3377	Armstrong	VIC	-37.2167	142.9
3377	Norval	VIC	-37.2667	142.8833
3377	Cathcart	VIC	-37.2797	143.0194
3377	Rocky Point	VIC	-37.2797	143.0194
3377	Ararat	VIC	-37.2854	142.9273
3377	Ben Nevis	VIC	-37.2797	143.0194
3377	Langi Logan	VIC	-37.3922	142.9256
3377	Denicull Creek	VIC	-37.3408	142.9394
3377	Mount Cole Creek	VIC	-37.2333	143.1333
3377	Amphitheatre	VIC	-37.1667	143.4167
3377	Eversley	VIC	-37.2	143.1667
3377	Dunneworthy	VIC	-37.2	143.0667
3377	Warrak	VIC	-37.2667	143.15
3377	Mount Lonarch	VIC	-37.25	143.4
3377	Mount Cole	VIC	-37.25	143.2
3380	Bridge Inn	VIC	-37.0167	142.8333
3380	Winjallok	VIC	-36.8167	143.2
3380	Mokepilly	VIC	-36.9632	142.9381
3380	Stawell West	VIC	-36.9632	142.9381
3380	Bellellen	VIC	-36.9632	142.9381
3380	Stawell	VIC	-37.0563	142.7809
3387	Wallaloo	VIC	-36.7472	142.8765
3387	Marnoo	VIC	-36.65	142.8833
3387	Marnoo West	VIC	-36.8136	142.8818
3387	Wallaloo East	VIC	-36.8056	142.909
3387	Greens Creek	VIC	-36.9333	142.95
3387	Germania	VIC	-36.8136	142.8818
3387	Kanya	VIC	-36.7737	142.9622
3387	Morrl Morrl	VIC	-36.866	142.8903
3387	Callawadda	VIC	-36.8	142.8
3387	Campbells Bridge	VIC	-36.9333	142.7833
3387	Bolangum	VIC	-36.8136	142.8818
3388	Banyena	VIC	-36.5667	142.8333
3388	Rupanyup	VIC	-36.6285	142.6315
3401	Vectis	VIC	-36.7379	142.0843
3401	Longerenong	VIC	-36.683	142.344
3401	Jilpanger	VIC	-36.8083	142.0525
3401	Mitre	VIC	-36.7333	141.7833
3401	Wail	VIC	-36.5	142.1
3401	Green Lake	VIC	-36.8083	142.0525
3401	Wombelano	VIC	-37	141.6
3401	Gymbowen	VIC	-36.7333	141.6
3401	Clear Lake	VIC	-36.9333	141.8667
3401	Nurcoung	VIC	-36.6301	141.6851
3401	St Helens Plains	VIC	-36.8	142.3833
3401	Connangorach	VIC	-36.9667	142.0167
3401	Bungalally	VIC	-36.8	142.25
3401	Zumsteins	VIC	-36.8083	142.0525
3401	Horsham	VIC	-36.7113	142.1998
3401	Noradjuha	VIC	-36.8333	141.9667
3401	Wonwondah	VIC	-36.9192	142.2581
3401	Laharum	VIC	-36.9827	142.286
3401	Jung	VIC	-36.6167	142.3667
3401	Dahlen	VIC	-36.8083	142.0525
3401	Mckenzie Creek	VIC	-36.8	142.1833
3401	Remlaw	VIC	-36.8083	142.0525
3401	Quantong	VIC	-36.7333	142.0167
3401	Riverside	VIC	-36.8083	142.0525
3401	Cherrypool	VIC	-37.1327	142.1634
3401	Brimpaen	VIC	-37.0333	142.2
3401	Lower Norton	VIC	-36.8065	142.043
3401	Karnak	VIC	-36.8667	141.5
3401	Haven	VIC	-36.7607	142.1943
3401	Blackheath	VIC	-36.4667	142.25
3401	Telangatuk East	VIC	-37.0833	141.9667
3401	Tooan	VIC	-36.8	141.7833
3401	Toolondo	VIC	-36.9833	141.9333
3401	Drung	VIC	-36.7484	142.293
3401	Pimpinio	VIC	-36.5833	142.1167
3401	Rocklands	VIC	-36.8083	142.0525
3401	Kalkee	VIC	-36.5333	142.2333
3401	Wallup	VIC	-36.35	142.25
3401	Kanagulk	VIC	-37.1333	141.8667
3401	Dooen	VIC	-36.6454	142.2352
3401	Mockinya	VIC	-36.9667	142.15
3401	Murra Warra	VIC	-36.482	142.2239
3401	Nurrabiel	VIC	-36.9167	142.05
3401	Wartook	VIC	-37.0239	142.3385
3401	Jallumba	VIC	-36.9333	141.95
3401	Miga Lake	VIC	-36.9333	141.6333
3401	Douglas	VIC	-37.0333	141.7333
3475	Archdale	VIC	-36.8333	143.5167
3475	Logan	VIC	-36.6167	143.4667
3475	Burkes Flat	VIC	-36.65	143.55
3475	Cochranes Creek	VIC	-36.751	143.511
3475	Emu	VIC	-36.7333	143.4667
3475	Archdale Junction	VIC	-36.8724	143.516
3475	Bealiba	VIC	-36.8	143.55
3006	South Wharf	VIC	-37.8253	144.9522
3006	Southbank	VIC	-37.8228	144.9643
3181	Prahran	VIC	-37.8511	144.9932
3181	Windsor	VIC	-37.8546	144.9934
3181	Prahran East	VIC	-37.8529	144.9933
3182	St Kilda South	VIC	-37.8599	144.9711
3182	St Kilda	VIC	-37.8599	144.9711
3182	St Kilda West	VIC	-37.8599	144.9711
3184	Elwood	VIC	-37.8821	144.9821
3184	Brighton Road	VIC	-37.8821	144.9821
3185	Elsternwick	VIC	-37.8864	145.0025
3185	Gardenvale	VIC	-37.8981	145.0091
3185	Ripponlea	VIC	-37.878	144.995
3205	South Melbourne	VIC	-37.8333	144.9667
3205	South Melbourne Dc	VIC	-37.8333	144.9667
3206	Albert Park	VIC	-37.8445	144.953
3206	Middle Park	VIC	-37.8512	144.962
8008	St Kilda Road Central	VIC	-37.8153	144.9756
8045	Melbourne	VIC	-37.814	144.9633
8051	Melbourne	VIC	-37.814	144.9633
8066	Melbourne	VIC	-37.814	144.9633
8069	Melbourne	VIC	-37.814	144.9633
8070	Melbourne	VIC	-37.814	144.9633
8071	Melbourne	VIC	-37.814	144.9633
8102	Melbourne	VIC	-37.814	144.9633
8107	Melbourne	VIC	-37.814	144.9633
8111	Melbourne	VIC	-37.814	144.9633
8120	Melbourne	VIC	-37.814	144.9633
8205	Melbourne	VIC	-37.814	144.9633
3375	Bayindeen	VIC	-37.3167	143.1667
3375	Middle Creek	VIC	-37.4	143.2333
3375	Ballyrogan	VIC	-37.4333	143.1333
3375	Buangor	VIC	-37.3667	143.1667
3384	Joel South	VIC	-37.066	143.002
3384	Shays Flat	VIC	-36.9903	143.0472
3384	Barkly	VIC	-36.9333	143.2
3384	Tulkara	VIC	-36.9903	143.0472
3384	Navarre	VIC	-36.9	143.1
3384	Concongella	VIC	-37.0358	142.817
3384	Landsborough West	VIC	-36.9903	143.0472
3384	Frenchmans	VIC	-36.9903	143.0472
3384	Landsborough	VIC	-37.0167	143.15
3384	Wattle Creek	VIC	-36.964	143.0777
3384	Joel Joel	VIC	-37.0167	142.9833
3467	Moyreisk	VIC	-36.8733	143.3905
3467	Avoca	VIC	-37.0904	143.4736
3468	Amphitheatre	VIC	-37.1667	143.4167
3468	Mount Lonarch	VIC	-37.25	143.4
3469	Nowhere Creek	VIC	-37.1227	143.299
3469	Glenpatrick	VIC	-37.1333	143.3167
3469	Glenlofty	VIC	-37.1167	143.2167
3469	Glenlogie	VIC	-37.2329	143.2848
3469	Elmhurst	VIC	-37.1667	143.25
8001	Melbourne	VIC	-37.814	144.9633
3835	Thorpdale	VIC	-38.2833	146.1833
3946	Bena	VIC	-38.4167	145.7667
3954	Koonwarra	VIC	-38.55	145.95
3956	Walkerville South	VIC	-38.8599	145.9933
3956	Walkerville	VIC	-38.6645	145.9833
3956	Walkerville North	VIC	-38.8432	145.9984
3956	Middle Tarwin	VIC	-38.6667	145.9333
3956	Mirboo South	VIC	-38.6645	145.9833
3956	Meeniyan	VIC	-38.5769	146.0193
3956	Tarwin	VIC	-38.5833	145.9833
3956	Venus Bay	VIC	-38.7004	145.8224
3956	Dumbalk North	VIC	-38.5167	146.1667
3956	Dumbalk	VIC	-38.5333	146.0833
3956	Tarwin Lower	VIC	-38.7	145.85
3957	Stony Creek	VIC	-38.5833	146.0333
3957	Grassy Spur	VIC	-38.5833	146.0333
3958	Buffalo	VIC	-38.65	146.0333
3958	Buffalo Creek	VIC	-38.65	146.0333
3959	Fish Creek	VIC	-38.6833	146.0833
3959	Waratah North	VIC	-38.75	146.0833
3959	Hoddle	VIC	-38.6833	146.1333
3959	Waratah Bay	VIC	-38.8051	146.0694
3959	Sandy Point	VIC	-38.8199	146.1174
3960	Gunyah	VIC	-38.5333	146.3167
3960	Boolarong	VIC	-38.5667	146.25
3960	Foster	VIC	-38.6527	146.2007
3960	Wonga	VIC	-38.5968	146.2475
3960	Yanakie	VIC	-38.8114	146.2057
3960	Bennison	VIC	-38.6665	146.2711
3960	Woorarra West	VIC	-38.5927	146.2166
3960	Rumbug	VIC	-38.653	146.2626
3960	Foster North	VIC	-38.653	146.2626
3960	Wilsons Promontory	VIC	-38.9602	146.3677
3960	Turtons Creek	VIC	-38.55	146.25
3960	Mount Best	VIC	-38.6	146.3
3960	Shallow Inlet	VIC	-38.653	146.2626
3960	Tidal River	VIC	-38.653	146.2626
3964	Port Franklin	VIC	-38.6833	146.2667
3965	Port Welshpool	VIC	-38.6992	146.4531
3984	Grantville	VIC	-38.407	145.5301
3984	Monomeith	VIC	-38.2167	145.5167
3984	Lang Lang	VIC	-38.266	145.5621
3984	Lang Lang East	VIC	-38.2756	145.6531
3984	The Gurdies	VIC	-38.3847	145.5639
3984	Corinella	VIC	-38.4141	145.4276
3984	Caldermeade	VIC	-38.25	145.5333
3984	Jam Jerrup	VIC	-38.3576	145.5241
3984	Adams Estate	VIC	-38.4254	145.5318
3984	Tenby Point	VIC	-38.4157	145.476
3984	Pioneer Bay	VIC	-38.3807	145.5495
3984	Queensferry	VIC	-38.4167	145.5
3984	Coronet Bay	VIC	-38.4391	145.4457
3996	Inverloch	VIC	-38.6266	145.7226
3996	Pound Creek	VIC	-38.6159	145.8383
3274	Caramut	VIC	-37.95	142.5167
3300	Hamilton	VIC	-37.7442	142.022
3300	Byaduk North	VIC	-37.8928	141.9553
3312	Carapook	VIC	-37.55	141.5333
3312	Poolaijelo	VIC	-37.2324	141.0988
3312	Brimboal	VIC	-37.3833	141.4
3312	Chetwynd	VIC	-37.2833	141.4167
3312	Strathdownie	VIC	-37.7333	141.1833
3312	Bahgallah	VIC	-37.6959	141.3127
3312	Wando Vale	VIC	-37.5167	141.45
3312	Sandford	VIC	-37.6167	141.4333
3312	Dorodong	VIC	-37.3332	141.0697
3312	Nangeela	VIC	-37.4995	141.5467
3312	Warrock	VIC	-37.4402	141.3291
3312	Dergholm	VIC	-37.3833	141.2167
3312	Henty	VIC	-37.6667	141.5167
3312	Lindsay	VIC	-37.6002	141.1191
3312	Muntham	VIC	-37.5734	141.5443
3312	Lake Mundi	VIC	-37.55	141
3312	Powers Creek	VIC	-37.2	141.2833
3312	Killara	VIC	-37.75	145.5
3312	Dunrobin	VIC	-37.4995	141.5467
3312	Wando Bridge	VIC	-37.4833	141.4333
3317	Harrow	VIC	-37.1667	141.6
3407	Gatum	VIC	-37.4167	141.9333
3407	Englefield	VIC	-37.3167	141.8333
3407	Balmoral	VIC	-37.25	141.85
3407	Pigeon Ponds	VIC	-37.3	141.6833
3407	Vasey	VIC	-37.3667	141.8833
3142	Toorak	VIC	-37.8416	145.0144
3142	Hawksburn	VIC	-37.8416	145.0144
3143	Armadale	VIC	-37.8554	145.0205
3143	Armadale North	VIC	-37.85	145.0333
3144	Malvern	VIC	-37.8626	145.0281
3144	Kooyong	VIC	-37.8433	145.0358
3144	Malvern North	VIC	-37.853	145.032
3146	Tooronga	VIC	-37.8667	145.0667
3146	Glen Iris	VIC	-37.8667	145.0667
3147	Ashburton	VIC	-37.8667	145.0833
3147	Ashwood	VIC	-37.8666	145.1055
3607	Tabilk	VIC	-36.85	145.1667
3610	Murchison North	VIC	-36.5639	145.2628
3610	Murchison	VIC	-36.6189	145.2172
3610	Dhurringile	VIC	-36.5319	145.2132
3610	Moorilim	VIC	-36.6167	145.3167
3610	Murchison East	VIC	-36.6167	145.25
3612	Moora	VIC	-36.5942	145.019
3612	Wanalta	VIC	-36.6	144.8833
3612	Rushworth	VIC	-36.5867	145.0175
3612	Waranga	VIC	-36.6	145.1167
3612	Whroo	VIC	-36.65	145.0167
3612	Waranga Shores	VIC	-36.5342	145.0607
3631	Orrvale	VIC	-36.4167	145.45
3631	Pine Lodge	VIC	-36.381	145.551
3631	Arcadia South	VIC	-36.5738	145.3548
3631	Grahamvale	VIC	-36.3484	145.4362
3631	Karramomus	VIC	-36.5264	145.4661
3631	Cosgrove	VIC	-36.3451	145.6204
3631	Kialla	VIC	-36.4473	145.4142
3631	Shepparton East	VIC	-36.4016	145.4777
3631	Kialla West	VIC	-36.4645	145.3878
3631	Cosgrove South	VIC	-36.417	145.63
3631	Tamleugh West	VIC	-36.5667	145.5333
3631	Lemnos	VIC	-36.35	145.4667
3631	Shepparton North	VIC	-36.4467	145.4752
3631	Arcadia	VIC	-36.5654	145.3319
3631	Branditt	VIC	-36.4467	145.4752
3631	Kialla East	VIC	-36.45	145.5333
3646	Yabba North	VIC	-36.2167	145.6833
3646	Wattville	VIC	-36.2881	145.709
3646	Yabba South	VIC	-36.2832	145.6917
3646	Waggarandall	VIC	-36.25	145.8
3646	Dookie	VIC	-36.3273	145.6897
3646	Mount Major	VIC	-36.3606	145.6914
3646	Youanmite	VIC	-36.1625	145.6899
3646	Nalinga	VIC	-36.4167	145.7167
3665	Longwood	VIC	-36.8	145.4167
3665	Locksley	VIC	-36.8333	145.3333
3665	Pranjip	VIC	-36.7333	145.3667
3670	Tarnook	VIC	-36.5441	145.8744
3670	Baddaginnie	VIC	-36.5833	145.8667
3670	Warrenbayne	VIC	-36.6833	145.8667
3217	Charlemont	VIC	-38.2187	144.3677
3217	Mount Duneed	VIC	-38.2409	144.3375
3217	Armstrong Creek	VIC	-38.2312	144.3737
3217	Deakin University	VIC	-38.2394	144.3406
3217	Freshwater Creek	VIC	-38.2667	144.2833
3227	Connewarre	VIC	-38.2667	144.4
3227	Barwon Heads	VIC	-38.2745	144.4885
3227	Breamlea	VIC	-38.2979	144.3857
3228	Bellbrae	VIC	-38.3333	144.2667
3228	Bells Beach	VIC	-38.3751	144.2564
3228	Torquay	VIC	-38.3308	144.3264
3228	Jan Juc	VIC	-38.3445	144.2952
3230	Anglesea	VIC	-38.4073	144.1859
3231	Big Hill	VIC	-38.4676	144.0719
3231	Aireys Inlet	VIC	-38.464	144.1039
3231	Eastern View	VIC	-38.4827	144.027
3231	Fairhaven	VIC	-38.4577	144.0895
3231	Moggs Creek	VIC	-38.4658	144.0671
3232	Big Hill	VIC	-38.5404	143.9764
3232	Lorne	VIC	-38.5404	143.9764
3240	Paraparap	VIC	-38.301	144.1915
3240	Moriac	VIC	-38.2409	144.1748
3240	Gherang	VIC	-38.3113	144.1034
3240	Modewarre	VIC	-38.25	144.1333
3240	Buckley	VIC	-38.2333	144.1
3240	Mount Moriac	VIC	-38.2167	144.1833
3242	Birregurra	VIC	-38.3368	143.7847
3501	Koorlong	VIC	-34.2985	142.0412
3501	Nichols Point	VIC	-34.2103	142.2112
3501	Mildura Centre Plaza	VIC	-34.4238	142.178
3501	Mildura South	VIC	-34.4238	142.178
3501	Hattah	VIC	-34.7625	142.2815
3533	Mittyack	VIC	-35.15	142.65
3533	Nyarrin	VIC	-35.3833	142.6833
3533	Tyrrell Downs	VIC	-35.3667	142.9667
3533	Straten	VIC	-35.3898	142.946
3533	Pier Milan	VIC	-35.3898	142.946
3533	Sea Lake	VIC	-35.5039	142.8498
3533	Tyrrell	VIC	-35.3667	142.9667
3533	Tyenna	VIC	-35.3898	142.946
3533	Nandaly	VIC	-35.3	142.7
3533	Myall	VIC	-35.581	144.0013
3533	Lake Tyrrell	VIC	-35.3898	142.946
3533	Ninda	VIC	-35.4667	142.75
3533	Bimbourie	VIC	-35.3898	142.946
3546	Chinkapook	VIC	-35.1891	142.9431
3546	Manangatang	VIC	-35.0551	142.8823
3546	Turoar	VIC	-35.1667	143.05
3546	Cocamba	VIC	-35.116	142.8978
3546	Winnambool	VIC	-34.9593	142.7535
3546	Gerahmin	VIC	-35.0755	142.9014
3546	Bolton	VIC	-34.9666	142.8815
3549	Robinvale Irrigation District Section E	VIC	-34.6678	142.7611
3549	Wemen	VIC	-34.7887	142.6301
3549	Bannerton	VIC	-34.6992	142.7883
3549	Tol Tol	VIC	-34.6514	142.8258
3549	Happy Valley	VIC	-37.7167	143.6
3549	Robinvale	VIC	-34.5836	142.7723
3549	Robinvale Irrigation District Section C	VIC	-34.6178	142.7278
3549	Robinvale Irrigation District Section B	VIC	-34.6184	142.7852
3549	Liparoo	VIC	-34.7848	142.5431
3549	Robinvale Irrigation District Section D	VIC	-34.9978	142.8267
3549	Wandown	VIC	-34.9978	142.8267
3549	Annuello	VIC	-34.85	142.8333
3579	Appin	VIC	-35.8751	143.8739
3579	Bael Bael	VIC	-35.7091	143.8581
3579	Budgerum East	VIC	-35.7792	143.6597
3579	Myall	VIC	-35.581	144.0013
3579	Appin South	VIC	-35.9307	143.8642
3579	Pine View	VIC	-35.7091	143.8581
3579	Lake Meran	VIC	-35.8691	143.81
3579	Kerang East	VIC	-35.7091	143.8581
3579	Benjeroop	VIC	-35.4913	143.8604
3579	Dingwall	VIC	-35.811	143.8309
3579	Gonn Crossing	VIC	-35.5064	143.9308
3579	Teal Point	VIC	-35.6746	144.0757
3579	Sandhill Lake	VIC	-35.7248	143.685
3579	Milnes Bridge	VIC	-35.786	144.0824
3579	Beauchamp	VIC	-35.6082	143.5719
3579	Murrabit West	VIC	-35.5193	143.9049
3579	Macorna	VIC	-35.9177	144.0305
3579	Meering West	VIC	-35.7091	143.8581
3579	Kerang	VIC	-35.7349	143.9203
3579	Westby	VIC	-35.7091	143.8581
3579	Mystic Park	VIC	-35.5535	143.7221
3579	East Yeoburn	VIC	-35.7091	143.8581
3579	Wandella	VIC	-35.7091	143.8581
3579	Fairley	VIC	-35.6868	143.8612
3579	Tragowel	VIC	-35.8513	143.9777
3579	Koroop	VIC	-35.7425	144.0736
3579	Reedy Lake	VIC	-35.6852	143.868
3579	Normanville	VIC	-35.8161	143.7454
3579	Murrabit	VIC	-35.5322	143.9524
3579	Capels Crossing	VIC	-35.6333	143.4333
3583	Tresco	VIC	-35.5057	143.6748
3584	Tresco West	VIC	-35.463	143.6326
3584	Lake Boga	VIC	-35.463	143.6326
3586	Murrawee	VIC	-35.2993	143.5131
3586	Tyntynder South	VIC	-35.2788	143.5356
3586	Tyntynder	VIC	-35.241	143.541
3586	Ultima East	VIC	-35.2728	143.5885
3586	Bulga	VIC	-35.2728	143.5885
3586	Pental Island	VIC	-35.4034	143.6912
3586	Murraydale	VIC	-35.2888	143.5587
3588	Woorinen South	VIC	-35.3938	143.5502
3589	Woorinen	VIC	-35.264	143.471
3589	Woorinen North	VIC	-35.2397	143.4314
3590	Beverford	VIC	-35.2238	143.4727
3591	Vinifera	VIC	-35.2031	143.3784
3594	Nyah	VIC	-35.1755	143.3774
3595	Nyah West	VIC	-35.1854	143.3508
3596	Wood Wood	VIC	-35.1037	143.3383
3596	Miralie	VIC	-35.1102	143.2858
3596	Towan	VIC	-35.1167	143.2333
3597	Kenley	VIC	-34.8434	143.3388
3597	Natya	VIC	-34.9567	143.2252
3597	Piangil	VIC	-35.0585	143.3063
3597	Narrung	VIC	-34.774	143.2472
3597	Lake Powell	VIC	-34.715	142.9078
3597	Kooloonong	VIC	-34.8774	143.1459
3599	Boundary Bend	VIC	-34.7213	143.1648
3695	Charleroi	VIC	-36.2886	147.1244
3695	Sandy Creek	VIC	-36.3	147.1
3695	Huon	VIC	-36.2333	147.0667
3695	Red Bluff	VIC	-36.2667	147.1
3700	Bullioh	VIC	-36.1951	147.3257
3700	Tallangatta	VIC	-36.2179	147.177
3700	Jarvis Creek	VIC	-36.1745	147.2222
3700	Tallangatta East	VIC	-36.202	147.3056
3700	Georges Creek	VIC	-36.1673	147.273
3704	Koetong	VIC	-36.1529	147.4953
3705	Nariel Valley	VIC	-36.329	147.8338
3705	Cudgewa	VIC	-36.1874	147.7752
3708	Tintaldra	VIC	-36.052	147.9052
3709	Mount Alfred	VIC	-35.9847	147.6176
3709	Walwa	VIC	-35.9659	147.734
3709	Pine Mountain	VIC	-36.011	147.639
3709	Burrowye	VIC	-36.0279	147.5562
3709	Guys Forest	VIC	-36.0654	147.6481
3676	Wangaratta	VIC	-36.3585	146.3206
3677	Wangaratta	VIC	-36.3585	146.3206
3677	Wangaratta West	VIC	-36.5333	146.2167
3677	Appin Park	VIC	-36.4459	146.2686
3677	Yarrunga	VIC	-36.4459	146.2686
3685	Gooramadda	VIC	-36	146.55
3685	Lake Moodemere	VIC	-36.0496	146.4317
3685	Boorhaman North	VIC	-36.095	146.2226
3685	Brimin	VIC	-36.0513	146.2249
3685	Dugays Bridge	VIC	-36.0496	146.4317
3685	Browns Plains	VIC	-36.0472	146.6387
3685	Rutherglen	VIC	-36.0543	146.4621
3685	Great Southern	VIC	-36.0667	146.4833
3685	Carlyle	VIC	-36.0151	146.4699
3685	Prentice North	VIC	-36.0333	146.5
3685	Norong Central	VIC	-36.0833	146.3333
3732	Moyhu	VIC	-36.578	146.3784
3732	Myrrhee	VIC	-36.75	146.3167
3733	Whitfield	VIC	-36.7833	146.4167
3735	Whorouly South	VIC	-36.5937	146.5967
3735	Whorouly East	VIC	-36.5384	146.6407
3735	Bowmans Forest	VIC	-36.48	146.6342
3735	Whorouly	VIC	-36.5167	146.6
3736	Myrtleford	VIC	-36.561	146.7237
3737	Nug Nug	VIC	-36.6656	146.7178
3737	Gapsted	VIC	-36.5167	146.6833
3737	Mudgegonga	VIC	-36.6049	146.722
3737	Rosewhite	VIC	-36.5833	146.8773
3737	Buffalo River	VIC	-36.6333	146.6833
3737	Abbeyard	VIC	-36.6049	146.722
3737	Merriang	VIC	-36.5721	146.6933
3737	Wonnangatta	VIC	-36.6049	146.722
3737	Myrtleford	VIC	-36.561	146.7237
3737	Dandongadale	VIC	-36.8	146.6667
3737	Merriang South	VIC	-36.6052	146.6707
3737	Havillah	VIC	-36.6049	146.722
3737	Selwyn	VIC	-36.6049	146.722
3737	Havilah	VIC	-36.6049	146.722
3737	Barwidgee	VIC	-36.5067	146.7819
3746	Eldorado	VIC	-36.325	146.5539
3747	Beechworth	VIC	-36.3583	146.6858
3747	Woolshed	VIC	-36.3167	146.6333
3747	Hurdle Flat	VIC	-36.3833	146.7333
3747	Stanley	VIC	-36.4167	146.75
3747	Silver Creek	VIC	-36.3833	146.7167
3747	Wooragee	VIC	-36.2833	146.7833
3747	Murmungee	VIC	-36.45	146.6833
3747	Baarmutha	VIC	-36.4167	146.6833
3282	Koroit	VIC	-38.2918	142.3673
3282	Illowa	VIC	-38.3333	142.4167
3283	Yarpturk	VIC	-38.2816	142.4294
3283	Southern Cross	VIC	-38.3	142.4
3283	Crossley	VIC	-38.3	142.3333
3283	Kirkstall	VIC	-38.2667	142.3167
3283	Willatook	VIC	-38.1667	142.2667
3283	Tarrone	VIC	-38.2769	142.1995
3283	Yangery	VIC	-38.3192	142.4407
3283	Killarney	VIC	-38.35	142.3333
3283	Warrong	VIC	-38.2333	142.3667
3283	Tower Hill	VIC	-38.3333	142.35
3825	Hernes Oak	VIC	-38.2209	146.3
3825	Westbury	VIC	-38.1363	146.2175
3825	Newborough	VIC	-38.1717	146.2926
3825	Walhalla	VIC	-37.95	146.45
3825	Hill End	VIC	-38.0167	146.15
3825	Caringal	VIC	-37.9937	146.3465
3825	Jericho	VIC	-38.0569	146.2191
3825	Coalville	VIC	-38.25	146.2667
3825	Moe South	VIC	-38.2127	146.2524
3825	Coopers Creek	VIC	-37.9833	146.4333
3825	Aberfeldy	VIC	-37.7022	146.3791
3825	Toombon	VIC	-38.0569	146.2191
3825	Amor	VIC	-37.9411	146.3981
3825	Walhalla East	VIC	-38.0569	146.2191
3825	Thalloo	VIC	-38.0842	146.3081
3825	Thomson	VIC	-38.1698	144.3789
3825	Fumina	VIC	-37.9103	146.0894
3825	Moe	VIC	-38.1783	146.261
3825	Yallourn	VIC	-38.1783	146.261
3825	Moondarra	VIC	-38.0167	146.3667
3825	Boola	VIC	-38.0569	146.2191
3825	Jacob Creek	VIC	-38.0013	146.411
3825	Willow Grove	VIC	-38.0833	146.2
3825	Yallourn North	VIC	-38.1605	146.3645
3825	Rawson	VIC	-37.9546	146.3993
3825	Tanjil	VIC	-38.0569	146.2191
3825	Erica	VIC	-37.9833	146.3667
3825	Tanjil South	VIC	-38.1167	146.25
3825	Newborough East	VIC	-38.0569	146.2191
3825	Fumina South	VIC	-37.95	146.1167
3825	Thaloo	VIC	-38.0569	146.2191
3841	Gippsland Mc	VIC	-38.2903	146.5885
3844	Willung South	VIC	-38.35	146.7333
3844	Traralgon East	VIC	-38.3056	146.6253
3844	Callignee South	VIC	-38.3833	146.6167
3844	Traralgon South	VIC	-38.2899	146.5462
3844	Tyers	VIC	-38.1489	146.4804
3844	Carrajung Lower	VIC	-38.4	146.7333
3844	Blackwarry	VIC	-38.4	146.65
3844	Koornalla	VIC	-38.3481	146.5253
3844	Carrajung South	VIC	-38.3858	146.7974
3844	Mount Tassie	VIC	-38.3056	146.6253
3844	Carrajung	VIC	-38.3667	146.6833
3844	Callignee	VIC	-38.3333	146.5833
3844	Loy Yang	VIC	-38.249	146.576
3844	Flynns Creek	VIC	-38.2506	146.6286
3844	Traralgon	VIC	-38.1953	146.5415
3844	Callignee North	VIC	-38.3167	146.6
3844	Flynn	VIC	-38.1667	146.6833
3847	Willung South	VIC	-38.35	146.7333
3847	Nambrok	VIC	-38.05	146.8833
3847	Willung	VIC	-38.25	146.8167
3847	Rosedale	VIC	-38.1545	146.7886
3847	Hiamdale	VIC	-38.2011	146.8055
3850	Sale North	VIC	-38.2148	147.0616
3850	Sale	VIC	-38.111	147.068
3850	Guthridge	VIC	-38.2148	147.0616
3850	Wurruk	VIC	-38.1167	147.0333
3850	Giffard	VIC	-38.4167	147.0833
3851	Paradise Beach	VIC	-38.1962	147.4152
3851	Myrtlebank	VIC	-38.0669	147.0245
3851	Longford	VIC	-38.1624	147.0859
3851	Seacombe	VIC	-38.1167	147.4333
3851	Clydebank	VIC	-38.05	147.2
3851	Fulham	VIC	-38.1	146.9833
3851	The Heart	VIC	-38.1167	147.1667
3851	Stradbroke	VIC	-38.3	147.0333
3851	Darriman	VIC	-38.45	146.9333
3851	Flamingo Beach	VIC	-38.2819	147.3046
3851	Pearsondale	VIC	-38.1335	147.0095
3851	Dutson Downs	VIC	-38.1804	147.169
3851	Airly	VIC	-38.0333	147.1167
3851	Glomar Beach	VIC	-38.3016	147.2795
3851	Golden Beach	VIC	-38.2109	147.3987
3851	Montgomery	VIC	-38.0333	147.0667
3851	Somerton Park	VIC	-38.1804	147.169
3851	Bundalaguah	VIC	-38.0333	147.0167
3851	Giffard	VIC	-38.4167	147.0833
3851	Cobains	VIC	-38.0833	147.15
3851	Dutson	VIC	-38.1833	147.1833
3851	Giffard West	VIC	-38.3529	146.9875
3851	Seaspray	VIC	-38.3761	147.1906
3851	Loch Sport	VIC	-38.0401	147.5918
3851	The Honeysuckles	VIC	-38.3536	147.2195
3851	Lake Wellington	VIC	-38.0167	147.45
3851	Kilmany	VIC	-38.1	146.9
3852	East Sale Raaf	VIC	-38.1035	147.127
3852	Sale East Raaf	VIC	-38.1035	147.127
3852	East Sale	VIC	-38.1035	147.127
3859	Maffra West Upper	VIC	-37.8754	146.8215
3859	Newry	VIC	-37.9167	146.8833
3859	Mewburn Park	VIC	-37.9214	146.8621
3859	Tinamba	VIC	-37.9625	146.8914
3859	Tinamba West	VIC	-37.9311	146.8521
3860	Valencia Creek	VIC	-37.773	146.9994
3860	Maffra	VIC	-37.9713	146.9837
3860	Riverslea	VIC	-38	146.95
3860	Monomak	VIC	-37.8899	146.9726
3860	Boisdale	VIC	-37.8833	146.9833
3860	Nuntin	VIC	-37.8899	146.9726
3860	Woolenook	VIC	-37.8899	146.9726
3860	Wrixon	VIC	-37.8899	146.9726
3860	Koorool	VIC	-37.8899	146.9726
3860	Moroka	VIC	-37.8899	146.9726
3860	Coongulla	VIC	-37.8913	146.786
3860	Briagolong	VIC	-37.8436	147.0727
3860	Nap Nap Marra	VIC	-37.8899	146.9726
3860	Toolome	VIC	-37.8899	146.9726
3860	Wrathung	VIC	-37.8899	146.9726
3860	Bushy Park	VIC	-37.8667	147.0333
3864	The Fingerboard	VIC	-37.8084	147.3096
3864	Glenaladale	VIC	-37.7501	147.3026
3864	Fernbank	VIC	-37.8667	147.3167
3870	Johnstones Hill	VIC	-38.4422	146.3299
3870	Boolarra South	VIC	-38.45	146.2833
3870	Grand Ridge	VIC	-38.4738	146.4208
3870	Budgeree	VIC	-38.4167	146.3333
3870	Budgeree East	VIC	-38.45	146.3833
3870	Mirboo East	VIC	-38.4833	146.2833
3870	Boolarra	VIC	-38.3794	146.2753
3873	Gormandale	VIC	-38.2833	146.7
3874	Woodside North	VIC	-38.5299	146.885
3874	Mcloughlins Beach	VIC	-38.6101	146.8906
3874	Carrajung South	VIC	-38.3858	146.7974
3874	Woodside Beach	VIC	-38.5467	146.9784
3874	Cherrilong	VIC	-38.5833	146.8833
3874	Woodside	VIC	-38.5238	146.8751
3880	Raymond Island	VIC	-37.9167	147.7333
3880	Paynesville	VIC	-37.9189	147.7194
3880	Ocean Grange	VIC	-37.9178	147.7264
3880	Boole Poole	VIC	-37.9178	147.7264
3962	Toora North	VIC	-38.6184	146.346
3962	Woorarra East	VIC	-38.606	146.3859
3962	Woorarra	VIC	-38.5918	146.3804
3962	Wonyip	VIC	-38.5622	146.3924
3962	Toora	VIC	-38.6629	146.3279
3962	Grand Ridge	VIC	-38.4738	146.4208
3962	Christies	VIC	-38.5333	146.4
3962	Agnes	VIC	-38.6857	146.3898
3966	Binginwarri	VIC	-38.5833	146.45
3966	Hazel Park	VIC	-38.6333	146.3833
3966	Welshpool	VIC	-38.6667	146.4333
3967	Hedley	VIC	-38.6333	146.5
3315	Hilgay	VIC	-37.6231	141.6517
3315	Muntham	VIC	-37.5734	141.5443
3315	Wootong Vale	VIC	-37.5186	141.7175
3315	Tarrenlea	VIC	-37.6833	141.7333
3315	Paschendale	VIC	-37.6667	141.6
3315	Tahara Bridge	VIC	-37.7071	141.6278
3315	Brit Brit	VIC	-37.4333	141.7667
3315	Parkwood	VIC	-37.6167	141.7833
3315	Coleraine	VIC	-37.5983	141.6912
3315	Coojar	VIC	-37.3527	141.6909
3315	Melville Forest	VIC	-37.5	141.8667
3315	Clover Flat	VIC	-37.5144	141.6863
3315	Gritjurk	VIC	-37.5833	141.7667
3315	Culla	VIC	-37.2378	141.5765
3315	Gringegalgona	VIC	-37.4167	141.8167
3315	Konongwootong	VIC	-37.5333	141.6833
3315	Tarrayoukyan	VIC	-37.3167	141.5833
3315	Nareen	VIC	-37.3833	141.5667
3318	Charam	VIC	-36.95	141.5167
3318	Connewirricoo	VIC	-37.2	141.4667
3318	Kadnook	VIC	-37.0338	141.2876
3318	Jallakin	VIC	-37.0338	141.2876
3318	Patyah	VIC	-36.9	141.2333
3318	Ullswater	VIC	-36.9667	141.3833
3318	Meereek	VIC	-37.0833	141.0833
3318	Edenhope	VIC	-37.0365	141.2966
3318	Langkoop	VIC	-37.1	141.0333
3319	Bringalbert	VIC	-36.85	141.1667
3319	Apsley	VIC	-36.9667	141.0833
3319	Benayeo	VIC	-36.8408	141.0431
3409	Grass Flat	VIC	-36.8364	141.8134
3409	Wombelano	VIC	-37	141.6
3409	Jilpanger	VIC	-36.8364	141.8134
3409	Miga Lake	VIC	-36.9333	141.6333
3409	Noradjuha	VIC	-36.8333	141.9667
3409	Mitre	VIC	-36.7333	141.7833
3409	Douglas	VIC	-37.0333	141.7333
3409	Clear Lake	VIC	-36.9333	141.8667
3409	Duchembegarra	VIC	-36.6234	141.9718
3409	Natimuk	VIC	-36.7403	141.9452
3409	Arapiles	VIC	-36.7333	141.85
3409	Tooan	VIC	-36.8	141.7833
3412	Goroke	VIC	-36.7179	141.4731
3413	Minimay	VIC	-36.7167	141.1833
3413	Neuarpurr	VIC	-36.7667	141.0833
3413	Ozenkadnook	VIC	-36.85	141.3333
3413	Peronne	VIC	-36.7333	141.3833
3415	Miram	VIC	-36.3667	141.35
3415	Yarrunga	VIC	-36.3667	141.35
3418	Gerang Gerung	VIC	-36.3594	141.8555
3418	Nhill	VIC	-36.3333	141.6501
3418	Lawloit	VIC	-36.4167	141.4667
3418	Little Desert	VIC	-36.5025	141.7614
3418	Netherby	VIC	-36.1167	141.65
3418	Broughton	VIC	-36.1667	141.35
3418	Glenlee	VIC	-36.2167	141.85
3418	Lorquon	VIC	-36.1463	141.7723
3418	Yanac	VIC	-36.1333	141.4333
3418	Kiata	VIC	-36.4186	141.7529
3420	Serviceton	VIC	-36.3833	140.9833
3420	Lillimur	VIC	-36.3667	141.1333
3420	Telopea Downs	VIC	-36.375	141.0583
3104	Greythorn	VIC	-37.7909	145.0939
3104	Balwyn North	VIC	-37.7909	145.0939
3128	Wattle Park	VIC	-37.8256	145.1232
3128	Houston	VIC	-37.8256	145.1232
3128	Box Hill Central	VIC	-37.8256	145.1232
3128	Box Hill South	VIC	-37.8324	145.121
3128	Box Hill	VIC	-37.8189	145.1254
3129	Mont Albert North	VIC	-37.8004	145.1083
3129	Kerrimuir	VIC	-37.8015	145.1174
3129	Box Hill North	VIC	-37.8027	145.1266
3130	Laburnum	VIC	-37.8227	145.1535
3130	Blackburn	VIC	-37.819	145.1533
3130	Blackburn North	VIC	-37.8093	145.1518
3130	Blackburn South	VIC	-37.8398	145.1555
3132	Mitcham	VIC	-37.8167	145.2
3132	Rangeview	VIC	-37.8167	145.2
3132	Mitcham North	VIC	-37.8167	145.2
3151	Burwood Heights	VIC	-37.85	145.15
3151	Burwood East	VIC	-37.85	145.15
3064	Donnybrook	VIC	-37.5333	144.9833
3064	Kalkallo	VIC	-37.5333	144.95
3064	Craigieburn	VIC	-37.6	144.95
3064	Roxburgh Park	VIC	-37.6258	144.9255
3064	Mickleham	VIC	-37.5366	144.902
3074	Thomastown	VIC	-37.6833	145.0167
3075	Lalor Plaza	VIC	-37.6667	145.0167
3075	Lalor	VIC	-37.6667	145.0167
3076	Epping Dc	VIC	-37.65	145.0333
3076	Epping	VIC	-37.65	145.0333
3082	Mill Park	VIC	-37.6667	145.0667
3750	Wollert	VIC	-37.5833	145.0333
3751	Woodstock	VIC	-37.55	145.0333
3752	South Morang	VIC	-37.65	145.1
3752	Morang South	VIC	-37.65	145.1
3753	Beveridge	VIC	-37.4833	144.9833
3690	Wodonga Plaza	VIC	-36.1226	146.87
3690	West Wodonga	VIC	-36.1235	146.8519
3690	Wodonga	VIC	-36.1218	146.8881
3694	Bandiana	VIC	-36.1479	146.9262
3694	Bandiana Milpo	VIC	-36.1479	146.9262
3026	Derrimut	VIC	-37.7924	144.7699
3026	Laverton North	VIC	-37.8258	144.7936
3027	Laverton Raaf	VIC	-37.8619	144.7437
3027	Williams Raaf	VIC	-37.8619	144.7437
3027	Williams Landing	VIC	-37.8619	144.7437
3028	Seabrook	VIC	-37.8809	144.7587
3028	Altona Meadows	VIC	-37.8841	144.7837
3028	Laverton	VIC	-37.862	144.7698
3030	Werribee	VIC	-37.9	144.6667
3030	Point Cook	VIC	-37.9148	144.7509
3030	Quandong	VIC	-37.8139	144.4951
3030	Cocoroc	VIC	-37.9728	144.5643
3030	Werribee South	VIC	-37.9475	144.7167
3030	Chartwell	VIC	-37.9098	144.6387
3338	Eynesbury	VIC	-37.8004	144.5746
3338	Melton South	VIC	-37.7077	144.5749
3338	Weir Views	VIC	-37.7312	144.5758
3338	Strathtulloh	VIC	-37.7287	144.5696
3338	Exford	VIC	-37.7259	144.53
3338	Cobblebank	VIC	-37.7064	144.602
3338	Brookfield	VIC	-37.7008	144.5603
3065	Fitzroy	VIC	-37.7984	144.9783
3066	Collingwood North	VIC	-37.8025	144.9887
3066	Collingwood	VIC	-37.8025	144.9887
3067	Abbotsford	VIC	-37.8	145
3078	Alphington	VIC	-37.7835	145.0288
3078	Fairfield	VIC	-37.7798	145.0176
3121	Cremorne	VIC	-37.8318	144.9938
3121	Richmond	VIC	-37.8182	145.0018
3121	Burnley North	VIC	-37.8265	145.0043
3121	Richmond North	VIC	-37.8265	145.0043
3121	Burnley	VIC	-37.8296	145.0173
3121	Richmond East	VIC	-37.8265	145.0043
3121	Richmond South	VIC	-37.8265	145.0043
3121	Victoria Gardens	VIC	-37.8265	145.0043
3552	Bendigo	VIC	-36.7582	144.2802
8002	East Melbourne	VIC	-37.8167	144.9879
3116	Chirnside Park	VIC	-37.7386	145.3143
3138	Mooroolbark	VIC	-37.7825	145.3168
3140	Lilydale	VIC	-37.75	145.35
3158	Upwey	VIC	-37.9	145.3333
3160	Belgrave South	VIC	-37.9333	145.3333
3160	Tecoma	VIC	-37.903	145.3447
3160	Belgrave	VIC	-37.9109	145.3536
3160	Belgrave Heights	VIC	-37.9262	145.3437
3765	Montrose	VIC	-37.8167	145.35
3766	Kalorama	VIC	-37.8167	145.3667
3767	Mount Dandenong	VIC	-37.8333	145.3667
3770	Yering	VIC	-37.7	145.3667
3770	Coldstream	VIC	-37.7249	145.378
3770	Gruyere	VIC	-37.7333	145.45
3778	Narbethong	VIC	-37.5639	145.6557
3778	Fernshaw	VIC	-37.6	145.6333
3779	Marysville	VIC	-37.5098	145.7481
3779	Cambarville	VIC	-37.5588	145.8906
3782	Emerald	VIC	-37.9317	145.4409
3782	Macclesfield	VIC	-37.8833	145.4833
3782	Avonsleigh	VIC	-37.9119	145.4843
3782	Clematis	VIC	-37.9333	145.4167
3785	Tremont	VIC	-37.8791	145.3162
3786	Ferny Creek	VIC	-37.8833	145.3333
3788	Olinda	VIC	-37.85	145.3667
3789	Sherbrooke	VIC	-37.8833	145.35
3792	The Patch	VIC	-37.8919	145.4022
3793	Monbulk	VIC	-37.8743	145.4259
3795	Silvan	VIC	-37.8167	145.4167
3796	Mount Evelyn	VIC	-37.7833	145.3833
3797	Yarra Junction	VIC	-37.7819	145.6143
3797	Gladysdale	VIC	-37.8171	145.6529
3797	Powelltown	VIC	-37.8667	145.75
3797	Gilderoy	VIC	-37.8667	145.7167
3797	Three Bridges	VIC	-37.8454	145.6845
3799	Millgrove	VIC	-37.7553	145.6535
3799	Big Pats Creek	VIC	-37.7637	145.7626
3799	Wesburn	VIC	-37.7667	145.6333
3799	Warburton	VIC	-37.7537	145.6904
3799	East Warburton	VIC	-37.7364	145.7429
3799	Reefton	VIC	-37.7487	145.7193
3799	Mcmahons Creek	VIC	-37.7167	145.8333
3804	Narre Warren North	VIC	-37.9833	145.3167
3804	Narre Warren East	VIC	-37.9639	145.3629
3833	Icy Creek	VIC	-37.8595	146.0687
3833	Baw Baw Village	VIC	-37.8378	146.2499
3833	Baw Baw	VIC	-37.831	146.31
3833	Vesper	VIC	-37.8751	146.0688
3833	Tanjil Bren	VIC	-37.8218	146.1792
3833	Gentle Annie	VIC	-37.938	145.8359
3833	Piedmont	VIC	-37.8941	145.9368
3833	Loch Valley	VIC	-37.8333	146
3833	Mt Baw Baw	VIC	-37.8595	146.0687
3833	Ada	VIC	-37.8595	146.0687
3833	Toorongo	VIC	-37.8595	146.0687
3833	Noojee	VIC	-37.8452	145.9693
3385	Lubeck	VIC	-36.7333	142.5667
3385	Roses Gap	VIC	-36.8939	142.6121
3385	Deep Lead	VIC	-37.0167	142.7333
3385	Wal Wal	VIC	-36.8167	142.6167
3385	Riachella	VIC	-36.8939	142.6121
3385	Ledcourt	VIC	-36.997	142.5557
3385	Glenorchy	VIC	-36.9	142.6833
3385	Dadswells Bridge	VIC	-36.9	142.5167
3391	Brim	VIC	-36.0833	142.4167
3392	Boolite	VIC	-36.35	142.6667
3392	Minyip	VIC	-36.4596	142.5878
3392	Sheep Hills	VIC	-36.3333	142.55
3396	Hopevale	VIC	-35.8	142.2333
3396	Yarto	VIC	-35.5	142.2667
3396	Hopetoun	VIC	-35.727	142.3663
3414	Dimboola	VIC	-36.4562	142.0329
3414	Tarranyurk	VIC	-36.2167	142.05
3414	Antwerp	VIC	-36.2675	141.9709
3424	Rainbow	VIC	-35.8958	141.9979
3424	Albacutya	VIC	-35.738	141.9589
3424	Yaapeet	VIC	-35.7667	142.05
3480	Cope Cope	VIC	-36.45	143.05
3480	Carron	VIC	-36.2798	142.7501
3480	Laen East	VIC	-36.3833	142.8833
3480	Laen	VIC	-36.45	142.8167
3480	Swanwater West	VIC	-36.5333	143.0167
3480	Jeffcott North	VIC	-36.2511	143.0966
3480	Rich Avon East	VIC	-36.3061	142.9045
3480	Donald	VIC	-36.3686	142.9811
3480	Boolite	VIC	-36.35	142.6667
3480	Litchfield	VIC	-36.3	142.8667
3480	Banyenong	VIC	-36.3061	142.9045
3480	Gil Gil	VIC	-36.3061	142.9045
3480	Laen North	VIC	-36.4	142.8167
3480	Rich Avon	VIC	-36.4462	142.8974
3480	Corack	VIC	-36.1843	143.0262
3480	Rich Avon West	VIC	-36.5167	142.8333
3480	Corack East	VIC	-36.1529	143.0581
3480	Lake Buloke	VIC	-35.5039	142.8498
3480	Lawler	VIC	-36.3061	142.9045
3480	Areegra	VIC	-36.2833	142.6333
3480	Jeffcott	VIC	-36.35	143.1333
3482	Massey	VIC	-36.2167	142.8667
3482	Morton Plains	VIC	-36.0833	142.9
3482	Watchem West	VIC	-36.2	142.7697
3482	Watchem	VIC	-36.15	142.85
3482	Warmur	VIC	-36.1167	142.7833
3487	Lascelles	VIC	-35.6167	142.5833
3722	Mirimbah	VIC	-37.1103	146.3985
3722	Mansfield	VIC	-37.052	146.0885
3722	Barwite	VIC	-37	146.1667
3741	Hotham Heights	VIC	-36.993	147.1523
3741	Harrietville	VIC	-36.8915	147.0619
3741	Germantown	VIC	-36.7412	147.0698
3741	Smoko	VIC	-36.8202	147.0642
3741	Freeburgh	VIC	-36.7599	147.0263
3741	Mount Hotham	VIC	-36.8226	147.0557
3741	Bright	VIC	-36.73	146.9598
3921	Tankerton	VIC	-38.3872	145.2915
3921	French Island	VIC	-38.3499	145.3656
3921	Elizabeth Island	VIC	-38.3685	145.3286
6537	Dirk Hartog Island	WA	-25.8597	113.6238
6537	Shark Bay	WA	-25.8597	113.6238
6537	Nanga	WA	-25.8597	113.6238
6537	Useless Loop	WA	-25.8597	113.6238
6537	Dirk Hartog	WA	-25.8597	113.6238
6537	Denham	WA	-25.9268	113.5333
6537	Monkey Mia	WA	-25.7927	113.7143
6537	Francois Peron National Park	WA	-25.8597	113.6238
6713	Dampier	WA	-20.6627	116.7126
6713	Dampier Archipelago	WA	-20.6627	116.7126
6720	Point Samson	WA	-20.6289	117.1927
6720	Wickham	WA	-20.6747	117.1378
6720	Cossack	WA	-20.7	117.2
6799	West Island Cocos (Keeling) Islands	WA	-20.7905	118.8132
6799	Home Island Cocos (Keeling) Islands	WA	-20.7905	118.8132
6960	Myaree	WA	-32.04	115.8176
6327	Redmond	WA	-34.8667	117.6833
6327	Redmond West	WA	-34.8667	117.6833
6330	Torbay	WA	-35.0233	117.6606
6330	Mckail	WA	-34.9853	117.8301
6330	Mount Melville	WA	-35.0222	117.8714
6330	Green Valley	WA	-35.0055	117.8363
6330	Collingwood Park	WA	-35.0055	117.8363
6330	Mount Clarence	WA	-35.0245	117.8933
6330	West Cape Howe	WA	-35.0827	117.6255
6330	Napier	WA	-34.8333	118
6330	Nanarup	WA	-34.9956	118.0647
6330	Bornholm	WA	-35.0606	117.5769
6330	Orana	WA	-34.996	117.8592
6330	Yakamia	WA	-35.0039	117.8783
6330	Spencer Park	WA	-35.0052	117.9001
6330	Torndirrup	WA	-35.0941	117.906
6330	Lockyer	WA	-35.0057	117.8588
6330	Goode Beach	WA	-35.0887	117.9358
6330	Walmsley	WA	-34.9739	117.903
6330	Milpara	WA	-34.9869	117.865
6330	Centennial Park	WA	-35.0153	117.8805
6330	Emu Point	WA	-35	117.9381
6330	Big Grove	WA	-35.0808	117.879
6330	Kronkup	WA	-35.0506	117.6186
6330	Cuthbert	WA	-35.0158	117.7983
6330	Warrenup	WA	-34.9755	117.8472
6330	Sandpatch	WA	-35.0055	117.8363
6330	Mount Elphinstone	WA	-35.0194	117.8518
6330	Mira Mar	WA	-35.0152	117.901
6330	Bayonet Head	WA	-34.973	117.9345
6330	Frenchman Bay	WA	-35.0935	117.9491
6330	Vancouver Peninsula	WA	-35.0055	117.8363
6330	Marbelup	WA	-34.9675	117.7333
6330	Willyung	WA	-34.9433	117.8795
6330	Millbrook	WA	-34.9068	117.8726
6330	Seppings	WA	-35.0099	117.9087
6330	Kalgan	WA	-34.8847	118.0131
6330	Middleton Beach	WA	-35.0237	117.911
6330	Nullaki	WA	-35.0161	117.3785
6330	Lower King	WA	-34.9578	117.9383
6330	Drome	WA	-34.9572	117.8109
6330	Youngs Siding	WA	-35.0167	117.5167
6330	Little Grove	WA	-35.068	117.872
6330	Robinson	WA	-35.0285	117.8342
6330	Port Albany	WA	-35.0319	117.9003
6330	Lange	WA	-34.9937	117.887
6330	Collingwood Heights	WA	-34.9927	117.9207
6330	Lowlands	WA	-35.0577	117.5144
6330	Albany	WA	-35.0269	117.8837
6330	King River	WA	-34.9344	117.9119
6330	Gledhow	WA	-35.0063	117.8269
6330	Elleker	WA	-35.0092	117.7303
6331	Albany Dc	WA	-34.7609	117.9075
6332	Albany Po	WA	-35.0269	117.8837
6112	Brookdale	WA	-32.167	116.0019
6112	Hilbert	WA	-32.1782	115.9849
6112	Piara Waters	WA	-32.1334	115.9163
6112	Bedfordale	WA	-32.1741	116.0504
6112	Doobarda	WA	-32.1546	115.9882
6112	Mount Nasura	WA	-32.1378	116.0247
6112	Forrestdale	WA	-32.1552	115.9342
6112	Mount Richon	WA	-32.1735	116.0214
6112	Wungong	WA	-32.1802	116.0095
6112	Haynes	WA	-32.162	115.9815
6112	Seville Grove	WA	-32.1364	115.989
6112	Harrisdale	WA	-32.1108	115.9356
6112	Armadale	WA	-32.1461	116.0093
6925	Walliston Dc	WA	-31.8819	115.8243
6991	Kelmscott	WA	-32.1243	116.0259
6997	Kelmscott Dc	WA	-32.1171	116.0135
6705	East Lyons River	WA	-25.0499	115.2091
6705	Gascoyne River	WA	-25.0499	115.2091
6705	West Lyons River	WA	-25.0499	115.2091
6705	Gascoyne Junction	WA	-25.0499	115.2091
6707	North West Cape	WA	-21.9263	114.0295
6707	Exmouth	WA	-21.9306	114.1209
6707	Cape Range National Park	WA	-22.0357	114.0779
6707	Learmonth	WA	-22.25	114.0833
6707	Exmouth Gulf	WA	-22.0357	114.0779
6710	Peedamulla	WA	-21.6376	115.1122
6710	Cane	WA	-21.6376	115.1122
6710	Talandji	WA	-21.6376	115.1122
6710	Yannarie	WA	-21.6376	115.1122
6710	Onslow	WA	-21.6376	115.1122
6712	Barrow Island	WA	-20.85	116.7638
6716	Fortescue	WA	-21.6392	116.3222
6716	Hamersley Range	WA	-21.6392	116.3222
6716	Pannawonica	WA	-21.6392	116.3222
6716	Millstream	WA	-21.6392	116.3222
6754	Paraburdoo	WA	-23.2042	117.6697
6275	Nannup	WA	-33.9787	115.7646
6275	Jarrahwood	WA	-33.7949	115.6641
6275	Barrabup	WA	-33.9023	115.6677
6275	Scott River East	WA	-34.3458	115.4468
6275	Darradup	WA	-34.0782	115.6003
6275	Jalbarragup	WA	-34.0241	115.6266
6275	Cundinup	WA	-33.8455	115.7948
6275	Carlotta	WA	-34.1248	115.7986
6275	East Nannup	WA	-34.0319	115.8561
6275	Yoganup	WA	-34.014	115.6911
6284	Gracetown	WA	-33.8404	115.0194
6284	Baudin	WA	-33.8438	115.0957
6284	Cowaramup	WA	-33.8504	115.1038
6284	Treeton	WA	-33.8406	115.1639
6286	Witchcliffe	WA	-34.0333	115.1
6286	Boranup	WA	-34.05	115.0917
6286	Forest Grove	WA	-34.0667	115.0833
6286	Redgate	WA	-34.05	115.0917
6288	Scott River	WA	-34.2651	115.2674
6288	Courtenay	WA	-34.1914	115.2384
6288	Warner Glen	WA	-34.0972	115.2167
6288	Hamelin Bay	WA	-34.2264	115.0571
6288	Karridale	WA	-34.2167	115.0833
6288	Alexandra Bridge	WA	-34.1592	115.1973
6288	Nillup	WA	-34.1331	115.2685
6290	Augusta	WA	-34.3157	115.1592
6290	Molloy Island	WA	-34.3063	115.155
6290	Leeuwin	WA	-34.3455	115.1365
6290	East Augusta	WA	-34.315	115.169
6290	Kudardup	WA	-34.2491	115.1552
6290	Deepdene	WA	-34.3063	115.155
6936	Midland Dc	WA	-31.9085	115.8885
6942	Bassendean Dc	WA	-31.8496	115.8584
6050	Mount Lawley	WA	-31.9344	115.8716
6050	Coolbinia	WA	-31.9147	115.8489
6050	Menora	WA	-31.9189	115.8621
6051	Maylands	WA	-31.931	115.8949
6053	Bayswater	WA	-31.9169	115.9178
6059	Dianella	WA	-31.8882	115.8719
6062	Embleton	WA	-31.9035	115.909
6062	Morley	WA	-31.8877	115.9099
6062	Noranda	WA	-31.8733	115.899
6931	Maylands	WA	-31.931	115.8949
6933	Bayswater	WA	-31.9169	115.9178
6934	Bassendean	WA	-31.9091	115.9437
6935	Guildford	WA	-31.9	115.9667
6943	Morley	WA	-31.8877	115.9099
6944	Malaga	WA	-31.8526	115.881
6945	Malaga Dc	WA	-31.8496	115.8584
6103	Rivervale	WA	-31.9555	115.9131
6104	Ascot	WA	-31.9382	115.9226
6104	Belmont	WA	-31.9435	115.9255
6104	Redcliffe	WA	-31.9384	115.9464
6106	Welshpool	WA	-31.9944	115.9222
6106	Welshpool Dc	WA	-31.9944	115.9222
6926	Kalamunda	WA	-31.9737	116.0584
6984	Belmont	WA	-31.9435	115.9255
6986	Welshpool Dc	WA	-32.005	115.9387
6302	Balladong	WA	-31.9175	116.7404
6302	Kauring	WA	-31.9357	117.0086
6302	Gwambygine	WA	-31.9757	116.8063
6302	Greenhills	WA	-31.9208	116.9643
6302	Burges	WA	-31.8167	116.7833
6302	Mount Hardey	WA	-31.9	116.8667
6302	Flint	WA	-31.9007	116.7937
6302	St Ronans	WA	-31.9197	116.6453
6302	Wilberforce	WA	-31.9007	116.7937
6302	Malebelling	WA	-31.8272	116.9029
6302	Narraloggan	WA	-31.9007	116.7937
6302	Flynn	WA	-31.9007	116.7937
6302	Gilgering	WA	-31.9007	116.7937
6302	Daliak	WA	-31.8887	116.7093
6302	Mount Observation	WA	-31.9007	116.7937
6302	Caljie	WA	-31.7763	116.9254
6302	Saint Ronans	WA	-31.9197	116.6453
6302	Talbot West	WA	-32.1521	116.6492
6302	York	WA	-31.8881	116.7678
6302	Quellington	WA	-31.7803	116.848
6302	Badgin	WA	-31.8105	116.9624
6302	Talbot	WA	-32.0333	116.6833
6302	Inkpen	WA	-31.8637	116.541
6302	Cold Harbour	WA	-31.8873	116.8372
6304	East Beverley	WA	-32.0333	117.0167
6304	Beverley	WA	-32.1084	116.9274
6304	Morbinning	WA	-32.1	117.15
6304	Westdale	WA	-32.3134	116.6088
6304	Dale	WA	-32.2403	116.715
6304	Kokeby	WA	-32.2102	116.9712
6304	Bally Bally	WA	-32.1667	117.1
6306	Jelcobine	WA	-32.37	116.6208
6306	Brookton	WA	-32.3723	117.0105
6306	Kweda	WA	-32.3483	117.3961
6306	Bulyee	WA	-32.3667	117.5167
6306	Aldersyde	WA	-32.3747	117.2834
6213	Banksiadale	WA	-32.65	116.0833
6213	Inglehope	WA	-32.7315	116.1867
6213	Marrinup	WA	-32.7	116.0167
6213	Etmilyn	WA	-32.6992	116.09
6213	Teesdale	WA	-32.6992	116.09
6213	Holyoake	WA	-32.7002	116.1013
6213	Dwellingup	WA	-32.7144	116.0622
6391	Tarwonga	WA	-32.7944	116.5071
6391	Boraning	WA	-32.7944	116.5071
6391	Narrakine	WA	-32.7944	116.5071
6391	Culbin	WA	-32.7944	116.5071
6391	Congelin	WA	-32.8402	116.8854
6391	Hillman River	WA	-32.2833	115.7636
6391	Williams	WA	-33.028	116.8792
6391	Quindanning	WA	-33.0261	116.5003
6225	Mcalinden	WA	-33.578	116.2985
6225	Preston Settlement	WA	-33.4183	116.1647
6225	Buckingham	WA	-33.4	116.3333
6225	Mungalup	WA	-33.3959	116.103
6225	Mumballup	WA	-33.5286	116.1133
6225	Cardiff	WA	-33.4292	116.2078
6225	Harris River	WA	-33.2948	116.1482
6225	Bowelling	WA	-33.4167	116.5
6225	Palmer	WA	-31.4062	119.6815
6225	Noggerup	WA	-33.5833	116.1667
6225	Muja	WA	-33.4169	116.3772
6225	Worsley	WA	-33.3069	116.0067
6225	Collie	WA	-33.3621	116.1562
6225	Allanson	WA	-33.3359	116.0994
6225	Collie Burn	WA	-33.4	116.1833
6225	Lyalls Mill	WA	-33.291	116.4254
6225	Yourdamung Lake	WA	-33.291	116.4254
6225	Shotts	WA	-33.3833	116.2667
6255	Benjinup	WA	-33.7667	116.3167
6255	Bridgetown	WA	-33.9624	116.136
6255	Winnejup	WA	-33.8937	116.1658
6255	Kangaroo Gully	WA	-33.9595	116.1629
6255	Hester	WA	-33.9	116.15
6255	Hester Brook	WA	-33.9267	116.0891
6255	Catterick	WA	-33.8471	116.1402
6254	North Greenbushes	WA	-33.8225	116.053
6254	Greenbushes	WA	-33.8497	116.0582
6256	Yornup	WA	-34.05	116.1667
6256	Sunnyside	WA	-34.0154	116.0999
6256	Glenlynn	WA	-34.0063	116.1535
6256	Wandillup	WA	-34.0498	116.0605
6256	Maranup	WA	-33.9557	116.0188
6256	Kingston	WA	-34.0154	116.0999
6726	Cable Beach	WA	-17.961	122.2127
6728	Willare	WA	-17.7491	124.414
6728	Jarlmadangah Burru	WA	-17.7491	124.414
6728	Meda	WA	-17.3559	123.7621
6728	Geegully Creek	WA	-17.7491	124.414
6728	Derby	WA	-17.3029	123.6286
6728	Camballin	WA	-17.9949	124.19
6728	King Leopold Ranges	WA	-17.1099	125.4806
6728	Kimbolton	WA	-17.7491	124.414
6728	St George Ranges	WA	-18.982	125.0087
6318	Broomehill West	WA	-33.8462	117.6401
6318	Broomehill Village	WA	-33.8495	117.6401
6318	Broomehill	WA	-33.843	117.6401
6318	Broomehill East	WA	-33.8462	117.6401
6320	Borderdale	WA	-34.0809	117.649
6320	Lake Toolbrunup	WA	-34.1023	117.8131
6320	Tambellup	WA	-34.0433	117.6414
6320	Wansbrough	WA	-34.1432	117.6715
6320	Dartnall	WA	-34.0809	117.649
6320	Bobalong	WA	-34.0321	117.6025
6320	Moonies Hill	WA	-34.0833	117.5167
6385	Kwolyin	WA	-31.9295	117.7501
6386	Shackleton	WA	-31.9325	117.8313
6418	Yarding	WA	-31.9276	117.9851
6418	Bruce Rock	WA	-31.8805	118.1475
6419	Ardath	WA	-32.0325	118.0952
6428	Babakin	WA	-32.1264	118.0241
6229	Picton	WA	-33.35	115.7
6229	Picton East	WA	-33.3508	115.7268
6231	Bunbury	WA	-33.3271	115.6414
6233	Binningup	WA	-33.1483	115.6952
6233	Australind	WA	-33.2792	115.715
6233	Parkfield	WA	-33.2267	115.722
6233	Wellesley	WA	-33.2343	115.7526
6233	Leschenault	WA	-33.2452	115.7251
6281	Eagle Bay	WA	-33.563	115.0652
6281	Dunsborough	WA	-33.6148	115.1044
6281	Naturaliste	WA	-33.5836	115.0523
6281	Quindalup	WA	-33.6356	115.149
6281	Quedjinup	WA	-33.6206	115.0917
6282	Yallingup Siding	WA	-33.683	115.0977
6282	Yallingup	WA	-33.7	115.1
6850	Cloisters Square	WA	-31.952	115.8607
6008	Subiaco	WA	-31.9485	115.8268
6008	Shenton Park	WA	-31.9558	115.7981
6008	Daglish	WA	-31.9518	115.8088
6008	Subiaco East	WA	-31.952	115.8112
6019	Wembley Downs	WA	-31.9117	115.7736
6019	Scarborough	WA	-31.8958	115.7643
6148	Rossmoyne	WA	-32.0397	115.8678
6148	Ferndale	WA	-32.0349	115.9223
6148	Riverton	WA	-32.0347	115.8986
6148	Shelley	WA	-32.0296	115.8866
6149	Bull Creek	WA	-32.0563	115.8624
6149	Leeming	WA	-32.0751	115.8661
6955	Willetton	WA	-32.0525	115.8878
6970	Canning Vale Dc	WA	-31.9762	115.9052
6980	Cannington	WA	-32.0163	115.9365
6987	Cannington	WA	-32.0163	115.9365
6237	Elgin	WA	-33.4547	115.6631
6237	Stratham	WA	-33.4632	115.5862
6237	Gwindinup	WA	-33.4547	115.6631
6237	The Plains	WA	-33.4547	115.6631
6237	North Boyanup	WA	-33.418	115.6746
6237	Boyanup	WA	-33.4829	115.7284
6271	Peppermint Grove Beach	WA	-33.5271	115.5065
6271	Capel River	WA	-33.5426	115.5346
6271	Forrest Beach	WA	-33.5426	115.5346
6271	Stirling Estate	WA	-33.5426	115.5346
6271	Capel	WA	-33.5581	115.5628
6280	Chapman Hill	WA	-33.7955	115.3311
6280	Ruabon	WA	-33.655	115.4912
6280	Yoongarillup	WA	-33.7152	115.4268
6280	Walsall	WA	-33.6967	115.3098
6280	Bovell	WA	-33.6801	115.361
6280	Kaloorup	WA	-33.7826	115.2149
6280	Metricup	WA	-33.7755	115.1329
6280	Ludlow	WA	-33.6	115.4667
6280	Geographe	WA	-33.6397	115.3836
6280	Yalyalup	WA	-33.675	115.4145
6280	Yelverton	WA	-33.7505	115.1196
6280	Busselton	WA	-33.6525	115.3455
6280	Broadwater	WA	-33.663	115.2842
6280	Ambergate	WA	-33.7059	115.3302
6280	North Jindong	WA	-33.7288	115.1847
6280	Wilyabrup	WA	-33.7866	115.0323
6280	West Busselton	WA	-33.6579	115.3229
6280	Hithergreen	WA	-33.6967	115.3098
6280	Carbunup River	WA	-33.7	115.1833
6280	Vasse	WA	-33.6934	115.2678
6280	Abbey	WA	-33.6636	115.2564
6280	Siesta Park	WA	-33.6555	115.225
6280	Anniebrook	WA	-33.6591	115.1726
6280	Abba River	WA	-33.6748	115.5102
6280	Tutunup	WA	-33.6813	115.5561
6280	Kealy	WA	-33.6719	115.2376
6280	Kalgup	WA	-33.7173	115.3657
6280	Boallia	WA	-33.7842	115.2695
6280	Sabina River	WA	-33.7501	115.4361
6280	Reinscourt	WA	-33.6535	115.4079
6280	Jindong	WA	-33.743	115.2368
6280	Acton Park	WA	-33.6967	115.3098
6280	Marybrook	WA	-33.6527	115.2037
6280	Wonnerup	WA	-33.6333	115.4333
6985	Cloverdale	WA	-31.9628	115.9443
6517	Carnamah	WA	-29.6887	115.8859
6517	Winchester	WA	-29.7737	115.9273
6530	Waggrakine	WA	-28.7188	114.6392
6530	Tarcoola Beach	WA	-28.81	114.6224
6530	West End	WA	-28.7817	114.5793
6530	Bluff Point	WA	-28.7374	114.6228
6530	Wonthella	WA	-28.7669	114.6334
6530	Karloo	WA	-28.791	114.6411
6530	Spalding	WA	-28.7352	114.6365
6530	Mahomets Flats	WA	-28.792	114.6133
6530	Rangeway	WA	-28.7866	114.6306
6530	Beresford	WA	-28.7575	114.6196
6530	Mount Tarcoola	WA	-28.7986	114.6253
6530	Moresby	WA	-28.7352	114.6724
6530	Strathalbyn	WA	-28.7517	114.6458
6530	Beachlands	WA	-28.7857	114.6019
6530	Webberton	WA	-28.7524	114.6322
6530	Utakarra	WA	-28.7833	114.65
6530	Meru	WA	-28.8033	114.6864
6530	Houtman Abrolhos	WA	-28.4624	113.6968
6530	Geraldton	WA	-28.779	114.6146
6530	Geraldton Dc	WA	-28.7561	114.59
6530	Woorree	WA	-28.7668	114.6581
6530	Wandina	WA	-28.8194	114.6346
6530	Sunset Beach	WA	-28.7191	114.623
6531	Geraldton Po	WA	-28.779	114.6146
6084	Lower Chittering	WA	-31.5833	116.1167
6084	Walyunga National Park	WA	-31.589	116.0964
6084	Avon Valley National Park	WA	-31.6361	116.1887
6084	Bullsbrook	WA	-31.669	115.9999
6084	Chittering	WA	-31.4677	116.0801
6501	Muchea	WA	-31.5821	115.9716
6504	Mooliabeenee	WA	-31.3303	116.0212
6505	Wannamal	WA	-31.1597	116.056
6798	Christmas Island	WA	-20.7905	118.8132
6910	Claremont	WA	-31.9796	115.7823
6161	Rottnest Island	WA	-31.9952	115.5404
6164	Beeliar	WA	-32.1334	115.8064
6164	Jandakot	WA	-32.1016	115.8708
6164	Atwell	WA	-32.1435	115.8653
6164	Success	WA	-32.1428	115.85
6164	South Lake	WA	-32.1112	115.8387
6164	Banjup	WA	-32.1418	115.8867
6164	Aubin Grove	WA	-32.1671	115.8626
6164	Treeby	WA	-32.1194	115.8782
6164	Hammond Park	WA	-32.1685	115.8504
6164	Yangebup	WA	-32.1206	115.8162
6164	Cockburn Central	WA	-32.1213	115.8478
6166	Munster	WA	-32.142	115.798
6166	Henderson	WA	-32.1764	115.7746
6166	Wattleup	WA	-32.1696	115.824
6166	Lake Coogee	WA	-32.1518	115.7908
6166	Coogee	WA	-32.1193	115.7665
6965	Bibra Lake Dc	WA	-32.1549	115.7916
6966	Kwinana	WA	-32.2301	115.7813
6968	Rockingham	WA	-32.2768	115.7298
6221	Mornington	WA	-33.15	115.9333
6221	Wokalup	WA	-33.1167	115.8667
6429	Victoria Rock	WA	-30.996	120.8594
6429	Coolgardie	WA	-30.9527	121.1635
6429	Londonderry	WA	-31.074	121.1228
6429	Karramindie	WA	-30.996	120.8594
6429	Boorabbin	WA	-31.2076	120.3086
6429	Wallaroo	WA	-30.8763	120.5734
6429	Mount Burges	WA	-30.852	121.117
6429	Bullabulling	WA	-31.0135	120.871
6433	Hannans	WA	-30.7191	121.4548
6433	Hannans Po	WA	-30.7326	121.4645
6433	Kalgoorlie Po	WA	-30.7326	121.4645
6433	Kalgoorlie Dc	WA	-30.7326	121.4645
6433	Kalgoorlie	WA	-30.7461	121.4742
6442	Kambalda West	WA	-31.2017	121.6306
6442	Kambalda East	WA	-31.2055	121.6701
6442	Kambalda	WA	-31.2017	121.6708
6513	Gunyidi	WA	-30.1366	116.1792
6513	Watheroo	WA	-30.2976	116.0572
6514	Green Head	WA	-30.0677	114.968
6514	Leeman	WA	-29.9494	114.9821
6515	Waddy Forest	WA	-29.9927	115.9463
6515	Eganu	WA	-30.0417	115.7424
6515	Marchagee	WA	-30.0543	116.074
6515	Coorow	WA	-29.8819	116.0226
6518	Eneabba	WA	-29.8196	115.2659
6518	Warradarge	WA	-30.0581	115.332
6373	Bullaring	WA	-32.4964	117.7453
6375	Gorge Rock	WA	-32.4567	117.9978
6375	Kunjin	WA	-32.3554	117.7709
6375	Adamsvale	WA	-32.192	117.7971
6375	Corrigin	WA	-32.3338	117.8718
6375	Kurrenkutten	WA	-32.2986	118.0971
6375	Bilbarin	WA	-32.2061	117.9529
6001	Perth	WA	-31.9522	115.8614
6010	Claremont	WA	-31.9796	115.7823
6010	Claremont North	WA	-31.9694	115.7827
6010	Mount Claremont	WA	-31.9618	115.7834
6010	Swanbourne	WA	-31.9688	115.7673
6010	Karrakatta	WA	-31.9676	115.798
6800	Perth	WA	-31.9522	115.8614
6809	Perth	WA	-31.9522	115.8614
6817	Perth	WA	-31.9522	115.8614
6820	Perth	WA	-31.9522	115.8614
6827	Perth	WA	-31.9522	115.8614
6830	Perth	WA	-31.9522	115.8614
6837	Perth	WA	-31.9522	115.8614
6838	Perth	WA	-31.9522	115.8614
6839	Perth	WA	-31.9522	115.8614
6840	Perth	WA	-31.9522	115.8614
6841	Perth	WA	-31.9522	115.8614
6842	Perth	WA	-31.9522	115.8614
6843	Perth	WA	-31.9522	115.8614
6844	Perth	WA	-31.9522	115.8614
6845	Perth	WA	-31.9522	115.8614
6846	Perth	WA	-31.9522	115.8614
6847	Perth	WA	-31.9522	115.8614
6848	Perth	WA	-31.9522	115.8614
6906	North Perth	WA	-31.9272	115.8528
6321	Cranbrook	WA	-34.2976	117.5518
6322	Tenterden	WA	-34.362	117.5549
6338	Monjebup	WA	-34.2606	118.5688
6338	Boxwood Hill	WA	-34.3617	118.7467
6338	Magitup	WA	-34.1472	118.1398
6338	Borden	WA	-34.073	118.2602
6338	Bremer Bay	WA	-34.3925	119.3798
6338	Nalyerlup	WA	-34.1285	118.2623
6338	North Stirlings	WA	-34.2262	118.5112
6338	Amelup	WA	-34.22	118.221
6338	Stirling Range National Park	WA	-34.2262	118.5112
6396	Frankland River	WA	-34.3667	117.0667
6396	Frankland	WA	-34.3667	117.0667
6309	East Popanyinning	WA	-32.6329	117.2604
6309	Popanyinning	WA	-32.6667	117.1333
6309	West Popanyinning	WA	-32.6498	117.1969
6309	Stratherne	WA	-32.6498	117.1969
6311	Dryandra	WA	-32.7667	116.9667
6311	Yornaning	WA	-32.7333	117.15
6311	Cuballing	WA	-32.8196	117.1758
6311	Wardering	WA	-32.8236	117.3358
6311	Lol Gray	WA	-32.794	117.1301
6311	Commodine	WA	-32.794	117.1301
6311	Townsendale	WA	-32.794	117.1301
6311	Contine	WA	-32.8265	117.0223
6405	Warding East	WA	-31.765	117.0021
6405	Meckering	WA	-31.6277	117.0114
6405	Greenwoods Valley	WA	-31.4955	116.9344
6405	Quelagetting	WA	-31.6294	116.9826
6407	Waeel	WA	-31.6034	117.3015
6407	Watercarrin	WA	-31.4695	117.3028
6407	Youndegin	WA	-31.7885	117.3287
6407	Wyola West	WA	-31.5526	117.3211
6407	Wyola	WA	-31.5526	117.3211
6407	Cunderdin	WA	-31.654	117.2337
6608	Pithara	WA	-30.3919	116.6688
6608	East Damboring	WA	-30.3919	116.6688
6608	Marne	WA	-30.3919	116.6688
6613	Buntine	WA	-29.987	116.5713
6044	Lancelin	WA	-31.0225	115.3365
6044	Wedge Island	WA	-31.0112	115.3748
6044	Karakin	WA	-31.0488	115.3949
6044	Nilgen	WA	-30.9622	115.3928
6507	Cataby	WA	-30.7205	115.5271
6507	Cooljarloo	WA	-30.7905	115.6496
6507	Mimegarra	WA	-30.7905	115.6496
6507	Regans Ford	WA	-30.9747	115.7187
6507	Dandaragan	WA	-30.6762	115.7029
6507	Yathroo	WA	-30.7905	115.6496
6511	Cervantes	WA	-30.4961	115.0672
6516	Jurien Bay	WA	-30.3059	115.0383
6521	Nambung	WA	-30.385	115.6605
6521	Grey	WA	-30.385	115.6605
6521	Hill River	WA	-30.385	115.6605
6521	Boothendarra	WA	-30.2599	115.7406
6521	Badgingarra	WA	-30.5102	115.5803
6227	Burekup	WA	-33.3071	115.8137
6228	Waterloo	WA	-33.2398	116.1539
6230	Withers	WA	-33.3681	115.6305
6230	Gelorup	WA	-33.4242	115.6409
6230	Davenport	WA	-33.374	115.6852
6230	Glen Iris	WA	-33.3371	115.6743
6230	Pelican Point	WA	-33.3183	115.6929
6230	College Grove	WA	-33.3759	115.6591
6230	Usher	WA	-33.3798	115.6292
6230	Dalyellup	WA	-33.4084	115.6151
6230	South Bunbury	WA	-33.3491	115.6336
6230	Carey Park	WA	-33.3488	115.6493
6230	Vittoria	WA	-33.3305	115.6659
6230	East Bunbury	WA	-33.3362	115.6604
6230	Bunbury	WA	-33.3271	115.6414
6232	Millbridge	WA	-33.3062	115.735
6232	Eaton	WA	-33.3166	115.705
6236	Dardanup West	WA	-33.3864	115.7296
6236	Crooked Brook	WA	-33.4682	115.8218
6236	Ferguson	WA	-33.4368	115.8371
6236	Henty	WA	-33.4368	115.8371
6236	Wellington Forest	WA	-33.4687	115.9745
6236	Dardanup	WA	-33.3983	115.7518
6236	Paradise	WA	-33.4368	115.8371
6236	Wellington Mill	WA	-33.4621	115.9078
6324	Takalarup	WA	-34.6276	118.0594
6324	Woogenellup	WA	-34.5167	117.8333
6324	Mount Barker	WA	-34.6308	117.6661
6324	Denbarker	WA	-34.6163	117.8171
6324	South Stirling	WA	-34.5803	118.2094
6324	Forest Hill	WA	-34.6163	117.8171
6324	Porongurup	WA	-34.65	117.9
6324	Perillup	WA	-34.6923	117.2344
6333	Mount Romance	WA	-34.9701	117.0922
6333	Trent	WA	-34.9701	117.0922
6333	Hazelvale	WA	-34.9303	116.8548
6333	Peaceful Bay	WA	-35.039	116.928
6333	Bow Bridge	WA	-34.989	116.9507
6333	Ocean Beach	WA	-35.0144	117.2896
6333	Mount Lindsay	WA	-34.9701	117.0922
6333	Mount Lindesay	WA	-34.9701	117.0922
6333	Tingledale	WA	-34.9507	116.8825
6333	Hay	WA	-34.9701	117.0922
6333	Shadforth	WA	-34.9638	117.2692
6333	William Bay	WA	-34.9941	117.2174
6333	Kentdale	WA	-34.9336	117.0586
6333	Parryville	WA	-35.0093	117.1146
6333	Nornalup	WA	-34.9917	116.8202
6333	Kordabup	WA	-34.929	117.1486
6333	Scotsdale	WA	-34.9059	117.3118
6333	Denmark	WA	-34.9607	117.3532
6398	Walpole	WA	-34.976	116.7302
6398	North Walpole	WA	-34.7234	116.6612
6398	Broke	WA	-34.8497	116.6957
6725	Gingerah	WA	-18.0716	122.2097
6725	Lagrange	WA	-18.6821	121.7846
6725	Eighty Mile Beach	WA	-19.2407	121.6133
6725	Bilingurr	WA	-17.9091	122.2292
6725	Dampier Peninsula	WA	-16.9324	122.8656
6725	Minyirr	WA	-17.9813	122.2097
6725	Broome	WA	-17.9554	122.2392
6725	Roebuck	WA	-18.1713	122.5012
6725	Djugun	WA	-17.9539	122.2279
6725	Waterbank	WA	-17.8184	122.2161
6731	Cockatoo Island	WA	-20.7905	118.8132
6733	Koolan Island	WA	-20.7905	118.8132
6740	Prince Regent River	WA	-16.3794	126.4993
6740	Kalumburu	WA	-16.3794	126.4993
6740	Drysdale River	WA	-16.3794	126.4993
6740	Wyndham	WA	-16.3794	126.4993
6740	Oombulgurri	WA	-16.3794	126.4993
6740	Mitchell Plateau	WA	-16.3794	126.4993
6743	Durack	WA	-16.3794	126.4993
6743	Cambridge Gulf	WA	-16.3794	126.4993
6743	Gibb	WA	-16.3794	126.4993
6743	Warmun	WA	-16.3794	126.4993
6743	Lake Argyle	WA	-16.3794	126.4993
6743	Wijilawarrim	WA	-16.3794	126.4993
6743	Kununurra	WA	-16.3794	126.4993
6239	Glen Mervyn	WA	-33.5355	116.0674
6239	Paynedale	WA	-33.6526	115.7263
6239	Argyle	WA	-33.5458	115.7707
6239	Queenwood	WA	-33.5478	115.9041
6239	Thomson Brook	WA	-33.6411	115.9804
6239	Beelerup	WA	-33.5756	115.8506
6239	Donnybrook	WA	-33.5713	115.8245
6239	Charley Creek	WA	-33.5685	115.8786
6239	Yabberup	WA	-33.5868	115.8702
6239	Upper Capel	WA	-33.6213	115.8267
6239	Brookhampton	WA	-33.6084	115.8726
6240	Lowden	WA	-33.5344	115.9756
6243	Wilga	WA	-33.6833	116.2333
6243	Wilga West	WA	-33.6833	116.2333
6251	Brazier	WA	-33.7674	115.8461
6251	Newlands	WA	-33.6667	115.8667
6251	Kirup	WA	-33.7051	115.9313
6252	Mullalyup	WA	-33.7333	115.9333
6253	Southampton	WA	-33.8	115.9667
6253	Balingup	WA	-33.8	115.9667
6253	Grimwade	WA	-33.8	115.9667
6461	Koomberkine	WA	-31.1	117.0333
6461	Dowerin	WA	-31.1937	117.0396
6462	Minnivale	WA	-31.1383	117.1809
6462	Ucarty	WA	-31.2914	117.0115
6462	Hindmarsh	WA	-31.2148	117.0962
6465	Manmanning	WA	-30.8486	117.0977
6317	Datatine	WA	-33.4667	117.9167
6317	Carrolup	WA	-33.7435	117.3999
6317	Coyrecup	WA	-33.6781	117.83
6317	Murdong	WA	-33.7577	117.5995
6317	Ewlyamartup	WA	-33.7055	117.7372
6317	South Glencoe	WA	-33.6577	117.6484
6317	Moojebing	WA	-33.6094	117.5722
6317	South Datatine	WA	-33.6577	117.6484
6317	Marracoonda	WA	-33.6668	117.4594
6317	Pinwernying	WA	-33.6693	117.5427
6317	Katanning	WA	-33.6879	117.5584
6317	Coblinine	WA	-33.6165	117.6165
6317	Bullock Hills	WA	-33.6577	117.6484
6317	Badgebup	WA	-33.6333	117.9
6350	Dumbleyung	WA	-33.3126	117.7393
6350	Nairibin	WA	-33.3616	117.9218
6350	Bullock Hills	WA	-33.3231	117.7663
6350	Nippering	WA	-33.295	117.638
6351	Moulyinning	WA	-33.2254	117.9269
6351	North Moulyinning	WA	-33.1268	117.9109
6352	South Kukerin	WA	-33.1702	118.1211
6352	Merilup	WA	-33.3038	118.2121
6352	Kukerin	WA	-33.1833	118.0833
6352	North Kukerin	WA	-33.0235	118.0678
6353	Kuender	WA	-32.95	118.5333
6353	North Burngup	WA	-32.7976	118.6785
6353	Beenong	WA	-33.045	118.5853
6353	Lake Grace	WA	-33.1032	118.4646
6353	Mallee Hill	WA	-33.0179	118.5073
6353	Tarin Rock	WA	-33.1075	118.2308
6353	North Lake Grace	WA	-33.0194	118.4662
6353	Buniche	WA	-33.0039	118.766
6353	Neendaling	WA	-33.1167	118.3333
6353	South Lake Grace	WA	-33.0179	118.5073
6434	Zanthus	WA	-31.0351	123.5775
6434	Rawlinna	WA	-31.0115	125.3302
6434	Forrest	WA	-30.851	128.1
6434	Cundeelee	WA	-31.0505	123.2116
6434	Parkeston	WA	-30.987	125.0548
6158	East Fremantle	WA	-32.0382	115.7676
6957	Palmyra	WA	-32.045	115.7859
6961	Palmyra Dc	WA	-32.1549	115.7916
6753	Jigalong	WA	-23.3564	119.7355
6753	Newman	WA	-23.3564	119.7355
6758	Nullagine	WA	-21.8897	120.1114
6762	Telfer	WA	-21.2117	123.2617
6443	Eucla	WA	-32.0564	124.4478
6443	Dundas	WA	-32.3872	121.7733
6443	Caiguna	WA	-32.2734	125.4939
6443	Balladonia	WA	-32.3458	123.62
6443	Norseman	WA	-32.1977	121.7787
6443	Fraser Range	WA	-32.0564	124.4478
6443	Mundrabilla	WA	-31.815	128.2273
6443	Widgiemooltha	WA	-31.4959	121.5787
6443	Cocklebiddy	WA	-32.037	126.091
6443	Higginsville	WA	-32.0564	124.4478
6443	Madura	WA	-31.8995	127.0197
6445	North Cascade	WA	-32.9833	121.6333
6445	Salmon Gums	WA	-32.9833	121.6333
6446	Grass Patch	WA	-33.2317	121.7222
6447	Wittenoom Hills	WA	-33.4612	122.1751
6447	Scaddan	WA	-33.4445	121.731
6447	Lort River	WA	-33.3356	121.3885
6447	Mount Ney	WA	-33.4138	121.7649
6448	Gibson	WA	-33.6442	121.8157
6452	Buraminya	WA	-33.7873	121.9114
6452	Israelite Bay	WA	-33.7873	121.9114
6452	Cape Arid	WA	-33.7873	121.9114
6711	Thevenard Island	WA	-20.85	116.7638
6159	North Fremantle	WA	-32.0333	115.75
6160	Fremantle	WA	-32.0563	115.7456
6162	White Gum Valley	WA	-32.0603	115.7706
6162	South Fremantle	WA	-32.0691	115.7545
6162	Beaconsfield	WA	-32.0675	115.764
6163	North Coogee	WA	-32.0951	115.7597
6163	Hilton	WA	-32.0621	115.7805
6163	O’Connor	WA	-32.0801	115.7968
6163	Bibra Lake	WA	-32.0976	115.8192
6163	Kardinya	WA	-32.0656	115.8148
6163	North Lake	WA	-32.0819	115.8357
6163	Bibra Lake Dc	WA	-32.0801	115.7968
6163	Samson	WA	-32.07	115.7977
6163	Spearwood	WA	-32.1053	115.778
6163	Coolbellup	WA	-32.0812	115.8061
6163	Hamilton Hill	WA	-32.0845	115.7795
6163	O'Connor	WA	-32.0581	115.7973
6963	Hamilton Hill	WA	-32.0845	115.7795
6041	Woodridge	WA	-31.3338	115.5959
6041	Guilderton	WA	-31.3451	115.499
6041	Wilbinga	WA	-31.3236	115.5336
6041	Caraban	WA	-31.3236	115.5336
6041	Gabbadah	WA	-31.292	115.5059
6042	Seabird	WA	-31.2772	115.4439
6043	Breton Bay	WA	-31.1002	115.3909
6043	Ledge Point	WA	-31.1002	115.3909
6503	Ginginup	WA	-31.3066	115.9448
6503	Boonanarring	WA	-31.201	115.8785
6503	Granville	WA	-31.3	115.8691
6503	Beermullah	WA	-31.2343	115.786
6503	Orange Springs	WA	-31.3	115.8691
6503	Cullalla	WA	-31.2194	115.9993
6503	Cowalla	WA	-31.3	115.8691
6503	Neergabby	WA	-31.3248	115.679
6503	Gingin	WA	-31.3472	115.9043
6503	Breera	WA	-31.4438	115.9463
6503	Moore River National Park	WA	-31.3	115.8691
6503	Bambun	WA	-31.4345	115.8798
6503	Red Gully	WA	-31.3	115.8691
6503	Moondah	WA	-31.3293	115.9756
6503	Yeal	WA	-31.3	115.8691
6503	Wanerie	WA	-31.1917	115.5847
6503	Muckenburra	WA	-31.3129	115.7472
6503	Coonabidgee	WA	-31.3451	115.8649
6503	Lennard Brook	WA	-31.376	115.9314
6503	Mindarra	WA	-31.133	116.0455
6328	Kojaneerup South	WA	-34.5457	118.3248
6328	Green Range	WA	-34.7144	118.4724
6328	Manypeaks	WA	-34.8381	118.1698
6328	Palmdale	WA	-34.616	118.4505
6328	Cheynes	WA	-34.616	118.4505
6328	Gnowellen	WA	-34.3808	118.5398
6328	Wellstead	WA	-34.6011	118.7458
6328	Mettler	WA	-34.616	118.4505
6328	Cape Riche	WA	-34.616	118.4505
6335	Gnowangerup	WA	-33.937	118.009
6335	Kebaringup	WA	-34.0333	118.15
6335	Jackitup	WA	-33.8961	118.088
6335	Pallinup	WA	-33.9104	117.9563
6401	Muluckine	WA	-31.6902	116.6539
6401	Wongamine	WA	-31.476	116.617
6401	Jennacubbine	WA	-31.4402	116.7247
6401	Northam	WA	-31.6493	116.6742
6401	Buckland	WA	-31.611	116.6772
6401	Rossmore	WA	-31.611	116.6772
6401	Malabaine	WA	-31.6045	116.7583
6401	Katrine	WA	-31.627	116.5537
6401	Muresk	WA	-31.7252	116.7068
6401	Spencers Brook	WA	-31.7366	116.6306
6401	Throssell	WA	-31.611	116.6772
6401	Irishtown	WA	-31.611	116.6772
6401	Mokine	WA	-31.611	116.6772
6401	Jennapullin	WA	-31.5329	116.7201
6401	Cunjardine	WA	-31.611	116.6772
6401	Meenaar	WA	-31.611	116.6772
6401	Mumberkine	WA	-31.611	116.6772
6401	Burlong	WA	-31.6942	116.5872
6401	Southern Brook	WA	-31.5451	116.8231
6460	Goomalling	WA	-31.3016	116.8253
6460	Karranadgin	WA	-31.2333	116.75
6460	Hulongine	WA	-31.2874	116.8089
6460	Walyormouring	WA	-31.2874	116.8089
6460	Ucarty West	WA	-31.3274	116.8514
6603	Lake Hinds	WA	-30.9587	116.7281
6603	Wongan Hills	WA	-30.8929	116.7193
6603	Konnongorring	WA	-31.0833	116.7833
6603	Mocardy	WA	-30.9172	116.7725
6603	Lake Ninan	WA	-30.9413	116.6373
6108	Thornlie	WA	-32.06	115.955
6109	Maddington	WA	-32.05	115.9833
6109	Orange Grove	WA	-32.0293	116.0057
6110	Huntingdale	WA	-32.0832	115.9661
6110	Southern River	WA	-32.1066	115.959
6110	Gosnells	WA	-32.081	116.0054
6110	Martin	WA	-32.0755	116.0454
6147	Langford	WA	-32.0409	115.9416
6147	Lynwood	WA	-32.0401	115.9289
6147	Parkwood	WA	-32.0491	115.9184
6332	Albany	WA	-35.0269	117.8837
6959	Fremantle	WA	-32.0563	115.7456
6988	Thornlie	WA	-32.06	115.955
6989	Maddington	WA	-32.05	115.9833
6990	Gosnells	WA	-32.081	116.0054
6528	Mount Hill	WA	-29.0112	114.9105
6528	South Greenough	WA	-28.9762	114.8568
6528	Walkaway	WA	-28.9412	114.8031
6628	Tardun	WA	-28.7937	115.7478
6631	Pindar	WA	-28.4804	115.793
6632	Ambania	WA	-28.6965	115.1016
6632	Tenindewa	WA	-28.6178	115.3625
6765	Kupartiya	WA	-18.8936	126.2428
6765	Fitzroy Crossing	WA	-18.1971	125.5666
6765	Mount Hardman	WA	-17.9583	124.874
6218	Yarloop	WA	-32.9537	115.8969
6219	Cookernup	WA	-32.9897	115.8799
6220	Harvey	WA	-33.0786	115.9151
6220	Myalup	WA	-33.1021	115.692
6220	Hoffman	WA	-33.0847	116.0027
6220	Uduc	WA	-33.0493	115.8101
6220	Warawarrup	WA	-33.0389	115.9002
6223	Benger	WA	-33.1667	115.85
6224	Beela	WA	-33.226	115.9219
6224	Brunswick	WA	-33.2324	115.8628
6226	Roelands	WA	-33.2833	115.8167
6525	Milo	WA	-29.2904	115.1851
6525	Mount Horner	WA	-29.152	115.1547
6525	Yardarino	WA	-29.2791	114.9645
6525	Bonniefield	WA	-29.1955	114.9391
6525	Allanooka	WA	-29.2759	115.0194
6525	Arrowsmith	WA	-29.5583	114.9845
6525	Dongara	WA	-29.238	114.927
6525	Port Denison	WA	-29.2737	114.9207
6525	Mount Adams	WA	-29.2759	115.0194
6525	Springfield	WA	-29.2759	115.0194
6525	Irwin	WA	-29.2204	115.0801
6525	Bookara	WA	-29.2759	115.0194
6336	Mindarabin	WA	-33.9711	118.5777
6336	Cowalellup	WA	-34.0716	118.5748
6336	Ongerup	WA	-33.9656	118.4869
6336	Needilup	WA	-33.95	118.8167
6336	Toompup	WA	-34.0133	118.4278
6336	Mills Lake	WA	-33.8548	118.5822
6346	Jerdacuttup	WA	-33.7749	120.4319
6346	Ravensthorpe	WA	-33.583	120.0469
6346	West River	WA	-33.7299	119.468
6346	Fitzgerald River National Park	WA	-34.0016	119.598
6020	Carine	WA	-31.8523	115.7826
6020	Marmion	WA	-31.8416	115.7569
6020	Sorrento	WA	-31.8253	115.7525
6020	North Beach	WA	-31.863	115.7562
6020	Watermans Bay	WA	-31.8492	115.7559
6023	Glengarry	WA	-31.8329	115.7759
6023	Duncraig	WA	-31.8329	115.7759
6024	Warwick	WA	-31.8397	115.8086
6024	Greenwood	WA	-31.8272	115.8025
6025	Craigie	WA	-31.7873	115.7699
6025	Padbury	WA	-31.8064	115.7688
6025	Hillarys	WA	-31.807	115.7405
6025	Kallaroo	WA	-31.791	115.753
6028	Kinross	WA	-31.7187	115.7384
6028	Iluka	WA	-31.7355	115.7306
6028	Burns Beach	WA	-31.7206	115.7205
6028	Currambine	WA	-31.7331	115.7477
6892	East Perth	WA	-31.9587	115.8711
6919	Joondalup Dc	WA	-31.9335	115.8003
6923	Hillarys	WA	-31.807	115.7405
6056	Bellevue	WA	-31.9012	116.0276
6056	Herne Hill	WA	-31.8255	116.0227
6056	Millendon	WA	-31.8077	116.0367
6056	Viveash	WA	-31.8786	115.9966
6056	Helena Valley	WA	-31.9194	116.0398
6056	Midland	WA	-31.8891	116.0107
6056	Boya	WA	-31.9193	116.0577
6056	Jane Brook	WA	-31.8637	116.0504
6056	Stratton	WA	-31.8683	116.0407
6056	Greenmount	WA	-31.9007	116.0495
6056	Middle Swan	WA	-31.85	116.0167
6056	Midvale	WA	-31.8888	116.0329
6056	Red Hill	WA	-31.849	116.0584
6056	Swan View	WA	-31.8833	116.05
6056	Baskerville	WA	-31.7978	116.0436
6056	Woodbridge	WA	-31.8869	115.992
6056	Koongamia	WA	-31.9066	116.0422
6058	Forrestfield	WA	-31.9828	116.0067
6071	Hovea	WA	-31.8833	116.1
6071	Glen Forrest	WA	-31.9193	116.1073
6105	Kewdale	WA	-31.9789	115.9516
6105	Cloverdale	WA	-31.9628	115.9443
6105	Perth Airport	WA	-31.9321	115.9564
6107	Beckenham	WA	-32.0248	115.9599
6107	Queens Park	WA	-32.0031	115.9462
6107	East Cannington	WA	-32.0098	115.955
6107	Cannington	WA	-32.0163	115.9365
6107	Wattle Grove	WA	-32.0067	116.0005
6107	Kenwick	WA	-32.0333	115.9667
6107	Wilson	WA	-32.0206	115.9118
6111	Camillo	WA	-32.1129	116.0021
6111	Westfield	WA	-32.15	115.9667
6111	Ashendon	WA	-32.1831	116.1341
6111	Canning Mills	WA	-32.0804	116.1047
6111	Kelmscott Dc	WA	-32.1228	116.0719
6111	Lesley	WA	-32.121	116.2235
6111	Karragullen	WA	-32.1	116.1333
6111	Champion Lakes	WA	-32.1191	115.9862
6111	Kelmscott	WA	-32.1243	116.0259
6111	Roleystone	WA	-32.1146	116.0706
6430	Williamstown	WA	-30.75	121.4833
6430	West Lamington	WA	-30.7471	121.4525
6430	South Kalgoorlie	WA	-30.7651	121.4733
6430	Broadwood	WA	-30.7903	121.4549
6430	Lamington	WA	-30.7342	121.4616
6430	West Kalgoorlie	WA	-30.7818	121.436
6430	Somerville	WA	-30.7698	121.4544
6430	Kalgoorlie	WA	-30.7461	121.4742
6430	Hannans	WA	-30.7191	121.4548
6430	Yilkari	WA	-30.7497	121.4612
6430	Binduli	WA	-30.7497	121.4612
6430	Mullingar	WA	-30.7168	121.4746
6430	Karlkurla	WA	-30.7334	121.4508
6430	Piccadilly	WA	-30.7428	121.4642
6431	Lakewood	WA	-30.8	121.5333
6431	Kookynie	WA	-29.3317	121.4925
6431	Bulong	WA	-30.7484	121.7945
6431	Boorara	WA	-30.8167	121.6333
6431	Kurnalpi	WA	-30.5367	122.2306
6431	Trafalgar	WA	-30.7769	121.5122
6431	Brown Hill	WA	-30.7591	121.5142
6431	Ora Banda	WA	-30.377	121.0619
6431	Kanowna	WA	-30.5037	121.416
6431	Warburton	WA	-30.5167	121.5765
6431	Emu Flat	WA	-30.5167	121.5765
6431	Feysville	WA	-30.5167	121.5765
6431	Plumridge Lakes	WA	-30.5167	121.5765
6432	Boulder	WA	-30.782	121.4912
6432	Fimiston	WA	-30.7753	121.4791
6432	Victory Heights	WA	-30.7788	121.4726
6432	South Boulder	WA	-30.7651	121.4733
6714	Baynton	WA	-20.7516	116.8014
6714	Pegs Creek	WA	-20.7383	116.8328
6714	Millars Well	WA	-20.7417	116.8173
6714	Bulgarra	WA	-20.7258	116.8567
6714	Mulataga	WA	-20.7395	116.8774
6714	Sherlock	WA	-20.7318	116.8268
6714	Karratha Industrial Estate	WA	-20.7716	116.8694
6714	Maitland	WA	-20.7318	116.8268
6714	Cleaverville	WA	-20.7318	116.8268
6714	Balla Balla	WA	-20.7318	116.8268
6714	Stove Hill	WA	-20.7684	116.8378
6714	Gnoorea	WA	-20.7318	116.8268
6714	Mardie	WA	-20.7318	116.8268
6714	Mount Anketell	WA	-20.7318	116.8268
6714	Karratha	WA	-20.7377	116.8463
6714	Antonymyre	WA	-20.7318	116.8268
6714	Nickol	WA	-20.7456	116.7954
6714	Gap Ridge	WA	-20.7397	116.7648
6714	Cooya Pooya	WA	-20.7318	116.8268
6714	Burrup	WA	-20.5901	116.796
6718	Roebourne	WA	-20.7723	117.1465
6718	Whim Creek	WA	-20.8386	117.8314
6721	Mundabullangana	WA	-20.5351	118.7226
6721	Wallareenya	WA	-20.5351	118.7226
6721	Redbank	WA	-20.3452	118.6296
6721	Port Hedland	WA	-20.3121	118.6106
6721	Indee	WA	-20.5351	118.7226
6721	Strelley	WA	-21.1167	119.05
6721	Wedgefield	WA	-20.3665	118.6002
6721	Pardoo	WA	-20.5351	118.7226
6410	Mount Caroline	WA	-31.6306	117.6941
6410	Daadenning Creek	WA	-31.7667	117.7833
6410	North Kellerberrin	WA	-31.5	117.6833
6410	Bungulla	WA	-31.6238	117.5898
6410	Kellerberrin	WA	-31.6318	117.7198
6411	Doodlakine	WA	-31.6092	117.8722
6411	South Doodlakine	WA	-31.6092	117.8722
6412	North Baandee	WA	-31.3577	117.9611
6412	Baandee	WA	-31.5157	117.9745
6341	Nyabing	WA	-33.5413	118.146
6343	Pingrup	WA	-33.5378	118.5122
6395	Cherry Tree Pool	WA	-33.75	117.2833
6395	Lumeah	WA	-33.9833	117.2333
6395	Kojonup	WA	-33.8305	117.1595
6395	Jingalup	WA	-33.9667	117.0333
6395	Mobrup	WA	-34.1257	116.9282
6395	Ryansbrook	WA	-34.1019	117.1368
6358	Karlgarin	WA	-32.4971	118.7098
6367	Bendering	WA	-32.3982	118.2955
6367	Kondinin	WA	-32.4986	118.2653
6470	Kulja	WA	-30.4854	117.2775
6475	Koorda	WA	-30.8256	117.4879
6475	Mollerin	WA	-30.455	117.5256
6475	Newcarlbeon	WA	-30.6371	117.3659
6475	Lake Margarette	WA	-30.7076	117.5447
6475	Booralaming	WA	-30.8831	117.3897
6475	Badgerin Rock	WA	-30.7751	117.3117
6475	Dukin	WA	-30.883	117.541
6355	Varley	WA	-32.7909	119.51
6355	East Newdegate	WA	-33.1061	119.2796
6355	Magenta	WA	-32.9408	119.237
6355	Lake Camm	WA	-32.9833	119.5833
6355	Mount Sheridan	WA	-32.9408	119.237
6355	Dunn Rock	WA	-32.9408	119.237
6355	Lake Biddy	WA	-33.0019	118.9292
6355	Little Italy	WA	-32.6595	119.1363
6355	South Newdegate	WA	-33.2187	119.0174
6355	Newdegate	WA	-33.0939	119.0339
6355	Holt Rock	WA	-32.6722	119.406
6357	Pingaring	WA	-32.7546	118.6278
6359	Little Italy	WA	-32.6595	119.1363
6359	Hyden	WA	-32.45	118.8833
6359	Forrestania	WA	-32.5548	119.0098
6363	Dudinin	WA	-32.8762	117.9053
6363	Walyurin	WA	-32.8685	118.2461
6365	Jilakin	WA	-32.6667	118.3333
6365	Kulin West	WA	-32.7068	118.1653
6365	Kulin	WA	-32.6668	118.158
6365	Jitarning	WA	-32.7869	118.0047
6165	Naval Base	WA	-32.191	115.7777
6165	Hope Valley	WA	-32.2045	115.81
6170	Leda	WA	-32.2677	115.7993
6170	Wellard	WA	-32.2667	115.8333
6969	Rockingham Beach	WA	-32.1549	115.7916
6356	Mount Madden	WA	-33.2667	119.7833
6356	Hatter Hill	WA	-33.1763	119.7294
6356	Lake King	WA	-33.0859	119.6755
0872	Kiwirrkurra	WA	-22.2019	133.143
0872	Gibson Desert South	WA	-22.2019	133.143
0872	Wingellina	WA	-22.2019	133.143
0872	Tjirrkarli	WA	-22.2019	133.143
0872	Kanpa	WA	-22.2019	133.143
0872	Gibson Desert North	WA	-22.2019	133.143
0872	Warakurna	WA	-22.2019	133.143
0872	Irrunytju	WA	-22.2019	133.143
0872	Ngaanyatjarra-Giles	WA	-22.2019	133.143
0872	Patjarr	WA	-22.2019	133.143
0872	Papulankutja	WA	-22.2019	133.143
0872	Mantamaru	WA	-22.2019	133.143
0872	Tjukurla	WA	-22.2019	133.143
6435	Agnew	WA	-28.0119	120.5186
6437	Leinster	WA	-27.9203	120.6967
6437	Sir Samuel	WA	-27.9203	120.6967
6438	Lake Darlot	WA	-28.8851	121.3307
6438	Leonora	WA	-28.8851	121.3307
6905	Northlands	WA	-31.9487	115.8314
6905	Northlands Po	WA	-31.9487	115.8314
6180	Parklands	WA	-32.4956	115.773
6180	Lakelands	WA	-32.4716	115.7729
6210	Falcon	WA	-32.5824	115.662
6210	Meadow Springs	WA	-32.4972	115.7533
6210	Coodanup	WA	-32.5519	115.7535
6210	Silver Sands	WA	-32.5086	115.736
6210	Mandurah Dc	WA	-32.5624	115.7227
6210	Erskine	WA	-32.5572	115.7066
6210	Mandurah East	WA	-32.5624	115.7227
6210	Halls Head	WA	-32.5431	115.6966
6210	Dudley Park	WA	-32.5522	115.731
6210	Greenfields	WA	-32.5243	115.7631
6210	Mandurah	WA	-32.5269	115.7217
6210	Madora Bay	WA	-32.4695	115.7526
6210	Herron	WA	-32.7552	115.674
6210	Lakelands	WA	-32.4716	115.7729
6210	Parklands	WA	-32.4956	115.773
6210	Stake Hill	WA	-32.4778	115.7942
6210	Dawesville	WA	-32.6323	115.629
6210	San Remo	WA	-32.4899	115.7447
6210	Clifton	WA	-32.7699	115.6321
6210	Barragup	WA	-32.5498	115.7796
6210	Wannanup	WA	-32.5995	115.6449
6210	Bouvard	WA	-32.682	115.623
6210	Mandurah North	WA	-32.578	115.7943
6210	Furnissdale	WA	-32.5585	115.7604
6924	Greenwood	WA	-31.8272	115.8025
6262	Boorara Brook	WA	-34.6597	116.159
6262	Windy Harbour	WA	-34.8333	116.0333
6262	Meerup	WA	-34.6514	116.0548
6262	Northcliffe	WA	-34.6329	116.1224
6262	Shannon	WA	-34.662	116.1053
6262	Crowea	WA	-34.5327	116.1571
6642	Capricorn	WA	-26.1164	118.6092
6642	Angelo River	WA	-26.1164	118.6092
6642	Meekatharra	WA	-26.5952	118.4939
6642	Kumarina	WA	-26.1164	118.6092
6642	Karalundi	WA	-26.1164	118.6092
6642	Peak Hill	WA	-25.6375	118.7244
6150	Murdoch	WA	-32.0699	115.8376
6150	Bateman	WA	-32.0555	115.8474
6150	Winthrop	WA	-32.0522	115.8297
6153	Brentwood	WA	-32.0435	115.8525
6153	Applecross North	WA	-32.0317	115.8428
6153	Canning Bridge Applecross	WA	-32.0317	115.8428
6153	Ardross	WA	-32.027	115.8355
6153	Mount Pleasant	WA	-32.0397	115.8499
6153	Applecross	WA	-32.0167	115.8333
6154	Alfred Cove	WA	-32.0332	115.8126
6154	Booragoon	WA	-32.0395	115.8337
6154	Myaree	WA	-32.04	115.8176
6155	Canning Vale South	WA	-32.0552	115.903
6155	Canning Vale Dc	WA	-32.0552	115.903
6155	Willetton	WA	-32.0525	115.8878
6155	Canning Vale	WA	-32.058	115.9181
6156	Willagee	WA	-32.052	115.8053
6156	Melville	WA	-32.0404	115.8012
6156	Willagee Central	WA	-32.0391	115.8028
6156	Attadale	WA	-32.0249	115.802
6157	Palmyra Dc	WA	-32.0364	115.7846
6157	Palmyra	WA	-32.045	115.7859
6157	Bicton	WA	-32.0278	115.7833
6951	South Perth	WA	-31.9833	115.8667
6953	Applecross	WA	-32.0167	115.8333
6954	Booragoon	WA	-32.0395	115.8337
6960	Myaree Bc	WA	-32.04	115.8176
6436	Ularring	WA	-29.6939	121.0285
6436	Menzies	WA	-29.6939	121.0285
6440	Lake Wells	WA	-28.464	122.6458
6440	Cosmo Newbery	WA	-27.9962	122.8953
6440	Beadell	WA	-28.464	122.6458
6440	Bandya	WA	-28.464	122.6458
6440	Neale	WA	-28.464	122.6458
6440	Burtville	WA	-28.7706	122.6428
6440	Laverton	WA	-28.6253	122.3994
6413	Hines Hill	WA	-31.5342	118.0748
6414	Nangeenan	WA	-31.5333	118.1667
6415	Korbel	WA	-31.6602	118.1489
6415	Norpa	WA	-31.584	118.4238
6415	Merredin	WA	-31.4809	118.2745
6415	Nokaning	WA	-31.3733	118.2183
6415	Tandegin	WA	-31.6739	118.5281
6415	Goomarin	WA	-31.2444	118.4358
6420	Cramphorne	WA	-31.805	118.5601
6420	Muntadgin	WA	-31.7578	118.5619
6480	Nukarni	WA	-31.2833	118.2
6522	Holmwood	WA	-29.032	115.6042
6522	Mount Budd	WA	-29.1933	115.6533
6522	Yarragadee	WA	-29.0763	115.4089
6522	Mingenew	WA	-29.1908	115.4416
6522	Ikewa	WA	-29.1815	115.5391
6522	Mooriary	WA	-29.1643	115.5359
6522	Nangetty	WA	-29.1643	115.5359
6522	Lockier	WA	-29.1643	115.5359
6522	Bundanoon	WA	-29.1643	115.5359
6522	Yandanooka	WA	-29.3121	115.5686
6512	Coomberdale	WA	-30.4633	116.0393
6512	Namban	WA	-30.3803	116.046
6574	Gabalong	WA	-30.7214	116.389
6574	Bindi Bindi	WA	-30.6352	116.3587
6575	Miling	WA	-30.4897	116.3624
6609	Nugadong	WA	-30.2039	116.6636
6609	Xantippe	WA	-30.0333	117.0333
6609	Dalwallinu	WA	-30.2805	116.6601
6625	Merkanooka	WA	-29.1833	115.8273
6627	Canna	WA	-28.9002	115.8621
6011	Cottesloe	WA	-31.9943	115.7582
6011	Peppermint Grove	WA	-31.9988	115.7682
6012	Mosman Park	WA	-32.0054	115.7638
6912	Mosman Park	WA	-32.0054	115.7638
6638	Mount Magnet	WA	-28.0648	117.849
6638	Paynesville	WA	-28.0648	117.849
6638	Cooladar Hill	WA	-28.0648	117.849
6638	Daggar Hills	WA	-28.0648	117.849
6468	Goodlands	WA	-29.9769	117.3973
6468	Kalannie	WA	-30.3625	117.1181
6468	Petrudor	WA	-30.4109	116.9802
6472	Tampu	WA	-30.1948	117.8047
6472	Karroun Hill	WA	-30.2203	117.7539
6472	Beacon	WA	-30.4485	117.863
6472	Cleary	WA	-30.4364	117.6438
6472	Bimbijy	WA	-30.2203	117.7539
6472	Mouroubra	WA	-29.8015	117.7043
6472	Remlap	WA	-30.2203	117.7539
6473	North Wialki	WA	-30.478	118.12
6473	Wialki	WA	-30.478	118.12
6476	Gabbin	WA	-30.8011	117.6788
6477	Welbungin	WA	-30.8285	117.9886
6477	Bencubbin	WA	-30.8161	117.8614
6055	Brabham	WA	-31.8273	115.9742
6055	South Guildford	WA	-31.9122	115.9682
6055	Guildford	WA	-31.9	115.9667
6055	Henley Brook	WA	-31.8139	115.9881
6055	Caversham	WA	-31.8833	115.9667
6055	West Swan	WA	-31.8476	115.9799
6055	Hazelmere	WA	-31.9174	116.0118
6055	Dayton	WA	-31.8525	115.9749
6055	Bushmead	WA	-31.8693	115.9788
6070	Darlington	WA	-31.9191	116.0812
6072	Mahogany Creek	WA	-31.9056	116.1367
6073	Mundaring Weir	WA	-31.95	116.1667
6073	Mundaring Dc	WA	-31.9261	116.1671
6073	Mundaring	WA	-31.9021	116.1676
6074	Sawyers Valley	WA	-31.9023	116.2007
6076	Pickering Brook	WA	-32.0476	116.1985
6076	Reservoir	WA	-31.9647	116.166
6076	Carmel	WA	-32.0167	116.1
6076	Walliston	WA	-31.9968	116.0743
6076	Gooseberry Hill	WA	-31.9544	116.0492
6076	Bickley	WA	-31.9997	116.1072
6076	Hacketts Gully	WA	-31.9774	116.0928
6076	Walliston Dc	WA	-31.9886	116.0984
6076	Kalamunda	WA	-31.9737	116.0584
6076	Lesmurdie	WA	-32.002	116.0482
6076	Paulls Valley	WA	-31.9692	116.1094
6076	Piesse Brook	WA	-31.972	116.0779
6081	Parkerville	WA	-31.8747	116.138
6081	Stoneville	WA	-31.8783	116.1707
6082	Mount Helena	WA	-31.8761	116.2103
6082	Bailup	WA	-31.7392	116.3102
6083	Gidgegannup	WA	-31.7544	116.1875
6083	Morangup	WA	-31.6689	116.291
6558	Wooroloo	WA	-31.8038	116.3131
6982	Bentley	WA	-32.0022	115.9247
6630	Nunierra	WA	-28.3033	115.5255
6630	Woolgorong	WA	-28.3033	115.5255
6630	Devils Creek	WA	-28.3033	115.5255
6630	Mullewa	WA	-28.5395	115.5117
6630	Murchison	WA	-26.8949	115.9575
6630	West Casuarinas	WA	-28.8898	115.1173
6630	Wongoondy	WA	-28.8891	115.5156
6630	Nerramyne	WA	-28.3033	115.5255
6635	Yalgoo	WA	-28.3436	116.6825
6635	South Murchison	WA	-28.3436	116.6825
6640	Reedy	WA	-27.15	118.2667
6640	Weld Range	WA	-27.3846	118.049
6640	Cue	WA	-27.424	117.8974
6640	East Murchison	WA	-27.3846	118.049
6640	Lake Austin	WA	-27.58	117.9829
6126	Keysbrook	WA	-32.4333	115.9667
6181	Stake Hill	WA	-32.4778	115.7942
6207	North Dandalup	WA	-32.5168	115.9719
6207	Whittaker	WA	-32.5243	115.9018
6207	Myara	WA	-32.5243	115.9018
6207	Solus	WA	-32.5243	115.9018
6207	Nambeelup	WA	-32.5318	115.8317
6208	Nirimba	WA	-32.6697	115.7457
6208	Ravenswood	WA	-32.5824	115.8315
6208	Fairbridge	WA	-32.5817	115.9681
6208	South Yunderup	WA	-32.5851	115.7802
6208	Oakley	WA	-32.633	115.8422
6208	Meelon	WA	-32.7	115.9333
6208	West Pinjarra	WA	-32.6663	115.8297
6208	Pinjarra	WA	-32.6298	115.8735
6208	Point Grey	WA	-32.633	115.8422
6208	North Yunderup	WA	-32.578	115.7943
6208	Blythewood	WA	-32.7044	115.8237
6209	Furnissdale	WA	-32.5585	115.7604
6209	Barragup	WA	-32.5498	115.7796
6214	Coolup	WA	-32.7333	115.8667
6214	West Coolup	WA	-32.7536	115.7986
6214	Birchmont	WA	-32.7435	115.8326
6215	Hamel	WA	-32.8689	115.8894
6215	Lake Clifton	WA	-32.8134	115.6856
6215	Wagerup	WA	-32.9289	115.8737
6215	Nanga Brook	WA	-32.8167	116.0667
6215	Preston Beach	WA	-32.8668	115.6703
6215	Waroona	WA	-32.8432	115.922
6390	Boddington	WA	-32.8007	116.4752
6390	Wuraming	WA	-32.8	116.2833
6390	Lower Hotham	WA	-32.9496	116.4168
6390	Ranford	WA	-32.8	116.5
6390	Mount Cooke	WA	-32.7315	116.4439
6390	Upper Murray	WA	-32.7315	116.4439
6390	Mount Wells	WA	-32.7315	116.4439
6390	Marradong	WA	-32.8631	116.4508
6390	Crossman	WA	-32.7833	116.6
6390	North Bannister	WA	-32.4276	116.4125
6390	Bannister	WA	-32.4276	116.4125
6258	Middlesex	WA	-34.2785	116.1949
6258	Glenoran	WA	-34.2283	115.9812
6258	Deanmill	WA	-34.2647	116.0742
6258	Manjimup	WA	-34.2412	116.1456
6258	Linfarne	WA	-34.1871	116.113
6258	Dixvale	WA	-34.1922	116.0533
6258	Nyamup	WA	-34.2785	116.1949
6258	Upper Warren	WA	-34.3706	116.2799
6258	Smith Brook	WA	-34.367	116.1887
6258	Ringbark	WA	-34.2145	116.1186
6258	Diamond Tree	WA	-34.2785	116.1949
6258	Perup	WA	-34.2498	116.3617
6258	Jardee	WA	-34.285	116.12
6258	Wilgarrup	WA	-34.2785	116.1949
6258	Yanmah	WA	-34.1833	116.0167
6258	Palgarup	WA	-34.1625	116.1845
6258	Shannon River Mill	WA	-34.2785	116.1949
6258	Donnelly River	WA	-34.1036	115.974
6258	Quinninup	WA	-34.4355	116.2498
6258	Balbarrup	WA	-34.2032	116.2323
6258	Dingup	WA	-34.2547	116.214
6258	Crowea	WA	-34.5327	116.1571
6258	Lake Muir	WA	-34.5005	116.6346
6258	Mordalup	WA	-34.3152	116.6034
6260	Lake Jasper	WA	-34.3864	115.6707
6260	Callcup	WA	-34.5565	115.947
6260	Eastbrook	WA	-34.4	116.1
6260	Collins Siding	WA	-34.4291	115.9139
6260	Beedelup	WA	-34.4291	115.9139
6260	Peerabeelup	WA	-34.3267	115.7712
6260	Collins	WA	-34.4291	115.9139
6260	Biddelia	WA	-34.4291	115.9139
6260	Yeagarup	WA	-34.4876	115.9358
6260	Channybearup	WA	-34.4035	115.9361
6260	Pemberton	WA	-34.4431	116.0369
6285	Gnarabup	WA	-33.993	114.9965
6285	Rosa Brook	WA	-33.95	115.1833
6285	Prevelly	WA	-33.9822	114.9921
6285	Schroeder	WA	-33.9574	115.099
6285	Yebble	WA	-33.9574	115.099
6285	Margaret River	WA	-33.955	115.076
6285	Rosa Glen	WA	-34.0152	115.2033
6285	Burnside	WA	-33.9369	115.0181
6285	Osmington	WA	-33.9074	115.2096
6285	Bramley	WA	-33.9194	115.1135
6368	South Kumminin	WA	-32.2	118.3333
6369	Mount Walker	WA	-32.0472	118.5552
6369	Wadderin	WA	-31.994	118.4505
6369	West Holleton	WA	-32.0251	119.0076
6369	Woolocutty	WA	-32.0472	118.5552
6369	Narembeen	WA	-32.0637	118.3957
6369	Emu Hill	WA	-32.106	118.367
6313	Highbury	WA	-33.0667	117.25
6014	Floreat Forum	WA	-31.9391	115.8065
6014	Jolimont	WA	-31.9456	115.8095
6014	Wembley	WA	-31.9331	115.8178
6014	Floreat	WA	-31.9386	115.7921
6907	Nedlands	WA	-31.9818	115.8073
6909	Nedlands	WA	-31.9818	115.8073
6403	Grass Valley	WA	-31.6373	116.7976
6560	Wundowie	WA	-31.7616	116.3799
6562	Woottating	WA	-31.8671	116.4963
6562	Copley	WA	-31.807	116.4775
6562	Bakers Hill	WA	-31.7469	116.4587
6564	Clackline	WA	-31.7333	116.5333
6535	Alma	WA	-28.3084	114.5195
6535	East Bowes	WA	-28.3084	114.5195
6535	Gregory	WA	-28.1883	114.2517
6535	Sandy Gully	WA	-28.3084	114.5195
6535	Yallabatharra	WA	-28.2045	114.4357
6535	Ogilvie	WA	-28.15	114.6333
6535	Bowes	WA	-28.447	114.598
6535	Isseka	WA	-28.4403	114.6485
6535	Northampton	WA	-28.3499	114.6382
6535	Horrocks	WA	-28.3785	114.4307
6536	Zuytdorp	WA	-27.7105	114.165
6536	Kalbarri National Park	WA	-27.7105	114.165
6536	Kalbarri	WA	-27.7105	114.165
6490	Talgomine	WA	-31.1868	118.2586
6490	Nungarin	WA	-31.1864	118.104
6490	Kwelkan	WA	-31.135	118.0252
6490	Burran Rock	WA	-31.2553	117.9989
6490	Chandler	WA	-31.1989	118.1062
6490	Elabbin	WA	-31.2312	118.1443
6614	Maya	WA	-29.8849	116.5044
6616	Latham	WA	-29.7587	116.4457
6620	Perenjori	WA	-29.4361	116.2856
6620	Rothsay	WA	-29.2833	116.8833
6620	Bunjil	WA	-29.653	116.3664
6623	Koolanooka	WA	-29.271	116.0747
6623	Pintharuka	WA	-29.094	115.982
6623	Morawa	WA	-29.2134	116.0079
6623	Bunjil	WA	-29.653	116.3664
6623	Bowgada	WA	-29.3349	116.1743
6623	Gutha	WA	-28.994	115.946
6003	Northbridge	WA	-31.9478	115.8588
6003	Highgate	WA	-31.9397	115.8701
6009	Crawley	WA	-31.9842	115.816
6009	Nedlands	WA	-31.9818	115.8073
6009	Nedlands Dc	WA	-31.9871	115.8077
6009	Dalkeith	WA	-31.9952	115.7998
6009	Broadway Nedlands	WA	-31.9871	115.8077
6831	Perth St Georges Tce	WA	-31.9522	115.8614
6832	Perth East St Georges Tce	WA	-31.9522	115.8614
6849	Perth Bc	WA	-31.9522	115.8614
6850	Cloisters Square Po	WA	-31.952	115.8607
6915	Mount Hawthorn	WA	-31.92	115.8351
6929	Mount Lawley	WA	-31.9344	115.8716
6981	East Victoria Park	WA	-31.9889	115.9039
6323	Kendenup	WA	-34.4821	117.6253
6326	Narrikup	WA	-34.7723	117.7042
6397	Rocky Gully	WA	-34.5105	117.0106
6722	Finucane	WA	-20.2977	118.569
6722	De Grey	WA	-20.3835	118.5879
6722	South Hedland	WA	-20.4066	118.6007
6722	Pippingarra	WA	-20.3835	118.5879
6722	Boodarie	WA	-20.4461	118.5941
6723	Goldsworthy	WA	-20.35	119.5333
6760	Marble Bar	WA	-21.1707	119.7444
6761	Shay Gap	WA	-19.4863	123.9379
6383	Mawson	WA	-32.0063	117.3651
6383	Badjaling	WA	-31.9972	117.4989
6383	Balkuling	WA	-31.9812	117.1139
6383	Mount Stirling	WA	-32.0063	117.3651
6383	South Caroling	WA	-32.0063	117.3651
6383	Yoting	WA	-31.9602	117.5914
6383	Dangin	WA	-32.05	117.3167
6383	Wamenusking	WA	-32.1258	117.5997
6383	Cubbine	WA	-31.853	117.2517
6383	Quairading	WA	-32.012	117.3955
6383	Doodenanning	WA	-31.8667	117.15
6383	Dulbelling	WA	-32.05	117.2667
6383	South Quairading	WA	-32.1667	117.4667
6384	Pantapin	WA	-31.9525	117.6572
6337	Gairdner	WA	-33.9405	119.345
6337	Jacup	WA	-33.8167	119.2667
6337	Fitzgerald	WA	-34.0016	119.598
6337	West Fitzgerald	WA	-34.0016	119.598
6337	Jerramungup	WA	-33.9422	118.9173
6348	Hopetoun	WA	-33.9506	120.1264
6450	Chadwick	WA	-33.8394	121.8856
6450	East Munglinup	WA	-33.6908	120.9504
6450	Condingup	WA	-33.7564	122.5259
6450	Neridup	WA	-33.6172	122.2168
6450	West Beach	WA	-33.8746	121.8901
6450	Cape Le Grand	WA	-33.7873	121.9114
6450	Myrup	WA	-33.7776	121.9669
6450	Boyatup	WA	-33.6893	123.1055
6450	Esperance	WA	-33.8592	121.8916
6450	Merivale	WA	-33.7926	122.0327
6450	Munglinup	WA	-33.7102	120.8637
6450	Pink Lake	WA	-33.8516	121.8593
6450	Beaumont	WA	-33.7873	121.9114
6450	Dalyup	WA	-33.7191	121.598
6450	Nulsen	WA	-33.857	121.875
6450	Cascade	WA	-33.7873	121.9114
6450	Coomalbidgup	WA	-33.7194	121.3606
6450	Howick	WA	-33.843	122.7149
6450	Castletown	WA	-33.8324	121.9156
6450	Bandy Creek	WA	-33.8278	121.9281
6450	Sinclair	WA	-33.8635	121.8718
6450	Monjingup	WA	-33.8019	121.8699
6450	Windabout	WA	-33.8236	121.9065
6168	Garden Island	WA	-32.2426	115.695
6168	Cooloongup	WA	-32.295	115.78
6168	Rockingham	WA	-32.2768	115.7298
6168	Rockingham Beach	WA	-32.2728	115.7363
6168	Rockingham Dc	WA	-32.2728	115.7363
6168	Hillman	WA	-32.2833	115.7636
6168	East Rockingham	WA	-32.2623	115.7489
6168	Peron	WA	-32.2766	115.7005
6169	Shoalwater	WA	-32.2909	115.711
6169	Warnbro	WA	-32.3402	115.7473
6169	Safety Bay	WA	-32.3046	115.7421
6169	Waikiki	WA	-32.3161	115.7546
6171	Baldivis	WA	-32.3289	115.8305
6172	Port Kennedy	WA	-32.3734	115.7515
6173	Secret Harbour	WA	-32.4059	115.7585
6174	Golden Bay	WA	-32.425	115.761
6175	Singleton	WA	-32.444	115.7572
6176	Karnup	WA	-32.4189	115.7927
6182	Keralup	WA	-32.4299	115.8314
6531	Geraldton	WA	-28.779	114.6146
6911	Cottesloe	WA	-31.9943	115.7582
6967	Rockingham Dc	WA	-32.1549	115.7916
6639	Sandstone	WA	-27.9868	119.2973
6121	Oakford	WA	-32.2009	115.9339
6121	Oldbury	WA	-32.2657	115.9183
6122	Cardup	WA	-32.258	115.9851
6122	Karrakup	WA	-32.2233	116.035
6122	Byford	WA	-32.221	116.009
6122	Darling Downs	WA	-32.1944	115.9919
6123	Whitby	WA	-32.292	116.0124
6123	Mundijong	WA	-32.2922	115.9856
6124	Jarrahdale	WA	-32.3358	116.0595
6125	Hopeland	WA	-32.3816	115.8873
6125	Serpentine	WA	-32.3605	115.9772
6125	Mardella	WA	-32.3333	115.9833
6167	Bertram	WA	-32.2437	115.8457
6167	Kwinana Town Centre	WA	-32.2444	115.8161
6167	Calista	WA	-32.241	115.7976
6167	Wandi	WA	-32.1943	115.8763
6167	The Spectacles	WA	-32.2202	115.8387
6167	Orelia	WA	-32.2333	115.8223
6167	Kwinana Beach	WA	-32.2484	115.7619
6167	Parmelia	WA	-32.2578	115.8221
6167	Medina	WA	-32.2341	115.799
6167	Anketell	WA	-32.2186	115.8656
6167	Postans	WA	-32.2247	115.8158
6167	Casuarina	WA	-32.2414	115.8698
6167	Mandogalup	WA	-32.1929	115.8435
6532	Eradu	WA	-28.7905	114.8142
6532	Ellendale	WA	-28.7905	114.8142
6532	Nerren Nerren	WA	-28.7905	114.8142
6532	Oakajee	WA	-28.6043	114.6126
6532	Moonyoonooka	WA	-28.781	114.727
6532	Wicherina South	WA	-28.7905	114.8142
6532	Eradu South	WA	-28.7905	114.8142
6532	Dartmoor	WA	-28.7905	114.8142
6532	Binnu	WA	-28.0424	114.678
6532	Coburn	WA	-28.7905	114.8142
6532	Bootenal	WA	-28.8558	114.7275
6532	Ajana	WA	-27.9558	114.6302
6532	South Yuna	WA	-28.7905	114.8142
6532	Cape Burney	WA	-28.8675	114.6489
6532	Nabawa	WA	-28.4995	114.7968
6532	Naraling	WA	-28.4	114.8333
6532	Wandana	WA	-28.7905	114.8142
6532	Minnenooka	WA	-28.9019	114.8351
6532	Mount Erin	WA	-28.7905	114.8142
6532	Hamelin Pool	WA	-28.7905	114.8142
6532	Eurardy	WA	-28.7905	114.8142
6532	Durawah	WA	-28.7905	114.8142
6532	Hickety	WA	-28.7905	114.8142
6532	Valentine	WA	-28.7905	114.8142
6532	Georgina	WA	-28.8775	114.7536
6532	Dindiloa	WA	-28.4307	114.7895
6532	Toolonga	WA	-28.7905	114.8142
6532	West Binnu	WA	-27.976	114.4226
6532	Glenfield	WA	-28.6925	114.6214
6532	Sandsprings	WA	-28.7905	114.8142
6532	Coolcalalaya	WA	-28.7905	114.8142
6532	Marrah	WA	-28.7905	114.8142
6532	White Peak	WA	-28.6426	114.6427
6532	North Eradu	WA	-28.7905	114.8142
6532	Rockwell	WA	-28.346	114.925
6532	East Nabawa	WA	-28.7905	114.8142
6532	Meadow	WA	-32.4972	115.7533
6532	Yuna	WA	-28.2531	115.0573
6532	Rudds Gully	WA	-28.8355	114.6416
6532	Burma Road	WA	-28.7905	114.8142
6532	Wicherina	WA	-28.7178	115.0144
6532	Carrarang	WA	-28.7905	114.8142
6532	East Chapman	WA	-28.6596	114.8001
6532	Bringo	WA	-28.7491	114.8439
6532	Tibradden	WA	-28.7905	114.8142
6532	Howatharra	WA	-28.5368	114.6444
6532	Buller	WA	-28.6494	114.6282
6532	Tamala	WA	-31.7061	115.7201
6532	Greenough	WA	-28.95	114.7333
6532	Yetna	WA	-28.6102	114.6989
6532	Narngulu	WA	-28.8205	114.6925
6532	Drummond Cove	WA	-28.6738	114.6128
6532	Deepdale	WA	-28.776	114.682
6532	Nanson	WA	-28.5788	114.7545
6532	Northern Gully	WA	-28.6667	114.9228
6532	Kojarena	WA	-28.7224	114.8656
6532	Narra Tarra	WA	-28.7	114.7167
6532	East Yuna	WA	-28.3976	115.1958
6532	Nolba	WA	-28.2942	114.8733
6701	North Plantations	WA	-24.8447	113.7088
6701	Kingsford	WA	-24.8639	113.6955
6701	Carbla	WA	-24.5312	113.6998
6701	Woodleigh	WA	-24.5312	113.6998
6701	Ningaloo	WA	-22.8361	113.8012
6701	Coral Bay	WA	-23.1408	113.7763
6701	Brockman	WA	-24.8813	113.6536
6701	Bernier Island	WA	-24.5312	113.6998
6701	Inggarda	WA	-24.5312	113.6998
6701	Morgantown	WA	-24.8765	113.6589
6701	Macleod	WA	-24.5312	113.6998
6701	Lyndon	WA	-24.5312	113.6998
6701	Carnarvon	WA	-24.8826	113.6571
6701	Yalardy	WA	-24.5312	113.6998
6701	Mauds Landing	WA	-24.5312	113.6998
6701	South Carnarvon	WA	-24.8935	113.6585
6701	South Plantations	WA	-24.5312	113.6998
6701	Yandoo Creek	WA	-24.5312	113.6998
6701	Greys Plain	WA	-24.8848	113.698
6701	East Carnarvon	WA	-24.864	113.6777
6701	Wooramel	WA	-24.5312	113.6998
6701	Gilroyd	WA	-24.5312	113.6998
6701	Massey Bay	WA	-24.5312	113.6998
6701	Talisker	WA	-24.5312	113.6998
6701	Brown Range	WA	-24.875	113.712
6701	Minilya	WA	-24.5312	113.6998
6701	Kennedy Range	WA	-24.5312	113.6998
6701	Babbage Island	WA	-24.5312	113.6998
6701	Dorre Island	WA	-24.5312	113.6998
6102	St James	WA	-32	115.9098
6102	Bentley Dc	WA	-32.0011	115.9173
6102	Bentley South	WA	-32.0011	115.9173
6102	Bentley	WA	-32.0022	115.9247
6152	Waterford	WA	-32.0157	115.8866
6152	Como	WA	-31.9912	115.8634
6152	Manning	WA	-32.0159	115.8671
6152	Salter Point	WA	-32.0238	115.8658
6152	Karawara	WA	-32.0086	115.8811
6956	Melville	WA	-32.0404	115.8012
6964	Success	WA	-32.1428	115.85
6015	City Beach	WA	-31.9344	115.7617
6016	Glendalough	WA	-31.9199	115.8194
6016	Mount Hawthorn	WA	-31.92	115.8351
6018	Innaloo	WA	-31.8927	115.7951
6018	Gwelup	WA	-31.8716	115.7948
6018	Doubleview	WA	-31.8963	115.7816
6018	Karrinyup	WA	-31.8723	115.7768
6018	Churchlands	WA	-31.9214	115.7932
6018	Woodlands	WA	-31.9012	115.788
6018	Gwelup Dc	WA	-31.8926	115.7883
6021	Stirling	WA	-31.8834	115.8099
6021	Balcatta	WA	-31.875	115.8284
6022	Hamersley	WA	-31.849	115.8076
6029	Trigg	WA	-31.8694	115.7571
6052	Inglewood	WA	-31.9166	115.8798
6052	Bedford	WA	-31.9113	115.8892
6060	Yokine	WA	-31.9011	115.8532
6060	Yokine South	WA	-31.9023	115.8435
6060	Dog Swamp	WA	-31.9023	115.8435
6060	Joondanna	WA	-31.9077	115.8423
6060	Tuart Hill	WA	-31.8981	115.8349
6914	Balcatta	WA	-31.875	115.8284
6916	Osborne Park Dc	WA	-31.9007	115.8108
6916	Osborne Park	WA	-31.9007	115.8108
6917	Osborne Park	WA	-31.9007	115.8108
6918	Innaloo	WA	-31.8927	115.7951
6920	North Beach	WA	-31.863	115.7562
6921	Karrinyup	WA	-31.8723	115.7768
6922	Scarborough	WA	-31.8958	115.7643
6937	Tuart Hill	WA	-31.8981	115.8349
6938	Tuart Hill	WA	-31.8981	115.8349
6939	Tuart Hill	WA	-31.8981	115.8349
6940	Tuart Hill	WA	-31.8981	115.8349
6941	Mirrabooka	WA	-31.8596	115.8659
6952	Como	WA	-31.9912	115.8634
6904	Subiaco	WA	-31.9485	115.8268
6904	Subiaco Po	WA	-31.9485	115.8268
6913	Wembley	WA	-31.9331	115.8178
6054	Lockridge	WA	-31.8817	115.9503
6054	Eden Hill	WA	-31.8891	115.9467
6054	Bassendean	WA	-31.9091	115.9437
6054	Bassendean Dc	WA	-31.8957	115.9435
6054	Kiara	WA	-31.8816	115.9389
6054	Ashfield	WA	-31.9172	115.938
6057	High Wycombe	WA	-31.9444	116.0034
6057	Maida Vale	WA	-31.9519	116.0276
6063	Beechboro	WA	-31.8651	115.9366
6063	Bennett Springs	WA	-31.8594	115.9451
6066	Ballajura	WA	-31.8406	115.8955
6067	Cullacabardee	WA	-31.8194	115.9055
6068	Whiteman	WA	-31.8245	115.9416
6069	Ellenbrook	WA	-31.7674	115.9694
6069	Aveley	WA	-31.7813	115.9896
6069	The Vines	WA	-31.7549	116.0024
6069	Brigadoon	WA	-31.7726	116.0727
6069	Ellenbrook East	WA	-31.7712	116.0118
6069	Upper Swan	WA	-31.7695	116.0273
6069	Belhus	WA	-31.7816	116.0095
6079	Lexia	WA	-31.7934	115.9215
6079	Melaleuca	WA	-31.7225	115.9127
6090	Malaga	WA	-31.8526	115.881
6409	South Tammin	WA	-31.8099	117.5363
6409	Doongin	WA	-31.5691	117.5277
6409	North Tammin	WA	-31.4576	117.5002
6409	Tammin	WA	-31.6409	117.4885
6409	Yorkrakine	WA	-31.3679	117.5858
6519	Dudawa	WA	-29.3861	115.7353
6519	Arrino	WA	-29.4435	115.63
6519	Three Springs	WA	-29.5336	115.7605
6519	Womarden	WA	-29.4969	115.8628
6519	Arrowsmith East	WA	-29.5321	115.3524
6519	Kadathinni	WA	-29.6451	115.5976
6502	Bindoon Training Area	WA	-31.3866	116.0966
6502	Bindoon	WA	-31.3866	116.0966
6566	Carani	WA	-30.9925	116.4053
6566	Nunile	WA	-31.4789	116.5109
6566	Hoddys Well	WA	-31.4251	116.462
6566	Toodyay	WA	-31.5498	116.4674
6566	Dumbarton	WA	-31.5481	116.5014
6566	Bejoording	WA	-31.4	116.5
6566	Culham	WA	-31.4167	116.4667
6566	Coondle	WA	-31.4818	116.4276
6566	West Toodyay	WA	-31.5333	116.4167
6567	Julimar	WA	-31.4779	116.2483
6567	Dewars Pool	WA	-31.3797	116.3562
6567	Moondyne	WA	-31.5619	116.1589
6568	Wattening	WA	-31.3333	116.5167
6568	Wyening	WA	-31.1887	116.4857
6568	Bolgart	WA	-31.2667	116.5
6487	North Yelbeni	WA	-31.0577	117.6711
6487	South Yelbeni	WA	-31.2703	117.6622
6487	Yelbeni	WA	-31.1703	117.6607
6488	Trayning	WA	-31.1169	117.7935
6488	South Trayning	WA	-31.2328	117.7928
6488	North Trayning	WA	-31.0354	117.7849
6489	Kununoppin	WA	-31.1117	117.9179
6489	South Kununoppin	WA	-31.2217	117.9188
6489	North Kununoppin	WA	-31.1667	117.9183
6751	Mulga Downs	WA	-22.4672	118.0643
6751	Rocklea	WA	-22.4672	118.0643
6751	Innawanga	WA	-22.4672	118.0643
6751	Mount Sheila	WA	-22.4672	118.0643
6751	Juna Downs	WA	-22.4672	118.0643
6751	Karijini	WA	-22.4672	118.0643
6751	Nanutarra	WA	-22.4672	118.0643
6751	Wittenoom	WA	-22.2404	118.3355
6751	Chichester	WA	-22.4672	118.0643
6751	Tom Price	WA	-22.6939	117.7931
6100	Victoria Park	WA	-31.9762	115.9052
6100	Burswood	WA	-31.9587	115.904
6100	Lathlain	WA	-31.9676	115.9063
6101	Carlisle	WA	-31.9795	115.9181
6101	Carlisle North	WA	-31.9842	115.911
6101	Carlisle South	WA	-31.9842	115.911
6101	East Victoria Park	WA	-31.9889	115.9039
6151	Kensington	WA	-31.9829	115.8838
6151	South Perth	WA	-31.9833	115.8667
6151	South Perth Angelo St	WA	-31.9831	115.8753
6979	Victoria Park	WA	-31.9762	115.9052
6983	Bentley Dc	WA	-32.005	115.9387
6992	Armadale	WA	-32.1461	116.0093
6506	Mogumber	WA	-31.0403	116.0425
6509	Yarawindah	WA	-31.1006	116.2324
6509	Waddington	WA	-30.85	116.25
6509	New Norcia	WA	-30.9706	116.2125
6509	Glentromie	WA	-30.9737	116.2316
6510	Gillingarra	WA	-30.9378	116.0495
6510	Berkshire Valley	WA	-30.55	116.1667
6510	Barberton	WA	-30.7274	116.0258
6510	Koojan	WA	-30.805	116.0283
6510	Moora	WA	-30.64	116.0036
6510	Walebing	WA	-30.6945	116.2148
6569	Carani	WA	-30.9925	116.4053
6569	Calingiri	WA	-31.0916	116.4478
6569	Old Plains	WA	-31.1081	116.3656
6571	Yerecoin	WA	-30.9225	116.391
6572	Piawaning	WA	-30.841	116.3884
6000	City Delivery Centre	WA	-31.9522	115.8614
6000	Perth Gpo	WA	-31.9522	115.8614
6000	Perth	WA	-31.9522	115.8614
6004	East Perth	WA	-31.9587	115.8711
6005	Kings Park	WA	-31.949	115.842
6005	West Perth	WA	-31.949	115.842
6006	North Perth	WA	-31.9272	115.8528
6007	Leederville	WA	-31.9363	115.8419
6007	West Leederville	WA	-31.9414	115.8312
6017	Osborne Park	WA	-31.9007	115.8108
6017	Osborne Park Dc	WA	-31.9056	115.8082
6017	Herdsman	WA	-31.9106	115.8055
6803	Northbridge	WA	-31.9478	115.8588
6865	Northbridge	WA	-31.9478	115.8588
6872	West Perth	WA	-31.949	115.842
6900	Leederville	WA	-31.9363	115.8419
6901	West Leederville	WA	-31.9414	115.8312
6902	Leederville	WA	-31.9363	115.8419
6903	Leederville	WA	-31.9363	115.8419
6932	Inglewood	WA	-31.9166	115.8798
6308	Hastings	WA	-32.6711	116.8222
6308	West Pingelly	WA	-32.6711	116.8222
6308	Dwarda	WA	-32.7667	116.6667
6308	Wandering	WA	-32.6833	116.6667
6308	East Pingelly	WA	-32.6711	116.8222
6308	Springs	WA	-32.6711	116.8222
6308	Pumphreys Bridge	WA	-32.6832	116.8945
6308	Pingelly	WA	-32.5325	117.0824
6308	Codjatotine	WA	-32.6899	116.8006
6026	Kingsley	WA	-31.8104	115.8008
6026	Woodvale	WA	-31.7893	115.7968
6027	Joondalup	WA	-31.7444	115.7683
6027	Beldon	WA	-31.7747	115.7627
6027	Edgewater	WA	-31.7655	115.7822
6027	Joondalup Dc	WA	-31.7619	115.7565
6027	Mullaloo	WA	-31.779	115.7368
6027	Heathridge	WA	-31.7624	115.7589
6027	Ocean Reef	WA	-31.7587	115.736
6027	Connolly	WA	-31.7486	115.7505
6030	Tamala Park	WA	-31.7061	115.7201
6030	Merriwa	WA	-31.6649	115.7127
6030	Mindarie	WA	-31.6893	115.707
6030	Quinns Rocks	WA	-31.6738	115.7037
6030	Ridgewood	WA	-31.6615	115.7226
6030	Clarkson	WA	-31.6828	115.7247
6031	Carramar	WA	-31.6902	115.7716
6031	Banksia Grove	WA	-31.6962	115.805
6031	Neerabup	WA	-31.6734	115.7517
6032	Nowergup	WA	-31.6371	115.7625
6033	Carabooda	WA	-31.6058	115.7144
6034	Eglinton	WA	-31.5868	115.6888
6035	Yanchep	WA	-31.5468	115.6317
6036	Jindalee	WA	-31.6494	115.695
6036	Butler	WA	-31.643	115.7043
6037	Two Rocks	WA	-31.4998	115.5874
6038	Alkimos	WA	-31.6304	115.6864
6061	Westminster	WA	-31.8674	115.8392
6061	Mirrabooka	WA	-31.8596	115.8659
6061	Nollamara	WA	-31.8802	115.8454
6061	Balga	WA	-31.855	115.8399
6064	Girrawheen	WA	-31.841	115.8398
6064	Alexander Heights	WA	-31.8276	115.865
6064	Marangaroo	WA	-31.8271	115.8384
6064	Koondoola	WA	-31.8415	115.8665
6065	Mariginiup	WA	-31.7111	115.8432
6065	Melaleuca	WA	-31.7225	115.9127
6065	Kingsway	WA	-31.7606	115.8402
6065	Pearsall	WA	-31.7812	115.8182
6065	Sinagra	WA	-31.7426	115.8063
6065	Landsdale	WA	-31.8075	115.866
6065	Wangara	WA	-31.7914	115.8203
6065	Gnangara	WA	-31.7761	115.8662
6065	Wangara Dc	WA	-31.7606	115.8402
6065	Tapping	WA	-31.7195	115.7956
6065	Lexia	WA	-31.7934	115.9215
6065	Hocking	WA	-31.7701	115.8183
6065	Jandabup	WA	-31.755	115.8607
6065	Ashby	WA	-31.7325	115.7977
6065	Madeley	WA	-31.8111	115.8281
6065	Pinjar	WA	-31.6936	115.8431
6065	Wanneroo	WA	-31.75	115.8
6065	Darch	WA	-31.8125	115.8458
6077	Gnangara	WA	-31.7761	115.8662
6077	Jandabup	WA	-31.755	115.8607
6078	Mariginiup	WA	-31.7111	115.8432
6078	Pinjar	WA	-31.6936	115.8431
6946	Wanneroo	WA	-31.75	115.8
6947	Wangara Dc	WA	-31.8496	115.8584
6211	Dawesville	WA	-32.6323	115.629
6211	Herron	WA	-32.7552	115.674
6211	Bouvard	WA	-32.682	115.623
6211	Clifton	WA	-32.7699	115.6321
6244	Mayanup	WA	-33.9355	116.4529
6244	Scotts Brook	WA	-33.9642	116.722
6244	Chowerup	WA	-34.0849	116.6746
6244	Trigwell	WA	-33.6277	116.5616
6244	Kulikup	WA	-33.8263	116.6771
6244	Boyup Brook	WA	-33.8343	116.3878
6244	Dinninup	WA	-33.8141	116.5368
6244	Tonebridge	WA	-34.2338	116.7073
6393	Duranillin	WA	-33.5159	116.8072
6393	Trigwell	WA	-33.6277	116.5616
6393	Moodiarrup	WA	-33.5725	116.8539
6393	Cordering	WA	-33.4971	116.6572
6421	Campion	WA	-31.0287	118.4893
6421	Burracoppin	WA	-31.3975	118.4815
6421	Warralakin	WA	-31.0167	118.6051
6421	South Burracoppin	WA	-31.5667	118.1167
6422	Walgoolan	WA	-31.3833	118.5667
6423	Warrachuppin	WA	-30.9951	118.7264
6423	Carrabin	WA	-31.3936	118.6719
6423	Westonia	WA	-31.3029	118.6962
6423	Boodarockin	WA	-31.0127	118.8046
6479	Lake Brown	WA	-30.95	118.3333
6479	Karloning	WA	-30.6306	118.1705
6479	Bonnie Rock	WA	-30.5408	118.3649
6479	Mukinbudin	WA	-30.9141	118.2078
6479	Dandanning	WA	-30.7622	118.2786
6479	Elachbutting	WA	-30.7622	118.2786
6479	Wilgoyne	WA	-30.7828	118.3868
6479	Mangowine	WA	-30.7622	118.2786
6479	Wattoning	WA	-30.7549	118.2081
6479	Barbalin	WA	-30.7622	118.2786
6312	Nomans Lake	WA	-33.0211	117.5153
6312	Boundain	WA	-32.95	117.3167
6312	Dumberning	WA	-33.0042	117.101
6312	Yilliminning	WA	-32.8994	117.3744
6312	Toolibin	WA	-32.946	117.6225
6312	Minigin	WA	-32.8785	117.0291
6312	Hillside	WA	-32.9513	117.2971
6312	Narrogin Valley	WA	-32.9783	117.2401
6312	Narrogin	WA	-32.9328	117.1776
6315	Wedgecarrup	WA	-33.4025	117.2022
6315	Piesseville	WA	-33.1909	117.2901
6315	Jaloran	WA	-33.15	117.4333
6315	Gundaring	WA	-33.2492	117.4152
6315	Wagin	WA	-33.3089	117.3433
6315	Ballaying	WA	-33.3064	117.5525
6315	Lime Lake	WA	-33.2492	117.4152
6315	Cancanning	WA	-33.1333	117.5667
6315	Minding	WA	-33.2492	117.4152
6315	Collanilling	WA	-33.2667	117.5
6315	Dongolocking	WA	-33.1333	117.8167
6315	Arthur River	WA	-33.351	117.0318
6361	Harrismith	WA	-32.9357	117.8609
6361	Tincurrin	WA	-32.9768	117.7739
6370	Gillimanning	WA	-32.7605	117.6333
6370	Malyalling	WA	-32.7	117.5333
6370	Wickepin	WA	-32.7816	117.503
6370	Kirk Rock	WA	-32.7605	117.6333
6370	Wogolin	WA	-32.7879	117.7848
6370	East Wickepin	WA	-32.7723	117.7119
6372	Kirk Rock	WA	-32.5921	117.6273
6372	Yealering	WA	-32.5921	117.6273
6392	Darkan	WA	-33.3357	116.7443
6392	Dardadine	WA	-33.2333	116.8333
6392	Bokal	WA	-33.4814	116.9005
6392	Meeking	WA	-33.3501	116.8261
6392	Boolading	WA	-33.3501	116.8261
6646	Little Sandy Desert	WA	-26.5921	120.224
6646	Lake Carnegie	WA	-26.5921	120.224
6646	Wiluna	WA	-26.5921	120.224
6466	Cadoux	WA	-30.7694	117.1328
6467	Burakin	WA	-30.5246	117.1769
6605	Kondut	WA	-30.7109	116.7732
6606	West Ballidu	WA	-30.6409	116.8351
6606	East Ballidu	WA	-30.6833	116.9
6606	East Damboring	WA	-30.6409	116.8351
6606	Ballidu	WA	-30.5984	116.7703
6316	Westwood	WA	-33.5082	117.4459
6316	Woodanilling	WA	-33.5667	117.4333
6316	Kenmare	WA	-33.5082	117.4459
6316	Boyerine	WA	-33.4879	117.3869
6316	Glencoe	WA	-33.5082	117.4459
6316	Cartmeticup	WA	-33.47	117.5175
6394	Beaufort River	WA	-33.7663	116.9437
6394	Orchid Valley	WA	-33.7663	116.9437
6394	Boscabel	WA	-33.6667	117.05
6394	Muradup	WA	-33.8333	116.9833
6394	Mokup	WA	-33.7663	116.9437
6394	Boilup	WA	-33.762	117.0183
6394	Qualeup	WA	-33.8333	116.8
6394	Changerup	WA	-33.736	116.8669
6463	Benjaberring	WA	-31.1389	117.2885
6485	Wyalkatchem	WA	-31.1806	117.3836
6485	Nalkain	WA	-31.0504	117.4197
6485	Nembudding	WA	-31.1949	117.5737
6485	Korrelocking	WA	-31.2037	117.4709
6485	Cowcowing	WA	-30.9983	117.4497
6770	Ord River	WA	-19.2717	127.4191
6770	Kundat Djaru	WA	-19.2717	127.4191
6770	Halls Creek	WA	-19.2717	127.4191
6770	Sturt Creek	WA	-19.2717	127.4191
6770	Tanami	WA	-20.145	127.9821
6770	Mueller Ranges	WA	-18.3983	126.8562
6770	Mcbeath	WA	-19.2717	127.4191
6770	Purnululu	WA	-19.2717	127.4191
6958	Royal Australian Navy Warships	WA	-32.0281	115.8272
6612	Wubin	WA	-30.1065	116.6332
6612	Paynes Find	WA	-29.2592	117.6893
6612	Jibberding	WA	-29.6829	117.1613
6612	Miamoon	WA	-29.6829	117.1613
6424	North Bodallin	WA	-31.1187	118.9239
6424	Bodallin	WA	-31.3766	118.8761
6424	South Bodallin	WA	-31.2476	118.9
6425	Moorine Rock	WA	-31.3208	119.1267
6425	Dulyalbin	WA	-31.3208	119.1267
6426	Yellowdine	WA	-31.2927	119.6532
6426	Mount Jackson	WA	-31.4829	119.4383
6426	Marvel Loch	WA	-31.4678	119.4873
6426	Ghooli	WA	-31.2618	119.4568
6426	Mount Holland	WA	-31.4829	119.4383
6426	Mount Hampton	WA	-31.4829	119.4383
6426	Skeleton Rock	WA	-31.4829	119.4383
6426	Turkey Hill	WA	-31.4829	119.4383
6426	Parker Range	WA	-31.8433	119.7834
6426	Corinthia	WA	-31.1171	119.234
6426	Mount Palmer	WA	-31.4062	119.6815
6426	Holleton	WA	-31.95	119.0333
6426	Southern Cross	WA	-31.2268	119.3238
6426	South Yilgarn	WA	-31.7806	119.2916
6427	Koolyanobbing	WA	-30.8212	119.5214
6484	Lake Deborah	WA	-30.9842	119.1085
6484	Ennuin	WA	-30.9842	119.1085
6484	Bullfinch	WA	-30.9842	119.1085
6556	Gorrie	WA	-31.8618	116.3083
6556	The Lakes	WA	-31.8745	116.3359
6556	Malmalling	WA	-31.8618	116.3083
6556	Beechina	WA	-31.85	116.3167
6556	Chidlow	WA	-31.8609	116.2724
